frame,phase,core_frame,scroll_y,present_ms,emulate_ms
1,1,224,0,27.834,5.698
1,2,224,0,29.403,5.698
1,3,224,0,33.125,5.698
1,4,224,0,37.190,5.698
2,1,225,0,41.373,5.862
2,2,225,0,45.512,5.862
2,3,225,0,49.776,5.862
2,4,225,0,53.873,5.862
3,1,226,0,58.126,5.869
3,2,226,0,62.063,5.869
3,3,226,0,66.452,5.869
3,4,226,0,70.606,5.869
4,1,227,0,74.572,6.770
4,2,227,0,78.663,6.770
4,3,227,0,82.998,6.770
4,4,227,0,87.041,6.770
5,1,228,0,91.212,6.321
5,2,228,0,95.434,6.321
5,3,228,0,99.630,6.321
5,4,228,0,103.741,6.321
6,1,229,0,107.943,6.293
6,2,229,0,112.064,6.293
6,3,229,0,116.427,6.293
6,4,229,0,120.394,6.293
7,1,230,0,124.588,6.378
7,2,230,0,128.730,6.378
7,3,230,0,133.030,6.378
7,4,230,0,137.158,6.378
8,1,231,0,141.231,6.313
8,2,231,0,145.483,6.313
8,3,231,0,149.612,6.313
8,4,231,0,153.812,6.313
9,1,232,0,157.946,6.307
9,2,232,0,162.115,6.307
9,3,232,0,166.277,6.307
9,4,232,0,170.465,6.307
10,1,233,0,174.683,6.004
10,2,233,0,178.723,6.004
10,3,233,0,182.968,6.004
10,4,233,0,187.001,6.004
11,1,234,0,191.225,6.431
11,2,234,0,195.402,6.431
11,3,234,0,199.600,6.431
11,4,234,0,203.887,6.431
12,1,235,0,207.928,6.148
12,2,235,0,212.147,6.148
12,3,235,0,216.276,6.148
12,4,235,0,220.502,6.148
13,1,236,0,224.662,6.234
13,2,236,0,228.704,6.234
13,3,236,0,233.027,6.234
13,4,236,0,237.057,6.234
14,1,237,0,241.256,5.656
14,2,237,0,245.387,5.656
14,3,237,0,249.544,5.656
14,4,237,0,253.787,5.656
15,1,238,0,257.877,6.028
15,2,238,0,262.103,6.028
15,3,238,0,266.347,6.028
15,4,238,0,270.368,6.028
16,1,239,0,274.574,5.976
16,2,239,0,278.763,5.976
16,3,239,0,283.010,5.976
16,4,239,0,287.028,5.976
17,1,240,0,291.211,6.090
17,2,240,0,295.501,6.090
17,3,240,0,299.603,6.090
17,4,240,0,303.806,6.090
18,1,241,0,307.935,5.771
18,2,241,0,312.620,5.771
18,3,241,0,316.412,5.771
18,4,241,0,320.522,5.771
19,1,242,0,324.650,6.221
19,2,242,0,328.908,6.221
19,3,242,0,333.031,6.221
19,4,242,0,337.083,6.221
20,1,243,0,341.293,5.577
20,2,243,0,345.410,5.577
20,3,243,0,349.704,5.577
20,4,243,0,353.785,5.577
21,1,244,0,357.896,6.244
21,2,244,0,362.218,6.244
21,3,244,0,366.351,6.244
21,4,244,0,370.515,6.244
22,1,245,0,374.636,6.450
22,2,245,0,378.691,6.450
22,3,245,0,383.075,6.450
22,4,245,0,387.165,6.450
23,1,246,0,391.741,6.297
23,2,246,0,395.907,6.297
23,3,246,0,399.915,6.297
23,4,246,0,403.916,6.297
24,1,247,0,408.095,5.702
24,2,247,0,412.260,5.702
24,3,247,0,416.477,5.702
24,4,247,0,420.633,5.702
25,1,248,0,424.703,6.471
25,2,248,0,429.063,6.471
25,3,248,0,433.018,6.471
25,4,248,0,437.380,6.471
26,1,249,0,441.552,6.414
26,2,249,0,445.560,6.414
26,3,249,0,449.981,6.414
26,4,249,0,454.003,6.414
27,1,250,0,458.208,6.537
27,2,250,0,462.284,6.537
27,3,250,0,466.407,6.537
27,4,250,0,470.794,6.537
28,1,251,0,475.148,6.505
28,2,251,0,479.155,6.505
28,3,251,0,483.225,6.505
28,4,251,0,487.190,6.505
29,1,252,0,491.401,5.928
29,2,252,0,495.433,5.928
29,3,252,0,499.631,5.928
29,4,252,0,503.958,5.928
30,1,253,0,508.007,6.507
30,2,253,0,512.212,6.507
30,3,253,0,516.276,6.507
30,4,253,0,520.523,6.507
31,1,254,0,524.606,6.129
31,2,254,0,528.743,6.129
31,3,254,0,533.025,6.129
31,4,254,0,537.058,6.129
32,1,255,0,541.300,6.425
32,2,255,0,545.698,6.425
32,3,255,0,550.172,6.425
32,4,255,0,554.011,6.425
33,1,256,0,558.146,5.846
33,2,256,0,562.349,5.846
33,3,256,0,566.999,5.846
33,4,256,0,570.801,5.846
34,1,257,0,574.901,6.911
34,2,257,0,578.974,6.911
34,3,257,0,583.093,6.911
34,4,257,0,587.234,6.911
35,1,258,0,591.394,6.144
35,2,258,0,595.491,6.144
35,3,258,0,599.617,6.144
35,4,258,0,603.872,6.144
36,1,259,0,608.066,6.514
36,2,259,0,612.203,6.514
36,3,259,0,616.302,6.514
36,4,259,0,620.431,6.514
37,1,260,0,624.619,5.798
37,2,260,0,628.883,5.798
37,3,260,0,633.079,5.798
37,4,260,0,637.140,5.798
38,1,261,0,641.186,6.324
38,2,261,0,645.365,6.324
38,3,261,0,649.595,6.324
38,4,261,0,653.642,6.324
39,1,262,0,658.163,6.288
39,2,262,0,661.983,6.288
39,3,262,0,666.264,6.288
39,4,262,0,670.439,6.288
40,1,263,0,674.548,6.302
40,2,263,0,678.946,6.302
40,3,263,0,682.888,6.302
40,4,263,0,687.084,6.302
41,1,264,0,691.195,6.201
41,2,264,0,695.426,6.201
41,3,264,0,699.576,6.201
41,4,264,0,703.607,6.201
42,1,265,0,707.897,6.124
42,2,265,0,712.267,6.124
42,3,265,0,716.241,6.124
42,4,265,0,720.331,6.124
43,1,266,0,724.499,5.604
43,2,266,0,728.744,5.604
43,3,266,0,732.842,5.604
43,4,266,0,737.011,5.604
44,1,267,0,741.155,6.083
44,2,267,0,745.325,6.083
44,3,267,0,749.489,6.083
44,4,267,0,753.599,6.083
45,1,268,0,757.864,6.102
45,2,268,0,762.044,6.102
45,3,268,0,766.227,6.102
45,4,268,0,770.372,6.102
46,1,269,0,774.725,6.310
46,2,269,0,778.708,6.310
46,3,269,0,782.889,6.310
46,4,269,0,787.029,6.310
47,1,270,0,791.333,6.232
47,2,270,0,795.441,6.232
47,3,270,0,799.592,6.232
47,4,270,0,803.738,6.232
48,1,271,0,807.890,5.872
48,2,271,0,812.083,5.872
48,3,271,0,816.300,5.872
48,4,271,0,820.446,5.872
49,1,272,0,824.918,6.512
49,2,272,0,828.776,6.512
49,3,272,0,833.047,6.512
49,4,272,0,837.145,6.512
50,1,273,0,841.338,5.970
50,2,273,0,845.508,5.970
50,3,273,0,849.849,5.970
50,4,273,0,853.875,5.970
51,1,274,0,858.047,6.458
51,2,274,0,862.122,6.458
51,3,274,0,866.283,6.458
51,4,274,0,870.342,6.458
52,1,275,0,874.612,5.934
52,2,275,0,878.751,5.934
52,3,275,0,882.942,5.934
52,4,275,0,887.118,5.934
53,1,276,0,891.121,6.862
53,2,276,0,895.392,6.862
53,3,276,0,899.573,6.862
53,4,276,0,903.677,6.862
54,1,277,0,907.871,6.197
54,2,277,0,911.990,6.197
54,3,277,0,916.321,6.197
54,4,277,0,920.405,6.197
55,1,278,0,924.599,6.256
55,2,278,0,928.724,6.256
55,3,278,0,932.942,6.256
55,4,278,0,937.079,6.256
56,1,279,0,941.220,6.048
56,2,279,0,945.433,6.048
56,3,279,0,949.605,6.048
56,4,279,0,953.616,6.048
57,1,280,0,957.872,6.190
57,2,280,0,962.058,6.190
57,3,280,0,966.194,6.190
57,4,280,0,970.450,6.190
58,1,281,0,974.433,6.504
58,2,281,0,978.691,6.504
58,3,281,0,982.898,6.504
58,4,281,0,987.014,6.504
59,1,282,0,991.173,6.153
59,2,282,0,995.296,6.153
59,3,282,0,999.461,6.153
59,4,282,0,1003.664,6.153
60,1,283,0,1007.769,6.392
60,2,283,0,1011.955,6.392
60,3,283,0,1016.091,6.392
60,4,283,0,1020.294,6.392
61,1,284,0,1024.445,6.177
61,2,284,0,1028.670,6.177
61,3,284,0,1032.964,6.177
61,4,284,0,1037.025,6.177
62,1,285,0,1041.232,6.120
62,2,285,0,1045.478,6.120
62,3,285,0,1049.549,6.120
62,4,285,0,1053.662,6.120
63,1,286,0,1057.773,5.939
63,2,286,0,1062.013,5.939
63,3,286,0,1066.208,5.939
63,4,286,0,1070.394,5.939
64,1,287,0,1074.496,5.501
64,2,287,0,1079.268,5.501
64,3,287,0,1083.191,5.501
64,4,287,0,1087.201,5.501
65,1,288,0,1091.316,5.614
65,2,288,0,1095.463,5.614
65,3,288,0,1099.625,5.614
65,4,288,0,1103.783,5.614
66,1,289,0,1107.876,5.923
66,2,289,0,1112.045,5.923
66,3,289,0,1116.249,5.923
66,4,289,0,1120.432,5.923
67,1,290,0,1124.494,6.465
67,2,290,0,1128.695,6.465
67,3,290,0,1133.024,6.465
67,4,290,0,1137.126,6.465
68,1,291,0,1141.246,6.264
68,2,291,0,1145.463,6.264
68,3,291,0,1149.514,6.264
68,4,291,0,1153.593,6.264
69,1,292,0,1157.814,6.147
69,2,292,0,1162.032,6.147
69,3,292,0,1166.063,6.147
69,4,292,0,1170.264,6.147
70,1,293,0,1174.497,5.477
70,2,293,0,1178.687,5.477
70,3,293,0,1182.824,5.477
70,4,293,0,1186.879,5.477
71,1,294,0,1191.061,5.801
71,2,294,0,1195.288,5.801
71,3,294,0,1199.476,5.801
71,4,294,0,1203.508,5.801
72,1,295,0,1207.802,5.685
72,2,295,0,1211.962,5.685
72,3,295,0,1216.103,5.685
72,4,295,0,1220.214,5.685
73,1,296,0,1224.512,5.555
73,2,296,0,1228.671,5.555
73,3,296,0,1232.713,5.555
73,4,296,0,1236.947,5.555
74,1,297,0,1241.040,5.804
74,2,297,0,1245.310,5.804
74,3,297,0,1249.474,5.804
74,4,297,0,1253.545,5.804
75,1,298,0,1257.917,5.578
75,2,298,0,1262.042,5.578
75,3,298,0,1266.155,5.578
75,4,298,0,1270.386,5.578
76,1,299,0,1275.232,5.648
76,2,299,0,1278.672,5.648
76,3,299,0,1282.911,5.648
76,4,299,0,1287.044,5.648
77,1,300,0,1291.206,5.859
77,2,300,0,1295.329,5.859
77,3,300,0,1299.425,5.859
77,4,300,0,1303.540,5.859
78,1,301,0,1307.800,5.719
78,2,301,0,1311.871,5.719
78,3,301,0,1316.202,5.719
78,4,301,0,1320.273,5.719
79,1,302,0,1324.417,5.508
79,2,302,0,1328.658,5.508
79,3,302,0,1332.867,5.508
79,4,302,0,1337.010,5.508
80,1,303,0,1341.053,5.509
80,2,303,0,1345.316,5.509
80,3,303,0,1349.468,5.509
80,4,303,0,1353.561,5.509
81,1,304,0,1357.776,5.979
81,2,304,0,1362.055,5.979
81,3,304,0,1366.045,5.979
81,4,304,0,1370.304,5.979
82,1,305,0,1374.382,6.252
82,2,305,0,1378.640,6.252
82,3,305,0,1382.776,6.252
82,4,305,0,1386.997,6.252
83,1,306,0,1391.023,6.099
83,2,306,0,1395.302,6.099
83,3,306,0,1399.455,6.099
83,4,306,0,1403.570,6.099
84,1,307,0,1407.765,6.095
84,2,307,0,1411.997,6.095
84,3,307,0,1416.170,6.095
84,4,307,0,1420.334,6.095
85,1,308,0,1424.393,6.189
85,2,308,0,1428.572,6.189
85,3,308,0,1432.830,6.189
85,4,308,0,1437.002,6.189
86,1,309,0,1441.200,5.762
86,2,309,0,1445.276,5.762
86,3,309,0,1449.524,5.762
86,4,309,0,1453.563,5.762
87,1,310,0,1457.847,5.808
87,2,310,0,1462.397,5.808
87,3,310,0,1466.115,5.808
87,4,310,0,1470.301,5.808
88,1,311,0,1474.510,5.669
88,2,311,0,1478.551,5.669
88,3,311,0,1482.778,5.669
88,4,311,0,1486.909,5.669
89,1,312,0,1491.187,5.848
89,2,312,0,1495.389,5.848
89,3,312,0,1499.428,5.848
89,4,312,0,1503.571,5.848
90,1,313,0,1507.760,5.509
90,2,313,0,1511.983,5.509
90,3,313,0,1516.151,5.509
90,4,313,0,1520.214,5.509
91,1,314,0,1524.488,5.792
91,2,314,0,1528.575,5.792
91,3,314,0,1532.708,5.792
91,4,314,0,1536.976,5.792
92,1,315,0,1541.166,5.712
92,2,315,0,1545.336,5.712
92,3,315,0,1549.447,5.712
92,4,315,0,1553.710,5.712
93,1,316,0,1557.911,5.761
93,2,316,0,1562.046,5.761
93,3,316,0,1566.186,5.761
93,4,316,0,1570.281,5.761
94,1,317,0,1574.709,5.862
94,2,317,0,1579.521,5.862
94,3,317,0,1583.341,5.862
94,4,317,0,1587.499,5.862
95,1,318,0,1591.486,5.869
95,2,318,0,1595.823,5.869
95,3,318,0,1599.549,5.869
95,4,318,0,1603.661,5.869
96,1,319,0,1607.835,6.104
96,2,319,0,1612.669,6.104
96,3,319,0,1616.484,6.104
96,4,319,0,1620.525,6.104
97,1,320,0,1624.710,6.238
97,2,320,0,1628.880,6.238
97,3,320,0,1633.020,6.238
97,4,320,0,1637.154,6.238
98,1,321,0,1641.331,5.946
98,2,321,0,1645.490,5.946
98,3,321,0,1649.641,5.946
98,4,321,0,1653.743,5.946
99,1,322,0,1657.971,6.026
99,2,322,0,1661.981,6.026
99,3,322,0,1666.277,6.026
99,4,322,0,1670.345,6.026
100,1,323,0,1674.421,5.820
100,2,323,0,1678.669,5.820
100,3,323,0,1682.935,5.820
100,4,323,0,1687.132,5.820
101,1,324,0,1691.159,5.769
101,2,324,0,1695.394,5.769
101,3,324,0,1699.535,5.769
101,4,324,0,1703.615,5.769
102,1,325,0,1707.878,5.691
102,2,325,0,1712.003,5.691
102,3,325,0,1716.153,5.691
102,4,325,0,1720.453,5.691
103,1,326,0,1724.420,6.006
103,2,326,0,1728.608,6.006
103,3,326,0,1732.845,6.006
103,4,326,0,1736.977,6.006
104,1,327,0,1741.136,6.308
104,2,327,0,1745.234,6.308
104,3,327,0,1749.501,6.308
104,4,327,0,1753.499,6.308
105,1,328,0,1757.662,5.995
105,2,328,0,1761.780,5.995
105,3,328,0,1766.004,5.995
105,4,328,0,1770.208,5.995
106,1,329,0,1774.405,5.932
106,2,329,0,1778.432,5.932
106,3,329,0,1782.694,5.932
106,4,329,0,1786.763,5.932
107,1,330,0,1791.054,5.387
107,2,330,0,1795.116,5.387
107,3,330,0,1799.266,5.387
107,4,330,0,1803.414,5.387
108,1,331,0,1807.614,5.458
108,2,331,0,1812.112,5.458
108,3,331,0,1816.114,5.458
108,4,331,0,1820.236,5.458
109,1,332,0,1824.419,5.369
109,2,332,0,1828.572,5.369
109,3,332,0,1832.765,5.369
109,4,332,0,1836.907,5.369
110,1,333,0,1840.996,5.554
110,2,333,0,1845.316,5.554
110,3,333,0,1849.437,5.554
110,4,333,0,1853.526,5.554
111,1,334,0,1857.769,5.663
111,2,334,0,1861.827,5.663
111,3,334,0,1866.087,5.663
111,4,334,0,1870.159,5.663
112,1,335,0,1874.344,6.132
112,2,335,0,1878.441,6.132
112,3,335,0,1882.747,6.132
112,4,335,0,1886.937,6.132
113,1,336,0,1891.028,6.112
113,2,336,0,1895.257,6.112
113,3,336,0,1899.418,6.112
113,4,336,0,1903.464,6.112
114,1,337,0,1907.722,6.065
114,2,337,0,1911.822,6.065
114,3,337,0,1916.081,6.065
114,4,337,0,1920.217,6.065
115,1,338,0,1924.272,5.475
115,2,338,0,1928.453,5.475
115,3,338,0,1932.596,5.475
115,4,338,0,1937.024,5.475
116,1,339,0,1940.928,5.474
116,2,339,0,1945.147,5.474
116,3,339,0,1949.357,5.474
116,4,339,0,1953.496,5.474
117,1,340,0,1957.659,5.553
117,2,340,0,1961.942,5.553
117,3,340,0,1966.064,5.553
117,4,340,0,1970.214,5.553
118,1,341,0,1974.279,5.564
118,2,341,0,1978.419,5.564
118,3,341,0,1982.812,5.564
118,4,341,0,1986.803,5.564
119,1,342,0,1990.959,5.977
119,2,342,0,1995.138,5.977
119,3,342,0,1999.438,5.977
119,4,342,0,2003.431,5.977
120,1,343,0,2007.715,5.320
120,2,343,0,2011.773,5.320
120,3,343,0,2016.003,5.320
120,4,343,0,2020.105,5.320
121,1,344,0,2024.409,5.498
121,2,344,0,2028.434,5.498
121,3,344,0,2032.836,5.498
121,4,344,0,2037.094,5.498
122,1,345,0,2041.001,5.431
122,2,345,0,2045.231,5.431
122,3,345,0,2049.410,5.431
122,4,345,0,2053.557,5.431
123,1,346,0,2057.700,6.040
123,2,346,0,2061.808,6.040
123,3,346,0,2065.957,6.040
123,4,346,0,2070.240,6.040
124,1,347,0,2074.253,5.298
124,2,347,0,2078.447,5.298
124,3,347,0,2082.649,5.298
124,4,347,0,2086.773,5.298
125,1,348,0,2090.925,5.689
125,2,348,0,2095.208,5.689
125,3,348,0,2099.380,5.689
125,4,348,0,2103.520,5.689
126,1,349,0,2107.657,5.625
126,2,349,0,2112.458,5.625
126,3,349,0,2116.310,5.625
126,4,349,0,2120.534,5.625
127,1,350,0,2124.987,6.098
127,2,350,0,2129.012,6.098
127,3,350,0,2133.387,6.098
127,4,350,0,2137.393,6.098
128,1,351,0,2141.471,5.961
128,2,351,0,2145.597,5.961
128,3,351,0,2149.631,5.961
128,4,351,0,2153.837,5.961
129,1,352,0,2157.911,6.649
129,2,352,0,2161.928,6.649
129,3,352,0,2166.174,6.649
129,4,352,0,2170.301,6.649
130,1,353,0,2174.733,5.798
130,2,353,0,2178.718,5.798
130,3,353,0,2182.865,5.798
130,4,353,0,2186.914,5.798
131,1,354,0,2191.038,6.782
131,2,354,0,2195.198,6.782
131,3,354,0,2199.348,6.782
131,4,354,0,2203.603,6.782
132,1,355,0,2207.860,6.125
132,2,355,0,2211.864,6.125
132,3,355,0,2215.988,6.125
132,4,355,0,2220.280,6.125
133,1,356,0,2224.574,5.548
133,2,356,0,2228.976,5.548
133,3,356,0,2233.307,5.548
133,4,356,0,2237.243,5.548
134,1,357,0,2241.379,5.863
134,2,357,0,2245.488,5.863
134,3,357,0,2249.544,5.863
134,4,357,0,2253.823,5.863
135,1,358,0,2257.955,5.863
135,2,358,0,2262.175,5.863
135,3,358,0,2266.156,5.863
135,4,358,0,2270.383,5.863
136,1,359,0,2274.580,5.880
136,2,359,0,2278.574,5.880
136,3,359,0,2282.892,5.880
136,4,359,0,2286.837,5.880
137,1,360,0,2291.054,5.391
137,2,360,0,2295.191,5.391
137,3,360,0,2299.383,5.391
137,4,360,0,2303.695,5.391
138,1,361,0,2307.721,5.451
138,2,361,0,2311.909,5.451
138,3,361,0,2316.146,5.451
138,4,361,0,2320.165,5.451
139,1,362,0,2324.292,5.421
139,2,362,0,2328.455,5.421
139,3,362,0,2332.799,5.421
139,4,362,0,2336.853,5.421
140,1,363,0,2341.004,5.832
140,2,363,0,2345.157,5.832
140,3,363,0,2349.277,5.832
140,4,363,0,2353.573,5.832
141,1,364,0,2357.654,6.045
141,2,364,0,2361.840,6.045
141,3,364,0,2365.951,6.045
141,4,364,0,2370.120,6.045
142,1,365,0,2374.309,5.373
142,2,365,0,2378.448,5.373
142,3,365,0,2382.612,5.373
142,4,365,0,2386.773,5.373
143,1,366,0,2391.351,5.434
143,2,366,0,2395.209,5.434
143,3,366,0,2399.401,5.434
143,4,366,0,2403.445,5.434
144,1,367,0,2407.845,5.560
144,2,367,0,2411.795,5.560
144,3,367,0,2416.112,5.560
144,4,367,0,2420.153,5.560
145,1,368,0,2424.374,5.485
145,2,368,0,2428.453,5.485
145,3,368,0,2432.780,5.485
145,4,368,0,2436.916,5.485
146,1,369,0,2440.937,5.764
146,2,369,0,2445.129,5.764
146,3,369,0,2449.298,5.764
146,4,369,0,2453.661,5.764
147,1,370,0,2457.650,6.086
147,2,370,0,2461.823,6.086
147,3,370,0,2465.954,6.086
147,4,370,0,2470.264,6.086
148,1,371,0,2474.302,6.084
148,2,371,0,2478.423,6.084
148,3,371,0,2482.606,6.084
148,4,371,0,2486.829,6.084
149,1,372,0,2491.104,5.921
149,2,372,0,2495.131,5.921
149,3,372,0,2499.363,5.921
149,4,372,0,2503.443,5.921
150,1,373,0,2507.681,5.902
150,2,373,0,2511.771,5.902
150,3,373,0,2516.012,5.902
150,4,373,0,2520.301,5.902
151,1,374,0,2524.413,5.361
151,2,374,0,2528.459,5.361
151,3,374,0,2532.682,5.361
151,4,374,0,2536.790,5.361
152,1,375,0,2540.974,5.442
152,2,375,0,2545.141,5.442
152,3,375,0,2549.284,5.442
152,4,375,0,2553.444,5.442
153,1,376,0,2557.630,6.092
153,2,376,0,2562.067,6.092
153,3,376,0,2566.108,6.092
153,4,376,0,2570.159,6.092
154,1,377,0,2574.310,6.008
154,2,377,0,2578.638,6.008
154,3,377,0,2582.689,6.008
154,4,377,0,2586.835,6.008
155,1,378,0,2591.041,5.420
155,2,378,0,2595.182,5.420
155,3,378,0,2599.294,5.420
155,4,378,0,2603.451,5.420
156,1,379,0,2607.660,5.640
156,2,379,0,2611.847,5.640
156,3,379,0,2615.990,5.640
156,4,379,0,2620.135,5.640
157,1,380,0,2624.338,5.559
157,2,380,0,2628.504,5.559
157,3,380,0,2632.656,5.559
157,4,380,0,2636.850,5.559
158,1,381,0,2640.970,5.672
158,2,381,0,2645.179,5.672
158,3,381,0,2649.357,5.672
158,4,381,0,2653.463,5.672
159,1,382,0,2657.620,5.807
159,2,382,0,2661.827,5.807
159,3,382,0,2665.961,5.807
159,4,382,0,2670.119,5.807
160,1,383,0,2674.284,5.431
160,2,383,0,2678.448,5.431
160,3,383,0,2682.600,5.431
160,4,383,0,2686.770,5.431
161,1,384,0,2690.945,5.463
161,2,384,0,2695.119,5.463
161,3,384,0,2699.283,5.463
161,4,384,0,2703.467,5.463
162,1,385,0,2707.625,5.953
162,2,385,0,2712.230,5.953
162,3,385,0,2715.974,5.953
162,4,385,0,2720.279,5.953
163,1,386,0,2724.303,5.358
163,2,386,0,2728.432,5.358
163,3,386,0,2732.612,5.358
163,4,386,0,2736.804,5.358
164,1,387,0,2740.965,5.999
164,2,387,0,2745.137,5.999
164,3,387,0,2749.272,5.999
164,4,387,0,2753.437,5.999
165,1,388,0,2757.621,5.344
165,2,388,0,2761.764,5.344
165,3,388,0,2765.994,5.344
165,4,388,0,2770.140,5.344
166,1,389,0,2774.297,5.680
166,2,389,0,2778.443,5.680
166,3,389,0,2782.657,5.680
166,4,389,0,2786.767,5.680
167,1,390,0,2790.962,5.292
167,2,390,0,2795.124,5.292
167,3,390,0,2799.320,5.292
167,4,390,0,2803.442,5.292
168,1,391,0,2807.622,5.351
168,2,391,0,2812.176,5.351
168,3,391,0,2816.349,5.351
168,4,391,0,2820.359,5.351
169,1,392,0,2824.570,5.323
169,2,392,0,2828.734,5.323
169,3,392,0,2832.879,5.323
169,4,392,0,2836.915,5.323
170,1,393,0,2841.082,5.837
170,2,393,0,2845.422,5.837
170,3,393,0,2849.544,5.837
170,4,393,0,2853.605,5.837
171,1,394,0,2857.742,5.362
171,2,394,0,2861.914,5.362
171,3,394,0,2866.059,5.362
171,4,394,0,2870.198,5.362
172,1,395,0,2874.505,6.166
172,2,395,0,2878.574,6.166
172,3,395,0,2882.677,6.166
172,4,395,0,2886.828,6.166
173,1,396,0,2891.008,5.748
173,2,396,0,2895.190,5.748
173,3,396,0,2899.348,5.748
173,4,396,0,2903.477,5.748
174,1,397,0,2907.696,5.426
174,2,397,0,2911.851,5.426
174,3,397,0,2915.974,5.426
174,4,397,0,2920.129,5.426
175,1,398,0,2924.327,5.538
175,2,398,0,2928.451,5.538
175,3,398,0,2932.628,5.538
175,4,398,0,2936.757,5.538
176,1,399,0,2940.948,5.731
176,2,399,0,2945.115,5.731
176,3,399,0,2949.276,5.731
176,4,399,0,2953.437,5.731
177,1,400,0,2957.916,5.831
177,2,400,0,2962.768,5.831
177,3,400,0,2966.346,5.831
177,4,400,0,2970.863,5.831
178,1,401,0,2975.146,5.881
178,2,401,0,2979.286,5.881
178,3,401,0,2983.533,5.881
178,4,401,0,2987.748,5.881
179,1,402,0,2991.483,5.984
179,2,402,0,2995.723,5.984
179,3,402,0,2999.799,5.984
179,4,402,0,3004.167,5.984
180,1,403,0,3008.209,6.161
180,2,403,0,3012.213,6.161
180,3,403,0,3016.865,6.161
180,4,403,0,3020.673,6.161
181,1,404,0,3024.809,6.256
181,2,404,0,3029.007,6.256
181,3,404,0,3033.198,6.256
181,4,404,0,3037.313,6.256
182,1,405,0,3041.686,5.926
182,2,405,0,3045.637,5.926
182,3,405,0,3049.824,5.926
182,4,405,0,3053.941,5.926
183,1,406,0,3058.126,6.080
183,2,406,0,3062.296,6.080
183,3,406,0,3066.515,6.080
183,4,406,0,3070.582,6.080
184,1,407,0,3074.577,6.160
184,2,407,0,3078.867,6.160
184,3,407,0,3083.010,6.160
184,4,407,0,3087.142,6.160
185,1,408,0,3091.263,5.990
185,2,408,0,3095.411,5.990
185,3,408,0,3099.519,5.990
185,4,408,0,3103.544,5.990
186,1,409,0,3107.820,6.490
186,2,409,0,3112.018,6.490
186,3,409,0,3116.124,6.490
186,4,409,0,3120.337,6.490
187,1,410,0,3124.385,5.897
187,2,410,0,3128.541,5.897
187,3,410,0,3132.647,5.897
187,4,410,0,3136.801,5.897
188,1,411,0,3141.025,5.511
188,2,411,0,3145.216,5.511
188,3,411,0,3149.345,5.511
188,4,411,0,3153.447,5.511
189,1,412,0,3157.617,5.957
189,2,412,0,3161.763,5.957
189,3,412,0,3165.963,5.957
189,4,412,0,3170.125,5.957
190,1,413,0,3174.369,5.912
190,2,413,0,3178.508,5.912
190,3,413,0,3182.649,5.912
190,4,413,0,3186.769,5.912
191,1,414,0,3190.975,5.625
191,2,414,0,3195.102,5.625
191,3,414,0,3199.271,5.625
191,4,414,0,3203.430,5.625
192,1,415,0,3207.633,6.012
192,2,415,0,3211.811,6.012
192,3,415,0,3215.955,6.012
192,4,415,0,3220.571,6.012
193,1,416,0,3224.277,5.663
193,2,416,0,3228.453,5.663
193,3,416,0,3232.600,5.663
193,4,416,0,3236.835,5.663
194,1,417,0,3240.966,5.740
194,2,417,0,3245.129,5.740
194,3,417,0,3249.267,5.740
194,4,417,0,3253.473,5.740
195,1,418,0,3257.604,5.574
195,2,418,0,3261.752,5.574
195,3,418,0,3265.932,5.574
195,4,418,0,3270.162,5.574
196,1,419,0,3274.378,5.814
196,2,419,0,3278.467,5.814
196,3,419,0,3282.622,5.814
196,4,419,0,3286.772,5.814
197,1,420,0,3290.966,5.530
197,2,420,0,3295.144,5.530
197,3,420,0,3299.322,5.530
197,4,420,0,3303.429,5.530
198,1,421,0,3307.604,5.527
198,2,421,0,3311.823,5.527
198,3,421,0,3315.998,5.527
198,4,421,0,3320.102,5.527
199,1,422,0,3324.297,5.553
199,2,422,0,3328.449,5.553
199,3,422,0,3332.651,5.553
199,4,422,0,3336.783,5.553
200,1,423,0,3340.997,5.553
200,2,423,0,3345.161,5.553
200,3,423,0,3349.440,5.553
200,4,423,0,3353.526,5.553
201,1,424,0,3357.656,5.459
201,2,424,0,3362.024,5.459
201,3,424,0,3365.981,5.459
201,4,424,0,3370.151,5.459
202,1,425,0,3374.285,5.827
202,2,425,0,3378.490,5.827
202,3,425,0,3382.630,5.827
202,4,425,0,3386.764,5.827
203,1,426,0,3390.958,5.449
203,2,426,0,3395.151,5.449
203,3,426,0,3399.281,5.449
203,4,426,0,3403.422,5.449
204,1,427,0,3407.611,6.125
204,2,427,0,3411.826,6.125
204,3,427,0,3415.939,6.125
204,4,427,0,3420.103,6.125
205,1,428,0,3424.290,5.497
205,2,428,0,3428.445,5.497
205,3,428,0,3432.602,5.497
205,4,428,0,3436.768,5.497
206,1,429,0,3441.170,5.503
206,2,429,0,3445.315,5.503
206,3,429,0,3449.262,5.503
206,4,429,0,3453.442,5.503
207,1,430,0,3457.687,5.727
207,2,430,0,3461.871,5.727
207,3,430,0,3466.002,5.727
207,4,430,0,3470.188,5.727
208,1,431,0,3474.269,5.622
208,2,431,0,3478.432,5.622
208,3,431,0,3482.631,5.622
208,4,431,0,3486.795,5.622
209,1,432,0,3490.966,6.134
209,2,432,0,3495.100,6.134
209,3,432,0,3499.269,6.134
209,4,432,0,3503.588,6.134
210,1,433,0,3507.600,6.227
210,2,433,0,3511.831,6.227
210,3,433,0,3515.952,6.227
210,4,433,0,3520.160,6.227
211,1,434,0,3524.304,6.265
211,2,434,0,3528.446,6.265
211,3,434,0,3532.610,6.265
211,4,434,0,3537.005,6.265
212,1,435,0,3541.008,6.035
212,2,435,0,3545.181,6.035
212,3,435,0,3549.269,6.035
212,4,435,0,3553.453,6.035
213,1,436,0,3557.625,5.965
213,2,436,0,3561.789,5.965
213,3,436,0,3566.018,5.965
213,4,436,0,3570.430,5.965
214,1,437,0,3574.315,5.416
214,2,437,0,3578.432,5.416
214,3,437,0,3582.756,5.416
214,4,437,0,3587.536,5.416
215,1,438,0,3591.213,6.083
215,2,438,0,3595.336,6.083
215,3,438,0,3599.502,6.083
215,4,438,0,3603.705,6.083
216,1,439,0,3607.849,5.996
216,2,439,0,3612.571,5.996
216,3,439,0,3616.061,5.996
216,4,439,0,3620.251,5.996
217,1,440,0,3624.278,6.785
217,2,440,0,3628.488,6.785
217,3,440,0,3632.642,6.785
217,4,440,0,3636.931,6.785
218,1,441,0,3641.021,6.371
218,2,441,0,3645.314,6.371
218,3,441,0,3649.318,6.371
218,4,441,0,3653.446,6.371
219,1,442,0,3657.611,5.540
219,2,442,0,3661.914,5.540
219,3,442,0,3665.944,5.540
219,4,442,0,3670.149,5.540
220,1,443,0,3674.296,5.508
220,2,443,0,3678.454,5.508
220,3,443,0,3682.617,5.508
220,4,443,0,3686.749,5.508
221,1,444,0,3691.011,5.577
221,2,444,0,3695.126,5.577
221,3,444,0,3699.328,5.577
221,4,444,0,3703.449,5.577
222,1,445,0,3707.624,5.533
222,2,445,0,3712.019,5.533
222,3,445,0,3715.992,5.533
222,4,445,0,3720.161,5.533
223,1,446,0,3724.275,5.851
223,2,446,0,3728.434,5.851
223,3,446,0,3732.624,5.851
223,4,446,0,3736.906,5.851
224,1,447,0,3740.999,6.375
224,2,447,0,3745.308,6.375
224,3,447,0,3749.291,6.375
224,4,447,0,3753.490,6.375
225,1,448,0,3757.609,5.798
225,2,448,0,3761.767,5.798
225,3,448,0,3765.936,5.798
225,4,448,0,3770.159,5.798
226,1,449,0,3774.354,5.617
226,2,449,0,3778.512,5.617
226,3,449,0,3782.695,5.617
226,4,449,0,3786.883,5.617
227,1,450,0,3791.057,5.876
227,2,450,0,3795.274,5.876
227,3,450,0,3799.297,5.876
227,4,450,0,3803.475,5.876
228,1,451,0,3807.645,5.628
228,2,451,0,3811.903,5.628
228,3,451,0,3815.966,5.628
228,4,451,0,3820.179,5.628
229,1,452,0,3824.333,5.573
229,2,452,0,3828.505,5.573
229,3,452,0,3832.733,5.573
229,4,452,0,3836.885,5.573
230,1,453,0,3841.023,5.818
230,2,453,0,3845.283,5.818
230,3,453,0,3849.485,5.818
230,4,453,0,3853.722,5.818
231,1,454,0,3857.709,6.360
231,2,454,0,3862.477,6.360
231,3,454,0,3866.125,6.360
231,4,454,0,3870.376,6.360
232,1,455,0,3875.094,6.131
232,2,455,0,3878.539,6.131
232,3,455,0,3882.743,6.131
232,4,455,0,3886.979,6.131
233,1,456,0,3891.014,5.974
233,2,456,0,3895.232,5.974
233,3,456,0,3899.340,5.974
233,4,456,0,3903.470,5.974
234,1,457,0,3907.643,5.538
234,2,457,0,3911.821,5.538
234,3,457,0,3915.966,5.538
234,4,457,0,3920.124,5.538
235,1,458,0,3924.275,5.853
235,2,458,0,3928.460,5.853
235,3,458,0,3932.718,5.853
235,4,458,0,3937.219,5.853
236,1,459,0,3941.423,5.720
236,2,459,0,3945.160,5.720
236,3,459,0,3949.343,5.720
236,4,459,0,3953.498,5.720
237,1,460,0,3957.662,5.867
237,2,460,0,3961.825,5.867
237,3,460,0,3966.052,5.867
237,4,460,0,3970.154,5.867
238,1,461,0,3974.380,6.189
238,2,461,0,3978.526,6.189
238,3,461,0,3982.676,6.189
238,4,461,0,3986.821,6.189
239,1,462,0,3991.002,6.284
239,2,462,0,3995.211,6.284
239,3,462,0,3999.336,6.284
239,4,462,0,4003.547,6.284
240,1,463,0,4007.719,6.106
240,2,463,0,4011.885,6.106
240,3,463,0,4016.169,6.106
240,4,463,0,4020.214,6.106
241,1,464,0,4024.353,6.113
241,2,464,0,4028.487,6.113
241,3,464,0,4032.901,6.113
241,4,464,0,4037.028,6.113
242,1,465,0,4041.057,6.011
242,2,465,0,4045.204,6.011
242,3,465,0,4049.371,6.011
242,4,465,0,4053.566,6.011
243,1,466,0,4057.704,6.211
243,2,466,0,4062.281,6.211
243,3,466,0,4066.045,6.211
243,4,466,0,4070.109,6.211
244,1,467,0,4074.401,6.164
244,2,467,0,4078.450,6.164
244,3,467,0,4082.658,6.164
244,4,467,0,4086.809,6.164
245,1,468,0,4091.083,5.453
245,2,468,0,4095.204,5.453
245,3,468,0,4099.505,5.453
245,4,468,0,4103.547,5.453
246,1,469,0,4107.851,5.728
246,2,469,0,4112.296,5.728
246,3,469,0,4116.112,5.728
246,4,469,0,4120.249,5.728
247,1,470,0,4124.337,5.992
247,2,470,0,4128.429,5.992
247,3,470,0,4132.678,5.992
247,4,470,0,4136.836,5.992
248,1,471,0,4141.072,6.248
248,2,471,0,4145.201,6.248
248,3,471,0,4149.451,6.248
248,4,471,0,4153.459,6.248
249,1,472,0,4157.631,5.561
249,2,472,0,4161.813,5.561
249,3,472,0,4165.971,5.561
249,4,472,0,4170.102,5.561
250,1,473,0,4174.308,5.574
250,2,473,0,4178.495,5.574
250,3,473,0,4182.655,5.574
250,4,473,0,4186.800,5.574
251,1,474,0,4190.993,5.554
251,2,474,0,4195.190,5.554
251,3,474,0,4199.338,5.554
251,4,474,0,4203.468,5.554
252,1,475,0,4207.648,5.577
252,2,475,0,4211.989,5.577
252,3,475,0,4216.001,5.577
252,4,475,0,4220.113,5.577
253,1,476,0,4224.312,5.556
253,2,476,0,4228.464,5.556
253,3,476,0,4232.603,5.556
253,4,476,0,4236.932,5.556
254,1,477,0,4240.969,5.881
254,2,477,0,4245.115,5.881
254,3,477,0,4249.294,5.881
254,4,477,0,4253.448,5.881
255,1,478,0,4257.648,5.969
255,2,478,0,4261.801,5.969
255,3,478,0,4265.958,5.969
255,4,478,0,4270.119,5.969
256,1,479,0,4274.453,6.031
256,2,479,0,4278.456,6.031
256,3,479,0,4282.631,6.031
256,4,479,0,4286.821,6.031
257,1,480,0,4290.965,5.707
257,2,480,0,4295.119,5.707
257,3,480,0,4299.290,5.707
257,4,480,0,4303.457,5.707
258,1,481,0,4307.597,6.077
258,2,481,0,4311.814,6.077
258,3,481,0,4315.972,6.077
258,4,481,0,4320.138,6.077
259,1,482,0,4324.285,6.006
259,2,482,0,4328.449,6.006
259,3,482,0,4332.600,6.006
259,4,482,0,4336.919,6.006
260,1,483,0,4340.952,5.585
260,2,483,0,4345.106,5.585
260,3,483,0,4349.277,5.585
260,4,483,0,4353.439,5.585
261,1,484,0,4357.638,5.914
261,2,484,0,4361.932,5.914
261,3,484,0,4365.995,5.914
261,4,484,0,4370.446,5.914
262,1,485,0,4374.536,5.533
262,2,485,0,4378.653,5.533
262,3,485,0,4382.718,5.533
262,4,485,0,4386.828,5.533
263,1,486,0,4390.989,6.088
263,2,486,0,4395.125,6.088
263,3,486,0,4399.310,6.088
263,4,486,0,4403.442,6.088
264,1,487,0,4407.658,5.968
264,2,487,0,4411.815,5.968
264,3,487,0,4416.051,5.968
264,4,487,0,4420.115,5.968
265,1,488,0,4424.451,5.806
265,2,488,0,4428.573,5.806
265,3,488,0,4432.831,5.806
265,4,488,0,4436.836,5.806
266,1,489,0,4440.966,5.779
266,2,489,0,4445.225,5.779
266,3,489,0,4449.329,5.779
266,4,489,0,4453.459,5.779
267,1,490,0,4457.632,5.695
267,2,490,0,4461.861,5.695
267,3,490,0,4466.108,5.695
267,4,490,0,4470.195,5.695
268,1,491,0,4474.297,5.450
268,2,491,0,4478.459,5.450
268,3,491,0,4482.793,5.450
268,4,491,0,4486.790,5.450
269,1,492,0,4491.542,6.168
269,2,492,0,4495.157,6.168
269,3,492,0,4499.291,6.168
269,4,492,0,4503.440,6.168
270,1,493,0,4507.657,5.529
270,2,493,0,4512.183,5.529
270,3,493,0,4515.999,5.529
270,4,493,0,4520.144,5.529
271,1,494,0,4524.475,5.567
271,2,494,0,4528.522,5.567
271,3,494,0,4532.634,5.567
271,4,494,0,4536.848,5.567
272,1,495,0,4541.035,5.797
272,2,495,0,4545.171,5.797
272,3,495,0,4549.315,5.797
272,4,495,0,4553.500,5.797
273,1,496,0,4557.641,5.910
273,2,496,0,4561.929,5.910
273,3,496,0,4565.964,5.910
273,4,496,0,4570.351,5.910
274,1,497,0,4574.299,5.578
274,2,497,0,4578.430,5.578
274,3,497,0,4582.674,5.578
274,4,497,0,4586.835,5.578
275,1,498,0,4591.004,6.036
275,2,498,0,4595.187,6.036
275,3,498,0,4599.368,6.036
275,4,498,0,4603.453,6.036
276,1,499,0,4607.661,5.486
276,2,499,0,4611.806,5.486
276,3,499,0,4616.010,5.486
276,4,499,0,4620.128,5.486
277,1,500,0,4624.289,5.597
277,2,500,0,4628.526,5.597
277,3,500,0,4632.943,5.597
277,4,500,0,4636.963,5.597
278,1,501,0,4640.997,5.856
278,2,501,0,4645.203,5.856
278,3,501,0,4649.431,5.856
278,4,501,0,4653.445,5.856
279,1,502,0,4657.641,6.203
279,2,502,0,4662.213,6.203
279,3,502,0,4665.982,6.203
279,4,502,0,4670.128,6.203
280,1,503,0,4674.275,5.490
280,2,503,0,4678.435,5.490
280,3,503,0,4682.625,5.490
280,4,503,0,4686.787,5.490
281,1,504,0,4691.364,6.018
281,2,504,0,4695.110,6.018
281,3,504,0,4699.275,6.018
281,4,504,0,4703.428,6.018
282,1,505,0,4707.674,6.086
282,2,505,0,4711.963,6.086
282,3,505,0,4715.982,6.086
282,4,505,0,4720.189,6.086
283,1,506,0,4724.331,5.679
283,2,506,0,4728.461,5.679
283,3,506,0,4732.663,5.679
283,4,506,0,4736.809,5.679
284,1,507,0,4741.136,6.199
284,2,507,0,4745.136,6.199
284,3,507,0,4749.291,6.199
284,4,507,0,4753.455,6.199
285,1,508,0,4757.690,5.594
285,2,508,0,4761.782,5.594
285,3,508,0,4765.972,5.594
285,4,508,0,4770.180,5.594
286,1,509,0,4774.365,6.336
286,2,509,0,4778.551,6.336
286,3,509,0,4782.716,6.336
286,4,509,0,4786.902,6.336
287,1,510,0,4791.024,6.343
287,2,510,0,4795.250,6.343
287,3,510,0,4799.305,6.343
287,4,510,0,4803.471,6.343
288,1,511,0,4807.655,5.615
288,2,511,0,4811.787,5.615
288,3,511,0,4815.967,5.615
288,4,511,0,4820.203,5.615
289,1,512,0,4824.282,5.517
289,2,512,0,4828.441,5.517
289,3,512,0,4832.771,5.517
289,4,512,0,4836.879,5.517
290,1,513,0,4841.012,6.153
290,2,513,0,4845.198,6.153
290,3,513,0,4849.394,6.153
290,4,513,0,4853.585,6.153
291,1,514,0,4857.717,5.529
291,2,514,0,4861.866,5.529
291,3,514,0,4866.059,5.529
291,4,514,0,4870.405,5.529
292,1,515,0,4874.341,5.819
292,2,515,0,4878.466,5.819
292,3,515,0,4882.935,5.819
292,4,515,0,4887.077,5.819
293,1,516,0,4891.225,6.401
293,2,516,0,4895.242,6.401
293,3,516,0,4899.376,6.401
293,4,516,0,4903.517,6.401
294,1,517,0,4907.712,6.001
294,2,517,0,4911.959,6.001
294,3,517,0,4915.995,6.001
294,4,517,0,4920.157,6.001
295,1,518,0,4924.331,6.033
295,2,518,0,4928.501,6.033
295,3,518,0,4932.893,6.033
295,4,518,0,4936.788,6.033
296,1,519,0,4940.966,5.680
296,2,519,0,4945.171,5.680
296,3,519,0,4949.298,5.680
296,4,519,0,4953.484,5.680
297,1,520,0,4957.711,5.493
297,2,520,0,4962.622,5.493
297,3,520,0,4965.988,5.493
297,4,520,0,4970.111,5.493
298,1,521,0,4974.333,5.944
298,2,521,0,4978.463,5.944
298,3,521,0,4982.626,5.944
298,4,521,0,4986.792,5.944
299,1,522,0,4991.017,5.860
299,2,522,0,4995.289,5.860
299,3,522,0,4999.286,5.860
299,4,522,0,5003.446,5.860
300,1,523,0,5007.623,5.730
300,2,523,0,5011.992,5.730
300,3,523,0,5015.970,5.730
300,4,523,0,5020.264,5.730
301,1,524,0,5024.433,5.587
301,2,524,0,5028.435,5.587
301,3,524,0,5032.719,5.587
301,4,524,0,5036.969,5.587
302,1,525,0,5041.129,6.197
302,2,525,0,5045.396,6.197
302,3,525,0,5049.416,6.197
302,4,525,0,5053.537,6.197
303,1,526,0,5057.687,6.010
303,2,526,0,5062.032,6.010
303,3,526,0,5065.958,6.010
303,4,526,0,5070.159,6.010
304,1,527,0,5074.275,6.012
304,2,527,0,5078.445,6.012
304,3,527,0,5082.797,6.012
304,4,527,0,5086.805,6.012
305,1,528,0,5090.982,5.977
305,2,528,0,5095.176,5.977
305,3,528,0,5099.891,5.977
305,4,528,0,5103.463,5.977
306,1,529,0,5107.601,5.418
306,2,529,0,5111.804,5.418
306,3,529,0,5116.062,5.418
306,4,529,0,5120.341,5.418
307,1,530,0,5124.325,6.449
307,2,530,0,5128.431,6.449
307,3,530,0,5132.695,6.449
307,4,530,0,5136.800,6.449
308,1,531,0,5140.968,6.200
308,2,531,0,5145.134,6.200
308,3,531,0,5149.379,6.200
308,4,531,0,5153.455,6.200
309,1,532,0,5157.645,5.836
309,2,532,0,5161.815,5.836
309,3,532,0,5166.003,5.836
309,4,532,0,5170.202,5.836
310,1,533,0,5174.313,5.440
310,2,533,0,5178.473,5.440
310,3,533,0,5182.646,5.440
310,4,533,0,5186.941,5.440
311,1,534,0,5190.983,5.645
311,2,534,0,5195.203,5.645
311,3,534,0,5199.288,5.645
311,4,534,0,5203.437,5.645
312,1,535,0,5207.622,5.439
312,2,535,0,5211.812,5.439
312,3,535,0,5215.988,5.439
312,4,535,0,5220.136,5.439
313,1,536,0,5224.291,6.005
313,2,536,0,5228.550,6.005
313,3,536,0,5232.717,6.005
313,4,536,0,5236.990,6.005
314,1,537,0,5240.980,5.935
314,2,537,0,5245.347,5.935
314,3,537,0,5249.299,5.935
314,4,537,0,5253.447,5.935
315,1,538,0,5257.657,5.549
315,2,538,0,5261.785,5.549
315,3,538,0,5265.960,5.549
315,4,538,0,5270.111,5.549
316,1,539,0,5274.402,5.565
316,2,539,0,5278.535,5.565
316,3,539,0,5282.667,5.565
316,4,539,0,5286.832,5.565
317,1,540,0,5290.996,5.787
317,2,540,0,5295.174,5.787
317,3,540,0,5299.294,5.787
317,4,540,0,5303.452,5.787
318,1,541,0,5307.634,5.599
318,2,541,0,5311.852,5.599
318,3,541,0,5316.001,5.599
318,4,541,0,5320.144,5.599
319,1,542,0,5324.300,5.665
319,2,542,0,5328.438,5.665
319,3,542,0,5332.650,5.665
319,4,542,0,5336.862,5.665
320,1,543,0,5340.973,6.171
320,2,543,0,5345.250,6.171
320,3,543,0,5349.298,6.171
320,4,543,0,5353.496,6.171
321,1,544,0,5357.630,5.549
321,2,544,0,5361.837,5.549
321,3,544,0,5366.007,5.549
321,4,544,0,5370.173,5.549
322,1,545,0,5374.346,5.588
322,2,545,0,5378.493,5.588
322,3,545,0,5382.830,5.588
322,4,545,0,5386.991,5.588
323,1,546,0,5391.120,5.919
323,2,546,0,5395.250,5.919
323,3,546,0,5399.441,5.919
323,4,546,0,5403.955,5.919
324,1,547,0,5408.031,6.054
324,2,547,0,5412.021,6.054
324,3,547,0,5416.299,6.054
324,4,547,0,5420.123,6.054
325,1,548,0,5424.292,6.011
325,2,548,0,5428.465,6.011
325,3,548,0,5432.703,6.011
325,4,548,0,5436.814,6.011
326,1,549,0,5441.074,5.206
326,2,549,0,5445.193,5.206
326,3,549,0,5449.346,5.206
326,4,549,0,5453.471,5.206
327,1,550,0,5457.629,1.700
327,2,550,0,5462.271,1.700
327,3,550,0,5465.992,1.700
327,4,550,0,5470.273,1.700
328,1,551,0,5474.344,1.810
328,2,551,0,5478.553,1.810
328,3,551,0,5482.653,1.810
328,4,551,0,5487.283,1.810
329,1,552,0,5491.009,1.866
329,2,552,0,5495.178,1.866
329,3,552,0,5499.290,1.866
329,4,552,0,5503.441,1.866
330,1,553,0,5507.881,1.788
330,2,553,0,5512.181,1.788
330,3,553,0,5516.276,1.788
330,4,553,0,5520.444,1.788
331,1,554,0,5524.599,1.736
331,2,554,0,5528.726,1.736
331,3,554,0,5532.832,1.736
331,4,554,0,5536.931,1.736
332,1,555,0,5541.140,1.894
332,2,555,0,5545.425,1.894
332,3,555,0,5549.537,1.894
332,4,555,0,5553.556,1.894
333,1,556,0,5557.721,1.772
333,2,556,0,5561.861,1.772
333,3,556,0,5566.049,1.772
333,4,556,0,5570.496,1.772
334,1,557,0,5574.419,1.798
334,2,557,0,5578.505,1.798
334,3,557,0,5582.865,1.798
334,4,557,0,5587.081,1.798
335,1,558,0,5591.302,1.832
335,2,558,0,5595.369,1.832
335,3,558,0,5599.612,1.832
335,4,558,0,5603.825,1.832
336,1,559,0,5608.038,1.813
336,2,559,0,5612.051,1.813
336,3,559,0,5616.381,1.813
336,4,559,0,5620.407,1.813
337,1,560,0,5624.422,2.224
337,2,560,0,5628.710,2.224
337,3,560,0,5632.963,2.224
337,4,560,0,5636.908,2.224
338,1,561,0,5641.069,1.803
338,2,561,0,5645.230,1.803
338,3,561,0,5649.501,1.803
338,4,561,0,5653.515,1.803
339,1,562,0,5657.689,1.787
339,2,562,0,5661.857,1.787
339,3,562,0,5666.046,1.787
339,4,562,0,5670.327,1.787
340,1,563,0,5674.321,1.780
340,2,563,0,5678.516,1.780
340,3,563,0,5682.688,1.780
340,4,563,0,5686.823,1.780
341,1,564,0,5690.966,1.874
341,2,564,0,5695.315,1.874
341,3,564,0,5699.534,1.874
341,4,564,0,5703.572,1.874
342,1,565,0,5707.845,1.672
342,2,565,0,5711.887,1.672
342,3,565,0,5716.162,1.672
342,4,565,0,5720.237,1.672
343,1,566,0,5724.373,1.795
343,2,566,0,5728.707,1.795
343,3,566,0,5732.838,1.795
343,4,566,0,5736.984,1.795
344,1,567,0,5741.064,1.967
344,2,567,0,5745.314,1.967
344,3,567,0,5749.463,1.967
344,4,567,0,5753.487,1.967
345,1,568,0,5757.937,1.885
345,2,568,0,5761.933,1.885
345,3,568,0,5766.067,1.885
345,4,568,0,5770.386,1.885
346,1,569,0,5774.373,1.789
346,2,569,0,5778.510,1.789
346,3,569,0,5782.713,1.789
346,4,569,0,5787.102,1.789
347,1,570,0,5791.265,2.059
347,2,570,0,5795.442,2.059
347,3,570,0,5799.409,2.059
347,4,570,0,5803.579,2.059
348,1,571,0,5807.881,1.838
348,2,571,0,5811.990,1.838
348,3,571,0,5816.144,1.838
348,4,571,0,5820.360,1.838
349,1,572,0,5824.375,1.952
349,2,572,0,5828.478,1.952
349,3,572,0,5832.632,1.952
349,4,572,0,5837.019,1.952
350,1,573,0,5841.106,2.083
350,2,573,0,5845.510,2.083
350,3,573,0,5849.617,2.083
350,4,573,0,5853.762,2.083
351,1,574,0,5857.954,1.787
351,2,574,0,5862.178,1.787
351,3,574,0,5866.204,1.787
351,4,574,0,5870.442,1.787
352,1,575,0,5874.635,1.818
352,2,575,0,5878.819,1.818
352,3,575,0,5882.842,1.818
352,4,575,0,5886.940,1.818
353,1,576,0,5891.498,1.832
353,2,576,0,5895.401,1.832
353,3,576,0,5899.578,1.832
353,4,576,0,5903.817,1.832
354,1,577,0,5907.806,1.821
354,2,577,0,5911.949,1.821
354,3,577,0,5916.152,1.821
354,4,577,0,5920.199,1.821
355,1,578,0,5924.372,2.189
355,2,578,0,5928.534,2.189
355,3,578,0,5932.686,2.189
355,4,578,0,5937.282,2.189
356,1,579,0,5941.145,2.246
356,2,579,0,5945.414,2.246
356,3,579,0,5949.457,2.246
356,4,579,0,5953.703,2.246
357,1,580,0,5957.996,7.744
357,2,580,0,5962.084,7.744
357,3,580,0,5966.089,7.744
357,4,580,0,5970.285,7.744
358,1,581,1,5974.447,8.498
358,2,581,1,5978.592,8.498
358,3,581,1,5982.891,8.498
358,4,581,1,5986.927,8.498
359,1,582,2,5991.115,7.782
359,2,582,2,5995.248,7.782
359,3,582,2,5999.354,7.782
359,4,582,2,6003.689,7.782
360,1,583,3,6007.767,8.200
360,2,583,3,6011.900,8.200
360,3,583,3,6016.100,8.200
360,4,583,3,6020.192,8.200
361,1,584,4,6024.395,7.880
361,2,584,4,6028.476,7.880
361,3,584,4,6032.796,7.880
361,4,584,4,6036.938,7.880
362,1,585,5,6041.131,7.424
362,2,585,5,6045.271,7.424
362,3,585,5,6049.449,7.424
362,4,585,5,6053.599,7.424
363,1,586,6,6057.750,7.763
363,2,586,6,6061.865,7.763
363,3,586,6,6066.019,7.763
363,4,586,6,6070.198,7.763
364,1,587,7,6074.356,8.722
364,2,587,7,6078.507,8.722
364,3,587,7,6082.738,8.722
364,4,587,7,6086.844,8.722
365,1,588,8,6091.026,7.618
365,2,588,8,6095.158,7.618
365,3,588,8,6099.463,7.618
365,4,588,8,6103.592,7.618
366,1,589,9,6107.752,7.371
366,2,589,9,6111.885,7.371
366,3,589,9,6116.045,7.371
366,4,589,9,6120.354,7.371
367,1,590,10,6124.478,8.580
367,2,590,10,6128.460,8.580
367,3,590,10,6132.666,8.580
367,4,590,10,6136.873,8.580
368,1,591,11,6141.203,8.397
368,2,591,11,6145.310,8.397
368,3,591,11,6149.623,8.397
368,4,591,11,6153.717,8.397
369,1,592,12,6157.789,7.824
369,2,592,12,6161.870,7.824
369,3,592,12,6166.033,7.824
369,4,592,12,6170.189,7.824
370,1,593,13,6174.481,8.627
370,2,593,13,6178.516,8.627
370,3,593,13,6182.755,8.627
370,4,593,13,6186.839,8.627
371,1,594,14,6191.184,8.286
371,2,594,14,6195.207,8.286
371,3,594,14,6199.343,8.286
371,4,594,14,6203.508,8.286
372,1,595,15,6208.177,7.613
372,2,595,15,6211.945,7.613
372,3,595,15,6216.061,7.613
372,4,595,15,6220.226,7.613
373,1,596,16,6224.487,7.592
373,2,596,16,6228.449,7.592
373,3,596,16,6232.677,7.592
373,4,596,16,6236.831,7.592
374,1,597,17,6241.092,8.338
374,2,597,17,6245.203,8.338
374,3,597,17,6249.338,8.338
374,4,597,17,6253.469,8.338
375,1,598,18,6257.950,7.628
375,2,598,18,6261.890,7.628
375,3,598,18,6266.065,7.628
375,4,598,18,6270.968,7.628
376,1,599,19,6274.591,7.679
376,2,599,19,6278.566,7.679
376,3,599,19,6282.775,7.679
376,4,599,19,6286.929,7.679
377,1,600,20,6291.049,8.083
377,2,600,20,6295.182,8.083
377,3,600,20,6299.328,8.083
377,4,600,20,6303.506,8.083
378,1,601,21,6307.684,8.303
378,2,601,21,6312.542,8.303
378,3,601,21,6316.012,8.303
378,4,601,21,6320.277,8.303
379,1,602,22,6324.300,7.496
379,2,602,22,6328.440,7.496
379,3,602,22,6332.619,7.496
379,4,602,22,6336.960,7.496
380,1,603,23,6340.975,8.213
380,2,603,23,6345.155,8.213
380,3,603,23,6349.303,8.213
380,4,603,23,6353.456,8.213
381,1,604,24,6357.675,7.418
381,2,604,24,6362.431,7.418
381,3,604,24,6366.013,7.418
381,4,604,24,6370.126,7.418
382,1,605,25,6374.317,7.446
382,2,605,25,6378.449,7.446
382,3,605,25,6382.698,7.446
382,4,605,25,6386.817,7.446
383,1,606,26,6390.986,7.480
383,2,606,26,6395.149,7.480
383,3,606,26,6399.423,7.480
383,4,606,26,6403.798,7.480
384,1,607,27,6407.956,7.332
384,2,607,27,6411.973,7.332
384,3,607,27,6416.119,7.332
384,4,607,27,6420.391,7.332
385,1,608,28,6424.386,8.576
385,2,608,28,6428.512,8.576
385,3,608,28,6432.693,8.576
385,4,608,28,6436.886,8.576
386,1,609,29,6440.996,8.494
386,2,609,29,6445.294,8.494
386,3,609,29,6449.318,8.494
386,4,609,29,6453.490,8.494
387,1,610,30,6457.800,7.338
387,2,610,30,6461.833,7.338
387,3,610,30,6465.954,7.338
387,4,610,30,6470.274,7.338
388,1,611,31,6474.433,8.008
388,2,611,31,6478.441,8.008
388,3,611,31,6482.620,8.008
388,4,611,31,6486.989,8.008
389,1,612,32,6491.142,8.028
389,2,612,32,6495.284,8.028
389,3,612,32,6499.321,8.028
389,4,612,32,6503.481,8.028
390,1,613,33,6507.838,7.356
390,2,613,33,6511.821,7.356
390,3,613,33,6516.013,7.356
390,4,613,33,6520.241,7.356
391,1,614,34,6524.563,7.266
391,2,614,34,6528.583,7.266
391,3,614,34,6532.692,7.266
391,4,614,34,6536.888,7.266
392,1,615,35,6541.164,8.438
392,2,615,35,6545.252,8.438
392,3,615,35,6549.509,8.438
392,4,615,35,6553.474,8.438
393,1,616,36,6557.811,7.497
393,2,616,36,6561.816,7.497
393,3,616,36,6565.977,7.497
393,4,616,36,6570.314,7.497
394,1,617,37,6574.406,7.287
394,2,617,37,6578.499,7.287
394,3,617,37,6582.641,7.287
394,4,617,37,6586.838,7.287
395,1,618,38,6591.028,8.241
395,2,618,38,6595.459,8.241
395,3,618,38,6599.373,8.241
395,4,618,38,6603.559,8.241
396,1,619,39,6607.867,7.095
396,2,619,39,6611.872,7.095
396,3,619,39,6616.034,7.095
396,4,619,39,6620.191,7.095
397,1,620,40,6624.353,8.487
397,2,620,40,6628.590,8.487
397,3,620,40,6632.788,8.487
397,4,620,40,6636.880,8.487
398,1,621,41,6641.046,7.021
398,2,621,41,6645.320,7.021
398,3,621,41,6649.502,7.021
398,4,621,41,6653.469,7.021
399,1,622,42,6657.678,7.125
399,2,622,42,6661.811,7.125
399,3,622,42,6665.978,7.125
399,4,622,42,6670.135,7.125
400,1,623,43,6674.291,7.124
400,2,623,43,6678.474,7.124
400,3,623,43,6682.667,7.124
400,4,623,43,6686.802,7.124
401,1,624,44,6690.996,7.021
401,2,624,44,6695.316,7.021
401,3,624,44,6699.308,7.021
401,4,624,44,6703.450,7.021
402,1,625,45,6707.640,7.086
402,2,625,45,6711.908,7.086
402,3,625,45,6715.987,7.086
402,4,625,45,6720.149,7.086
403,1,626,46,6724.274,7.107
403,2,626,46,6728.500,7.107
403,3,626,46,6732.636,7.107
403,4,626,46,6736.807,7.107
404,1,627,47,6740.980,7.779
404,2,627,47,6745.224,7.779
404,3,627,47,6749.309,7.779
404,4,627,47,6753.461,7.779
405,1,628,48,6757.631,6.994
405,2,628,48,6761.984,6.994
405,3,628,48,6765.968,6.994
405,4,628,48,6770.149,6.994
406,1,629,49,6774.316,7.170
406,2,629,49,6778.439,7.170
406,3,629,49,6782.664,7.170
406,4,629,49,6786.810,7.170
407,1,630,50,6791.164,7.774
407,2,630,50,6795.152,7.774
407,3,630,50,6799.327,7.774
407,4,630,50,6803.466,7.774
408,1,631,51,6807.768,7.291
408,2,631,51,6811.838,7.291
408,3,631,51,6815.967,7.291
408,4,631,51,6820.163,7.291
409,1,632,52,6824.407,7.151
409,2,632,52,6828.455,7.151
409,3,632,52,6832.663,7.151
409,4,632,52,6836.895,7.151
410,1,633,53,6841.282,7.940
410,2,633,53,6845.322,7.940
410,3,633,53,6849.489,7.940
410,4,633,53,6853.755,7.940
411,1,634,54,6858.243,8.664
411,2,634,54,6862.278,8.664
411,3,634,54,6866.335,8.664
411,4,634,54,6871.076,8.664
412,1,635,55,6874.815,8.476
412,2,635,55,6878.787,8.476
412,3,635,55,6883.252,8.476
412,4,635,55,6887.520,8.476
413,1,636,56,6891.493,8.656
413,2,636,56,6895.901,8.656
413,3,636,56,6899.836,8.656
413,4,636,56,6903.942,8.656
414,1,637,57,6908.033,8.654
414,2,637,57,6912.110,8.654
414,3,637,57,6916.184,8.654
414,4,637,57,6920.344,8.654
415,1,638,58,6924.515,7.826
415,2,638,58,6928.526,7.826
415,3,638,58,6932.872,7.826
415,4,638,58,6936.840,7.826
416,1,639,59,6941.075,7.684
416,2,639,59,6945.267,7.684
416,3,639,59,6949.309,7.684
416,4,639,59,6953.463,7.684
417,1,640,60,6957.796,7.088
417,2,640,60,6961.834,7.088
417,3,640,60,6965.997,7.088
417,4,640,60,6970.339,7.088
418,1,641,61,6974.281,7.135
418,2,641,61,6978.487,7.135
418,3,641,61,6982.640,7.135
418,4,641,61,6986.823,7.135
419,1,642,62,6991.290,8.195
419,2,642,62,6995.209,8.195
419,3,642,62,6999.360,8.195
419,4,642,62,7003.475,8.195
420,1,643,63,7007.640,7.265
420,2,643,63,7011.804,7.265
420,3,643,63,7016.108,7.265
420,4,643,63,7020.261,7.265
421,1,644,64,7024.348,7.848
421,2,644,64,7028.510,7.848
421,3,644,64,7032.838,7.848
421,4,644,64,7036.901,7.848
422,1,645,65,7041.413,8.116
422,2,645,65,7045.182,8.116
422,3,645,65,7049.343,8.116
422,4,645,65,7053.499,8.116
423,1,646,66,7057.800,8.207
423,2,646,66,7061.833,8.207
423,3,646,66,7065.990,8.207
423,4,646,66,7070.142,8.207
424,1,647,67,7074.302,8.251
424,2,647,67,7078.443,8.251
424,3,647,67,7082.617,8.251
424,4,647,67,7086.815,8.251
425,1,648,68,7090.974,7.842
425,2,648,68,7095.171,7.842
425,3,648,68,7099.297,7.842
425,4,648,68,7103.459,7.842
426,1,649,69,7107.658,7.149
426,2,649,69,7111.803,7.149
426,3,649,69,7115.985,7.149
426,4,649,69,7120.382,7.149
427,1,650,70,7124.604,7.352
427,2,650,70,7128.484,7.352
427,3,650,70,7132.822,7.352
427,4,650,70,7136.853,7.352
428,1,651,71,7141.146,7.250
428,2,651,71,7145.140,7.250
428,3,651,71,7149.306,7.250
428,4,651,71,7153.467,7.250
429,1,652,72,7157.765,7.215
429,2,652,72,7161.794,7.215
429,3,652,72,7165.965,7.215
429,4,652,72,7170.159,7.215
430,1,653,73,7174.351,7.288
430,2,653,73,7178.460,7.288
430,3,653,73,7182.673,7.288
430,4,653,73,7186.826,7.288
431,1,654,74,7191.051,7.815
431,2,654,74,7195.241,7.815
431,3,654,74,7199.351,7.815
431,4,654,74,7203.452,7.815
432,1,655,75,7207.715,7.123
432,2,655,75,7211.850,7.123
432,3,655,75,7216.003,7.123
432,4,655,75,7220.111,7.123
433,1,656,76,7224.449,7.022
433,2,656,76,7228.468,7.022
433,3,656,76,7232.634,7.022
433,4,656,76,7236.795,7.022
434,1,657,77,7241.134,7.253
434,2,657,77,7245.308,7.253
434,3,657,77,7249.875,7.253
434,4,657,77,7253.963,7.253
435,1,658,78,7258.011,7.254
435,2,658,78,7261.877,7.254
435,3,658,78,7265.988,7.254
435,4,658,78,7270.125,7.254
436,1,659,79,7274.379,7.100
436,2,659,79,7278.525,7.100
436,3,659,79,7282.807,7.100
436,4,659,79,7286.945,7.100
437,1,660,80,7291.128,8.099
437,2,660,80,7295.164,8.099
437,3,660,80,7299.313,8.099
437,4,660,80,7303.455,8.099
438,1,661,81,7307.672,7.190
438,2,661,81,7311.922,7.190
438,3,661,81,7315.977,7.190
438,4,661,81,7320.118,7.190
439,1,662,82,7324.306,7.170
439,2,662,82,7328.486,7.170
439,3,662,82,7332.616,7.170
439,4,662,82,7336.808,7.170
440,1,663,83,7341.129,7.177
440,2,663,83,7345.147,7.177
440,3,663,83,7349.286,7.177
440,4,663,83,7353.458,7.177
441,1,664,84,7357.681,7.244
441,2,664,84,7361.811,7.244
441,3,664,84,7365.972,7.244
441,4,664,84,7370.113,7.244
442,1,665,85,7374.340,7.316
442,2,665,85,7378.475,7.316
442,3,665,85,7382.765,7.316
442,4,665,85,7386.943,7.316
443,1,666,86,7390.971,7.100
443,2,666,86,7395.158,7.100
443,3,666,86,7399.311,7.100
443,4,666,86,7403.627,7.100
444,1,667,87,7407.661,7.832
444,2,667,87,7411.779,7.832
444,3,667,87,7416.025,7.832
444,4,667,87,7420.125,7.832
445,1,668,88,7424.307,7.903
445,2,668,88,7428.461,7.903
445,3,668,88,7432.620,7.903
445,4,668,88,7436.799,7.903
446,1,669,89,7440.996,7.165
446,2,669,89,7445.115,7.165
446,3,669,89,7449.486,7.165
446,4,669,89,7453.453,7.165
447,1,670,90,7457.793,7.395
447,2,670,90,7461.822,7.395
447,3,670,90,7466.011,7.395
447,4,670,90,7470.120,7.395
448,1,671,91,7474.356,7.116
448,2,671,91,7478.461,7.116
448,3,671,91,7482.715,7.116
448,4,671,91,7487.192,7.116
449,1,672,92,7491.288,7.089
449,2,672,92,7495.158,7.089
449,3,672,92,7499.295,7.089
449,4,672,92,7503.479,7.089
450,1,673,93,7507.756,8.450
450,2,673,93,7511.837,8.450
450,3,673,93,7516.330,8.450
450,4,673,93,7520.427,8.450
451,1,674,94,7524.725,8.005
451,2,674,94,7528.930,8.005
451,3,674,94,7533.319,8.005
451,4,674,94,7537.485,8.005
452,1,675,95,7541.541,7.771
452,2,675,95,7545.690,7.771
452,3,675,95,7549.768,7.771
452,4,675,95,7553.843,7.771
453,1,676,96,7557.980,7.929
453,2,676,96,7561.967,7.929
453,3,676,96,7566.026,7.929
453,4,676,96,7570.299,7.929
454,1,677,97,7574.474,7.827
454,2,677,97,7578.492,7.827
454,3,677,97,7582.760,7.827
454,4,677,97,7587.021,7.827
455,1,678,98,7591.213,8.497
455,2,678,98,7595.391,8.497
455,3,678,98,7599.487,8.497
455,4,678,98,7603.673,8.497
456,1,679,99,7607.938,8.443
456,2,679,99,7611.921,8.443
456,3,679,99,7616.035,8.443
456,4,679,99,7620.234,8.443
457,1,680,100,7624.578,8.568
457,2,680,100,7628.490,8.568
457,3,680,100,7632.817,8.568
457,4,680,100,7637.011,8.568
458,1,681,101,7641.119,8.205
458,2,681,101,7645.212,8.205
458,3,681,101,7649.323,8.205
458,4,681,101,7653.468,8.205
459,1,682,102,7657.789,7.087
459,2,682,102,7661.794,7.087
459,3,682,102,7666.025,7.087
459,4,682,102,7670.132,7.087
460,1,683,103,7674.378,7.741
460,2,683,103,7678.480,7.741
460,3,683,103,7682.730,7.741
460,4,683,103,7686.824,7.741
461,1,684,104,7691.111,7.037
461,2,684,104,7695.120,7.037
461,3,684,104,7699.352,7.037
461,4,684,104,7703.446,7.037
462,1,685,105,7707.785,7.725
462,2,685,105,7711.828,7.725
462,3,685,105,7715.969,7.725
462,4,685,105,7720.119,7.725
463,1,686,106,7724.460,7.002
463,2,686,106,7728.516,7.002
463,3,686,106,7732.647,7.002
463,4,686,106,7736.799,7.002
464,1,687,107,7741.123,7.143
464,2,687,107,7745.178,7.143
464,3,687,107,7749.310,7.143
464,4,687,107,7753.473,7.143
465,1,688,108,7757.736,7.094
465,2,688,108,7761.800,7.094
465,3,688,108,7765.980,7.094
465,4,688,108,7770.127,7.094
466,1,689,109,7774.883,7.238
466,2,689,109,7778.489,7.238
466,3,689,109,7782.651,7.238
466,4,689,109,7786.783,7.238
467,1,690,110,7791.173,7.840
467,2,690,110,7795.156,7.840
467,3,690,110,7799.300,7.840
467,4,690,110,7803.484,7.840
468,1,691,111,7807.756,7.153
468,2,691,111,7811.791,7.153
468,3,691,111,7815.965,7.153
468,4,691,111,7820.177,7.153
469,1,692,112,7824.490,8.011
469,2,692,112,7828.484,8.011
469,3,692,112,7832.624,8.011
469,4,692,112,7836.968,8.011
470,1,693,113,7841.035,7.162
470,2,693,113,7845.123,7.162
470,3,693,113,7849.295,7.162
470,4,693,113,7853.950,7.162
471,1,694,114,7858.444,7.908
471,2,694,114,7862.415,7.908
471,3,694,114,7866.894,7.908
471,4,694,114,7870.686,7.908
472,1,695,115,7874.785,7.410
472,2,695,115,7878.863,7.410
472,3,695,115,7883.076,7.410
472,4,695,115,7887.271,7.410
473,1,696,116,7891.410,6.995
473,2,696,116,7895.387,6.995
473,3,696,116,7899.648,6.995
473,4,696,116,7903.584,6.995
474,1,697,117,7907.910,7.171
474,2,697,117,7911.882,7.171
474,3,697,117,7916.121,7.171
474,4,697,117,7920.198,7.171
475,1,698,118,7924.501,7.104
475,2,698,118,7928.503,7.104
475,3,698,118,7932.654,7.104
475,4,698,118,7936.813,7.104
476,1,699,119,7941.127,7.134
476,2,699,119,7945.457,7.134
476,3,699,119,7949.314,7.134
476,4,699,119,7953.467,7.134
477,1,700,120,7957.900,7.027
477,2,700,120,7961.880,7.027
477,3,700,120,7966.029,7.027
477,4,700,120,7970.144,7.027
478,1,701,121,7974.467,7.265
478,2,701,121,7978.682,7.265
478,3,701,121,7982.778,7.265
478,4,701,121,7986.833,7.265
479,1,702,122,7991.159,7.196
479,2,702,122,7995.160,7.196
479,3,702,122,7999.524,7.196
479,4,702,122,8003.474,7.196
480,1,703,123,8007.826,7.302
480,2,703,123,8011.841,7.302
480,3,703,123,8016.000,7.302
480,4,703,123,8020.178,7.302
481,1,704,124,8024.477,7.403
481,2,704,124,8028.492,7.403
481,3,704,124,8032.864,7.403
481,4,704,124,8036.949,7.403
482,1,705,125,8041.248,7.166
482,2,705,125,8045.256,7.166
482,3,705,125,8049.489,7.166
482,4,705,125,8053.543,7.166
483,1,706,126,8057.851,8.009
483,2,706,126,8061.862,8.009
483,3,706,126,8065.986,8.009
483,4,706,126,8070.162,8.009
484,1,707,127,8074.438,7.701
484,2,707,127,8078.468,7.701
484,3,707,127,8082.652,7.701
484,4,707,127,8086.874,7.701
485,1,708,128,8091.146,7.592
485,2,708,128,8095.188,7.592
485,3,708,128,8099.562,7.592
485,4,708,128,8103.567,7.592
486,1,709,129,8107.779,7.176
486,2,709,129,8111.862,7.176
486,3,709,129,8116.005,7.176
486,4,709,129,8120.157,7.176
487,1,710,130,8124.396,7.253
487,2,710,130,8128.458,7.253
487,3,710,130,8132.856,7.253
487,4,710,130,8136.855,7.253
488,1,711,131,8141.219,7.613
488,2,711,131,8145.210,7.613
488,3,711,131,8149.433,7.613
488,4,711,131,8153.494,7.613
489,1,712,132,8157.814,7.538
489,2,712,132,8161.831,7.538
489,3,712,132,8165.992,7.538
489,4,712,132,8170.145,7.538
490,1,713,133,8174.485,7.834
490,2,713,133,8178.458,7.834
490,3,713,133,8182.846,7.834
490,4,713,133,8186.864,7.834
491,1,714,134,8191.091,7.824
491,2,714,134,8195.249,7.824
491,3,714,134,8199.317,7.824
491,4,714,134,8203.467,7.824
492,1,715,135,8207.803,7.749
492,2,715,135,8211.874,7.749
492,3,715,135,8216.004,7.749
492,4,715,135,8220.144,7.749
493,1,716,136,8224.451,7.134
493,2,716,136,8228.474,7.134
493,3,716,136,8232.639,7.134
493,4,716,136,8236.802,7.134
494,1,717,137,8241.121,7.312
494,2,717,137,8245.144,7.312
494,3,717,137,8249.308,7.312
494,4,717,137,8253.460,7.312
495,1,718,138,8257.772,7.248
495,2,718,138,8261.863,7.248
495,3,718,138,8265.997,7.248
495,4,718,138,8270.159,7.248
496,1,719,139,8274.423,7.744
496,2,719,139,8278.476,7.744
496,3,719,139,8282.654,7.744
496,4,719,139,8287.033,7.744
497,1,720,140,8291.248,7.786
497,2,720,140,8295.158,7.786
497,3,720,140,8299.310,7.786
497,4,720,140,8303.473,7.786
498,1,721,141,8307.867,7.263
498,2,721,141,8311.823,7.263
498,3,721,141,8315.997,7.263
498,4,721,141,8320.147,7.263
499,1,722,142,8324.456,7.121
499,2,722,142,8328.486,7.121
499,3,722,142,8332.656,7.121
499,4,722,142,8336.867,7.121
500,1,723,143,8341.142,7.223
500,2,723,143,8345.145,7.223
500,3,723,143,8349.326,7.223
500,4,723,143,8353.496,7.223
501,1,724,144,8357.747,7.336
501,2,724,144,8361.823,7.336
501,3,724,144,8365.993,7.336
501,4,724,144,8370.153,7.336
502,1,725,145,8374.471,7.145
502,2,725,145,8378.504,7.145
502,3,725,145,8382.660,7.145
502,4,725,145,8386.821,7.145
503,1,726,146,8391.153,7.039
503,2,726,146,8395.133,7.039
503,3,726,146,8399.326,7.039
503,4,726,146,8403.641,7.039
504,1,727,147,8407.955,7.128
504,2,727,147,8412.057,7.128
504,3,727,147,8416.258,7.128
504,4,727,147,8420.283,7.128
505,1,728,148,8424.569,8.184
505,2,728,148,8428.623,8.184
505,3,728,148,8432.831,8.184
505,4,728,148,8436.975,8.184
506,1,729,149,8441.208,8.453
506,2,729,149,8445.257,8.453
506,3,729,149,8449.729,8.453
506,4,729,149,8453.809,8.453
507,1,730,150,8458.029,8.188
507,2,730,150,8462.753,8.188
507,3,730,150,8466.145,8.188
507,4,730,150,8471.029,8.188
508,1,731,151,8475.026,7.893
508,2,731,151,8478.929,7.893
508,3,731,151,8483.095,7.893
508,4,731,151,8487.124,7.893
509,1,732,152,8491.321,8.457
509,2,732,152,8495.605,8.457
509,3,732,152,8499.724,8.457
509,4,732,152,8503.827,8.457
510,1,733,153,8508.104,7.851
510,2,733,153,8512.079,7.851
510,3,733,153,8516.158,7.851
510,4,733,153,8520.448,7.851
511,1,734,154,8524.661,8.514
511,2,734,154,8528.867,8.514
511,3,734,154,8532.859,8.514
511,4,734,154,8537.667,8.514
512,1,735,155,8541.421,7.785
512,2,735,155,8545.561,7.785
512,3,735,155,8549.662,7.785
512,4,735,155,8553.713,7.785
513,1,736,156,8557.959,7.821
513,2,736,156,8562.099,7.821
513,3,736,156,8566.389,7.821
513,4,736,156,8570.415,7.821
514,1,737,157,8574.546,7.657
514,2,737,157,8578.592,7.657
514,3,737,157,8582.807,7.657
514,4,737,157,8587.037,7.657
515,1,738,158,8591.205,8.474
515,2,738,158,8595.222,8.474
515,3,738,158,8599.420,8.474
515,4,738,158,8603.576,8.474
516,1,739,159,8607.846,7.793
516,2,739,159,8612.097,7.793
516,3,739,159,8616.161,7.793
516,4,739,159,8620.386,7.793
517,1,740,160,8624.589,7.447
517,2,740,160,8628.582,7.447
517,3,740,160,8632.813,7.447
517,4,740,160,8636.858,7.447
518,1,741,161,8641.190,7.933
518,2,741,161,8645.195,7.933
518,3,741,161,8649.376,7.933
518,4,741,161,8653.490,7.933
519,1,742,162,8657.760,7.332
519,2,742,162,8661.828,7.332
519,3,742,162,8665.994,7.332
519,4,742,162,8670.157,7.332
520,1,743,163,8674.745,7.352
520,2,743,163,8678.482,7.352
520,3,743,163,8682.673,7.352
520,4,743,163,8686.808,7.352
521,1,744,164,8691.156,7.121
521,2,744,164,8695.156,7.121
521,3,744,164,8699.294,7.121
521,4,744,164,8703.472,7.121
522,1,745,165,8707.917,7.131
522,2,745,165,8711.839,7.131
522,3,745,165,8715.984,7.131
522,4,745,165,8720.147,7.131
523,1,746,166,8724.447,7.206
523,2,746,166,8728.481,7.206
523,3,746,166,8732.659,7.206
523,4,746,166,8736.806,7.206
524,1,747,167,8741.048,7.670
524,2,747,167,8745.143,7.670
524,3,747,167,8749.317,7.670
524,4,747,167,8753.674,7.670
525,1,748,168,8757.801,7.151
525,2,748,168,8761.816,7.151
525,3,748,168,8765.975,7.151
525,4,748,168,8770.210,7.151
526,1,749,169,8774.467,7.296
526,2,749,169,8778.471,7.296
526,3,749,169,8782.642,7.296
526,4,749,169,8786.813,7.296
527,1,750,170,8791.149,7.134
527,2,750,170,8795.142,7.134
527,3,750,170,8799.350,7.134
527,4,750,170,8803.463,7.134
528,1,751,171,8807.803,7.190
528,2,751,171,8811.821,7.190
528,3,751,171,8816.029,7.190
528,4,751,171,8820.139,7.190
529,1,752,172,8824.382,7.201
529,2,752,172,8828.487,7.201
529,3,752,172,8832.651,7.201
529,4,752,172,8836.827,7.201
530,1,753,173,8841.168,7.194
530,2,753,173,8845.148,7.194
530,3,753,173,8849.357,7.194
530,4,753,173,8853.500,7.194
531,1,754,174,8857.860,7.286
531,2,754,174,8862.444,7.286
531,3,754,174,8866.241,7.286
531,4,754,174,8870.353,7.286
532,1,755,175,8874.628,7.061
532,2,755,175,8878.685,7.061
532,3,755,175,8882.912,7.061
532,4,755,175,8886.990,7.061
533,1,756,176,8891.287,7.887
533,2,756,176,8895.331,7.887
533,3,756,176,8899.585,7.887
533,4,756,176,8903.568,7.887
534,1,757,177,8907.805,8.008
534,2,757,177,8911.885,8.008
534,3,757,177,8916.105,8.008
534,4,757,177,8920.224,8.008
535,1,758,178,8924.640,7.337
535,2,758,178,8928.518,7.337
535,3,758,178,8932.679,7.337
535,4,758,178,8936.844,7.337
536,1,759,179,8941.181,7.381
536,2,759,179,8945.179,7.381
536,3,759,179,8949.314,7.381
536,4,759,179,8953.476,7.381
537,1,760,180,8958.011,7.168
537,2,760,180,8961.843,7.168
537,3,760,180,8965.990,7.168
537,4,760,180,8970.154,7.168
538,1,761,181,8974.750,7.280
538,2,761,181,8978.644,7.280
538,3,761,181,8982.772,7.280
538,4,761,181,8987.009,7.280
539,1,762,182,8991.053,7.418
539,2,762,182,8995.190,7.418
539,3,762,182,8999.321,7.418
539,4,762,182,9003.517,7.418
540,1,763,183,9007.858,7.259
540,2,763,183,9011.847,7.259
540,3,763,183,9015.999,7.259
540,4,763,183,9020.176,7.259
541,1,764,184,9024.466,7.420
541,2,764,184,9028.466,7.420
541,3,764,184,9033.084,7.420
541,4,764,184,9037.023,7.420
542,1,765,185,9041.310,7.572
542,2,765,185,9045.235,7.572
542,3,765,185,9049.519,7.572
542,4,765,185,9053.522,7.572
543,1,766,186,9057.831,7.822
543,2,766,186,9061.822,7.822
543,3,766,186,9066.097,7.822
543,4,766,186,9070.154,7.822
544,1,767,187,9074.396,7.716
544,2,767,187,9078.470,7.716
544,3,767,187,9082.641,7.716
544,4,767,187,9086.838,7.716
545,1,768,188,9091.159,7.519
545,2,768,188,9095.260,7.519
545,3,768,188,9099.365,7.519
545,4,768,188,9103.511,7.519
546,1,769,189,9107.816,7.046
546,2,769,189,9111.859,7.046
546,3,769,189,9116.037,7.046
546,4,769,189,9120.185,7.046
547,1,770,190,9124.483,7.281
547,2,770,190,9128.485,7.281
547,3,770,190,9132.652,7.281
547,4,770,190,9136.852,7.281
548,1,771,191,9141.220,7.285
548,2,771,191,9145.184,7.285
548,3,771,191,9149.346,7.285
548,4,771,191,9153.472,7.285
549,1,772,192,9157.858,7.140
549,2,772,192,9161.822,7.140
549,3,772,192,9165.997,7.140
549,4,772,192,9170.141,7.140
550,1,773,193,9174.493,7.191
550,2,773,193,9178.480,7.191
550,3,773,193,9182.659,7.191
550,4,773,193,9186.819,7.191
551,1,774,194,9191.524,7.260
551,2,774,194,9195.490,7.260
551,3,774,194,9199.460,7.260
551,4,774,194,9203.547,7.260
552,1,775,195,9208.141,7.530
552,2,775,195,9211.940,7.530
552,3,775,195,9216.065,7.530
552,4,775,195,9220.388,7.530
553,1,776,196,9224.494,7.396
553,2,776,196,9228.522,7.396
553,3,776,196,9232.669,7.396
553,4,776,196,9236.873,7.396
554,1,777,197,9241.059,7.617
554,2,777,197,9245.154,7.617
554,3,777,197,9249.310,7.617
554,4,777,197,9253.465,7.617
555,1,778,198,9257.853,7.020
555,2,778,198,9261.817,7.020
555,3,778,198,9265.977,7.020
555,4,778,198,9270.142,7.020
556,1,779,199,9274.551,7.237
556,2,779,199,9278.483,7.237
556,3,779,199,9282.735,7.237
556,4,779,199,9286.853,7.237
557,1,780,200,9291.246,7.144
557,2,780,200,9295.171,7.144
557,3,780,200,9299.364,7.144
557,4,780,200,9303.538,7.144
558,1,781,201,9307.844,7.091
558,2,781,201,9311.845,7.091
558,3,781,201,9316.068,7.091
558,4,781,201,9320.162,7.091
559,1,782,202,9324.417,7.228
559,2,782,202,9328.511,7.228
559,3,782,202,9332.668,7.228
559,4,782,202,9336.828,7.228
560,1,783,203,9341.183,7.145
560,2,783,203,9345.195,7.145
560,3,783,203,9349.311,7.145
560,4,783,203,9353.484,7.145
561,1,784,204,9357.770,7.191
561,2,784,204,9361.990,7.191
561,3,784,204,9365.991,7.191
561,4,784,204,9370.173,7.191
562,1,785,205,9374.469,7.270
562,2,785,205,9378.529,7.270
562,3,785,205,9382.707,7.270
562,4,785,205,9386.835,7.270
563,1,786,206,9391.202,7.073
563,2,786,206,9395.219,7.073
563,3,786,206,9399.409,7.073
563,4,786,206,9403.529,7.073
564,1,787,207,9408.183,7.395
564,2,787,207,9412.018,7.395
564,3,787,207,9416.176,7.395
564,4,787,207,9420.175,7.395
565,1,788,208,9424.510,7.290
565,2,788,208,9428.512,7.290
565,3,788,208,9432.717,7.290
565,4,788,208,9436.826,7.290
566,1,789,209,9441.363,7.222
566,2,789,209,9445.162,7.222
566,3,789,209,9449.317,7.222
566,4,789,209,9453.472,7.222
567,1,790,210,9457.799,7.255
567,2,790,210,9462.190,7.255
567,3,790,210,9466.036,7.255
567,4,790,210,9470.299,7.255
568,1,791,211,9474.396,7.312
568,2,791,211,9478.495,7.312
568,3,791,211,9482.692,7.312
568,4,791,211,9486.834,7.312
569,1,792,212,9491.142,7.834
569,2,792,212,9495.163,7.834
569,3,792,212,9499.307,7.834
569,4,792,212,9503.520,7.834
570,1,793,213,9507.799,7.229
570,2,793,213,9511.891,7.229
570,3,793,213,9516.087,7.229
570,4,793,213,9520.394,7.229
571,1,794,214,9524.570,7.545
571,2,794,214,9528.574,7.545
571,3,794,214,9532.885,7.545
571,4,794,214,9537.127,7.545
572,1,795,215,9541.438,7.804
572,2,795,215,9545.406,7.804
572,3,795,215,9549.563,7.804
572,4,795,215,9553.705,7.804
573,1,796,216,9557.789,7.794
573,2,796,216,9561.889,7.794
573,3,796,216,9566.072,7.794
573,4,796,216,9570.201,7.794
574,1,797,217,9574.465,7.806
574,2,797,217,9578.485,7.806
574,3,797,217,9582.909,7.806
574,4,797,217,9586.997,7.806
575,1,798,218,9591.216,7.707
575,2,798,218,9595.358,7.707
575,3,798,218,9599.417,7.707
575,4,798,218,9603.578,7.707
576,1,799,219,9607.871,7.879
576,2,799,219,9611.886,7.879
576,3,799,219,9616.073,7.879
576,4,799,219,9620.180,7.879
577,1,800,220,9624.532,7.867
577,2,800,220,9628.556,7.867
577,3,800,220,9632.843,7.867
577,4,800,220,9636.885,7.867
578,1,801,221,9641.095,7.466
578,2,801,221,9645.204,7.466
578,3,801,221,9649.493,7.466
578,4,801,221,9653.488,7.466
579,1,802,222,9657.789,7.727
579,2,802,222,9661.834,7.727
579,3,802,222,9666.001,7.727
579,4,802,222,9670.186,7.727
580,1,803,223,9674.784,7.467
580,2,803,223,9678.475,7.467
580,3,803,223,9682.679,7.467
580,4,803,223,9686.819,7.467
581,1,804,224,9691.157,7.501
581,2,804,224,9695.145,7.501
581,3,804,224,9699.315,7.501
581,4,804,224,9703.472,7.501
582,1,805,225,9707.829,7.701
582,2,805,225,9711.961,7.701
582,3,805,225,9716.004,7.701
582,4,805,225,9720.138,7.701
583,1,806,226,9724.465,7.190
583,2,806,226,9728.951,7.190
583,3,806,226,9733.263,7.190
583,4,806,226,9737.341,7.190
584,1,807,227,9741.418,7.518
584,2,807,227,9745.358,7.518
584,3,807,227,9749.640,7.518
584,4,807,227,9753.849,7.518
585,1,808,228,9758.002,8.466
585,2,808,228,9762.143,8.466
585,3,808,228,9766.395,8.466
585,4,808,228,9770.557,8.466
586,1,809,229,9774.738,7.872
586,2,809,229,9779.138,7.872
586,3,809,229,9783.092,7.872
586,4,809,229,9787.176,7.872
587,1,810,230,9791.543,2.000
587,2,810,230,9795.732,2.000
587,3,810,230,9799.860,2.000
587,4,810,230,9803.951,2.000
588,1,811,0,9808.011,1.974
588,2,811,0,9812.075,1.974
588,3,811,0,9816.650,1.974
588,4,811,0,9820.479,1.974
589,1,812,0,9824.828,3.854
589,2,812,0,9828.754,3.854
589,3,812,0,9833.159,3.854
589,4,812,0,9837.267,3.854
590,1,813,0,9841.338,3.051
590,2,813,0,9845.573,3.051
590,3,813,0,9849.902,3.051
590,4,813,0,9853.948,3.051
591,1,814,0,9858.024,3.050
591,2,814,0,9862.228,3.050
591,3,814,0,9866.330,3.050
591,4,814,0,9870.447,3.050
592,1,815,0,9874.455,3.342
592,2,815,0,9878.794,3.342
592,3,815,0,9882.980,3.342
592,4,815,0,9886.998,3.342
593,1,816,0,9891.463,2.999
593,2,816,0,9895.425,2.999
593,3,816,0,9899.668,2.999
593,4,816,0,9903.791,2.999
594,1,817,0,9907.956,3.230
594,2,817,0,9912.131,3.230
594,3,817,0,9916.247,3.230
594,4,817,0,9920.421,3.230
595,1,818,0,9924.611,3.009
595,2,818,0,9928.595,3.009
595,3,818,0,9932.813,3.009
595,4,818,0,9937.024,3.009
596,1,819,0,9941.100,3.035
596,2,819,0,9945.300,3.035
596,3,819,0,9949.409,3.035
596,4,819,0,9953.546,3.035
597,1,820,0,9957.703,3.136
597,2,820,0,9961.855,3.136
597,3,820,0,9965.989,3.136
597,4,820,0,9970.164,3.136
598,1,821,0,9974.326,2.802
598,2,821,0,9978.469,2.802
598,3,821,0,9982.791,2.802
598,4,821,0,9986.820,2.802
599,1,822,0,9991.000,2.809
599,2,822,0,9995.160,2.809
599,3,822,0,9999.353,2.809
599,4,822,0,10003.468,2.809
600,1,823,0,10007.677,2.842
600,2,823,0,10011.829,2.842
600,3,823,0,10016.005,2.842
600,4,823,0,10020.137,2.842
601,1,824,0,10024.340,2.846
601,2,824,0,10028.473,2.846
601,3,824,0,10032.639,2.846
601,4,824,0,10037.114,2.846
602,1,825,0,10041.185,2.846
602,2,825,0,10045.562,2.846
602,3,825,0,10049.614,2.846
602,4,825,0,10053.577,2.846
603,1,826,0,10057.710,3.012
603,2,826,0,10061.875,3.012
603,3,826,0,10066.008,3.012
603,4,826,0,10070.136,3.012
604,1,827,0,10074.293,2.708
604,2,827,0,10078.454,2.708
604,3,827,0,10082.632,2.708
604,4,827,0,10086.798,2.708
605,1,828,0,10090.942,2.682
605,2,828,0,10095.121,2.682
605,3,828,0,10099.386,2.682
605,4,828,0,10103.496,2.682
606,1,829,0,10107.714,2.825
606,2,829,0,10111.783,2.825
606,3,829,0,10116.002,2.825
606,4,829,0,10120.155,2.825
607,1,830,0,10124.311,2.675
607,2,830,0,10128.454,2.675
607,3,830,0,10132.672,2.675
607,4,830,0,10136.861,2.675
608,1,831,0,10140.962,2.841
608,2,831,0,10145.112,2.841
608,3,831,0,10149.307,2.841
608,4,831,0,10153.485,2.841
609,1,832,0,10157.637,2.916
609,2,832,0,10161.790,2.916
609,3,832,0,10165.945,2.916
609,4,832,0,10170.154,2.916
610,1,833,0,10174.278,2.798
610,2,833,0,10178.436,2.798
610,3,833,0,10182.632,2.798
610,4,833,0,10186.811,2.798
611,1,834,0,10190.975,2.905
611,2,834,0,10195.179,2.905
611,3,834,0,10199.312,2.905
611,4,834,0,10203.476,2.905
612,1,835,0,10207.634,2.647
612,2,835,0,10211.808,2.647
612,3,835,0,10216.007,2.647
612,4,835,0,10220.137,2.647
613,1,836,0,10224.341,2.663
613,2,836,0,10228.485,2.663
613,3,836,0,10232.687,2.663
613,4,836,0,10236.772,2.663
614,1,837,0,10240.949,2.849
614,2,837,0,10245.105,2.849
614,3,837,0,10249.276,2.849
614,4,837,0,10253.439,2.849
615,1,838,0,10257.741,2.691
615,2,838,0,10261.769,2.691
615,3,838,0,10265.951,2.691
615,4,838,0,10270.107,2.691
616,1,839,0,10274.335,2.701
616,2,839,0,10278.518,2.701
616,3,839,0,10282.649,2.701
616,4,839,0,10286.807,2.701
617,1,840,0,10291.008,2.797
617,2,840,0,10295.190,2.797
617,3,840,0,10299.305,2.797
617,4,840,0,10303.474,2.797
618,1,841,0,10307.692,2.658
618,2,841,0,10311.927,2.658
618,3,841,0,10316.215,2.658
618,4,841,0,10320.214,2.658
619,1,842,0,10324.490,2.662
619,2,842,0,10328.549,2.662
619,3,842,0,10332.765,2.662
619,4,842,0,10336.857,2.662
620,1,843,0,10341.194,2.692
620,2,843,0,10345.146,2.692
620,3,843,0,10349.316,2.692
620,4,843,0,10353.456,2.692
621,1,844,0,10357.840,1.761
621,2,844,0,10361.810,1.761
621,3,844,0,10366.136,1.761
621,4,844,0,10370.134,1.761
622,1,845,0,10374.332,1.604
622,2,845,0,10378.473,1.604
622,3,845,0,10382.654,1.604
622,4,845,0,10387.536,1.604
623,1,846,0,10390.981,1.671
623,2,846,0,10395.138,1.671
623,3,846,0,10399.323,1.671
623,4,846,0,10403.528,1.671
624,1,847,0,10407.703,1.737
624,2,847,0,10411.860,1.737
624,3,847,0,10415.999,1.737
624,4,847,0,10420.193,1.737
625,1,848,0,10424.298,1.750
625,2,848,0,10428.529,1.750
625,3,848,0,10432.707,1.750
625,4,848,0,10436.895,1.750
626,1,849,0,10441.043,1.766
626,2,849,0,10445.203,1.766
626,3,849,0,10449.329,1.766
626,4,849,0,10453.550,1.766
627,1,850,0,10457.703,1.735
627,2,850,0,10461.813,1.735
627,3,850,0,10466.008,1.735
627,4,850,0,10470.222,1.735
628,1,851,0,10474.395,1.599
628,2,851,0,10478.542,1.599
628,3,851,0,10483.217,1.599
628,4,851,0,10486.874,1.599
629,1,852,0,10491.049,1.764
629,2,852,0,10495.336,1.764
629,3,852,0,10499.402,1.764
629,4,852,0,10503.724,1.764
630,1,853,0,10507.741,1.787
630,2,853,0,10511.913,1.787
630,3,853,0,10516.183,1.787
630,4,853,0,10520.203,1.787
631,1,854,0,10524.345,1.742
631,2,854,0,10528.513,1.742
631,3,854,0,10532.803,1.742
631,4,854,0,10536.865,1.742
632,1,855,0,10541.037,1.718
632,2,855,0,10545.371,1.718
632,3,855,0,10549.765,1.718
632,4,855,0,10553.837,1.718
633,1,856,0,10557.982,1.630
633,2,856,0,10562.148,1.630
633,3,856,0,10566.347,1.630
633,4,856,0,10570.487,1.630
634,1,857,0,10574.523,1.824
634,2,857,0,10578.764,1.824
634,3,857,0,10582.792,1.824
634,4,857,0,10587.092,1.824
635,1,858,0,10591.245,1.817
635,2,858,0,10595.217,1.817
635,3,858,0,10599.382,1.817
635,4,858,0,10603.636,1.817
636,1,859,0,10607.821,1.805
636,2,859,0,10611.971,1.805
636,3,859,0,10616.223,1.805
636,4,859,0,10620.224,1.805
637,1,860,0,10624.487,1.883
637,2,860,0,10628.629,1.883
637,3,860,0,10632.718,1.883
637,4,860,0,10636.875,1.883
638,1,861,0,10641.082,1.617
638,2,861,0,10645.236,1.617
638,3,861,0,10649.384,1.617
638,4,861,0,10653.573,1.617
639,1,862,0,10658.350,2.353
639,2,862,0,10661.869,2.353
639,3,862,0,10665.992,2.353
639,4,862,0,10670.220,2.353
640,1,863,0,10674.319,1.794
640,2,863,0,10678.476,1.794
640,3,863,0,10682.678,1.794
640,4,863,0,10686.843,1.794
641,1,864,0,10690.982,1.816
641,2,864,0,10695.142,1.816
641,3,864,0,10699.295,1.816
641,4,864,0,10703.465,1.816
642,1,865,0,10707.671,1.583
642,2,865,0,10711.853,1.583
642,3,865,0,10716.169,1.583
642,4,865,0,10720.133,1.583
643,1,866,0,10724.317,1.582
643,2,866,0,10728.471,1.582
643,3,866,0,10732.706,1.582
643,4,866,0,10736.796,1.582
644,1,867,0,10740.972,1.703
644,2,867,0,10745.136,1.703
644,3,867,0,10749.326,1.703
644,4,867,0,10753.475,1.703
645,1,868,0,10757.660,1.568
645,2,868,0,10761.816,1.568
645,3,868,0,10766.018,1.568
645,4,868,0,10770.132,1.568
646,1,869,0,10774.323,1.570
646,2,869,0,10778.531,1.570
646,3,869,0,10782.791,1.570
646,4,869,0,10786.835,1.570
647,1,870,0,10791.090,1.691
647,2,870,0,10795.201,1.691
647,3,870,0,10799.315,1.691
647,4,870,0,10803.481,1.691
648,1,871,0,10807.647,1.859
648,2,871,0,10811.840,1.859
648,3,871,0,10816.171,1.859
648,4,871,0,10820.335,1.859
649,1,872,0,10824.362,1.764
649,2,872,0,10828.476,1.764
649,3,872,0,10832.636,1.764
649,4,872,0,10836.832,1.764
650,1,873,0,10841.156,1.681
650,2,873,0,10845.141,1.681
650,3,873,0,10849.312,1.681
650,4,873,0,10853.469,1.681
651,1,874,0,10857.692,1.565
651,2,874,0,10861.806,1.565
651,3,874,0,10866.100,1.565
651,4,874,0,10870.163,1.565
652,1,875,0,10874.316,1.563
652,2,875,0,10878.470,1.563
652,3,875,0,10882.676,1.563
652,4,875,0,10886.882,1.563
653,1,876,0,10891.317,1.705
653,2,876,0,10895.360,1.705
653,3,876,0,10899.478,1.705
653,4,876,0,10903.652,1.705
654,1,877,0,10907.935,1.789
654,2,877,0,10912.178,1.789
654,3,877,0,10916.230,1.789
654,4,877,0,10920.314,1.789
655,1,878,0,10924.438,1.817
655,2,878,0,10928.553,1.817
655,3,878,0,10932.920,1.817
655,4,878,0,10937.241,1.817
656,1,879,0,10941.161,1.767
656,2,879,0,10945.158,1.767
656,3,879,0,10950.196,1.767
656,4,879,0,10954.016,1.767
657,1,880,0,10957.978,1.801
657,2,880,0,10962.167,1.801
657,3,880,0,10966.204,1.801
657,4,880,0,10970.172,1.801
658,1,881,0,10974.329,1.759
658,2,881,0,10978.483,1.759
658,3,881,0,10982.694,1.759
658,4,881,0,10986.817,1.759
659,1,882,0,10991.138,1.899
659,2,882,0,10995.235,1.899
659,3,882,0,10999.326,1.899
659,4,882,0,11003.494,1.899
660,1,883,0,11007.787,4.898
660,2,883,0,11011.931,4.898
660,3,883,0,11016.153,4.898
660,4,883,0,11020.236,4.898
661,1,884,0,11024.344,4.585
661,2,884,0,11028.487,4.585
661,3,884,0,11032.836,4.585
661,4,884,0,11037.053,4.585
662,1,885,0,11041.084,4.739
662,2,885,0,11045.380,4.739
662,3,885,0,11049.393,4.739
662,4,885,0,11053.472,4.739
663,1,886,1008,11057.715,5.202
663,2,886,1008,11061.825,5.202
663,3,886,1008,11065.978,5.202
663,4,886,1008,11070.157,5.202
664,1,887,992,11074.342,4.705
664,2,887,992,11078.520,4.705
664,3,887,992,11083.305,4.705
664,4,887,992,11087.232,4.705
665,1,888,976,11091.227,4.824
665,2,888,976,11095.380,4.824
665,3,888,976,11099.408,4.824
665,4,888,976,11103.630,4.824
666,1,889,960,11107.744,5.193
666,2,889,960,11111.903,5.193
666,3,889,960,11116.071,5.193
666,4,889,960,11120.254,5.193
667,1,890,944,11124.367,4.583
667,2,890,944,11128.494,4.583
667,3,890,944,11132.717,4.583
667,4,890,944,11136.889,4.583
668,1,891,928,11141.230,4.957
668,2,891,928,11145.182,4.957
668,3,891,928,11149.341,4.957
668,4,891,928,11153.529,4.957
669,1,892,912,11157.677,4.533
669,2,892,912,11161.834,4.533
669,3,892,912,11166.004,4.533
669,4,892,912,11170.199,4.533
670,1,893,896,11174.360,4.818
670,2,893,896,11178.480,4.818
670,3,893,896,11182.681,4.818
670,4,893,896,11186.815,4.818
671,1,894,880,11191.130,4.674
671,2,894,880,11195.140,4.674
671,3,894,880,11199.350,4.674
671,4,894,880,11203.478,4.674
672,1,895,864,11207.711,4.726
672,2,895,864,11211.841,4.726
672,3,895,864,11216.044,4.726
672,4,895,864,11220.144,4.726
673,1,896,848,11224.525,4.389
673,2,896,848,11228.498,4.389
673,3,896,848,11232.678,4.389
673,4,896,848,11236.810,4.389
674,1,897,832,11241.154,4.652
674,2,897,832,11245.846,4.652
674,3,897,832,11249.327,4.652
674,4,897,832,11253.461,4.652
675,1,898,816,11257.674,4.427
675,2,898,816,11261.855,4.427
675,3,898,816,11266.035,4.427
675,4,898,816,11270.211,4.427
676,1,899,800,11274.427,4.349
676,2,899,800,11278.653,4.349
676,3,899,800,11282.879,4.349
676,4,899,800,11286.884,4.349
677,1,900,784,11291.072,4.817
677,2,900,784,11295.337,4.817
677,3,900,784,11299.352,4.817
677,4,900,784,11303.515,4.817
678,1,901,768,11308.007,4.739
678,2,901,768,11311.923,4.739
678,3,901,768,11316.016,4.739
678,4,901,768,11320.154,4.739
679,1,902,784,11324.364,4.741
679,2,902,784,11328.488,4.741
679,3,902,784,11332.682,4.741
679,4,902,784,11336.819,4.741
680,1,903,768,11341.026,4.796
680,2,903,768,11345.141,4.796
680,3,903,768,11349.321,4.796
680,4,903,768,11353.480,4.796
681,1,904,752,11357.778,4.525
681,2,904,752,11361.820,4.525
681,3,904,752,11366.009,4.525
681,4,904,752,11370.130,4.525
682,1,905,768,11374.322,4.507
682,2,905,768,11378.472,4.507
682,3,905,768,11382.686,4.507
682,4,905,768,11386.810,4.507
683,1,906,782,11391.007,4.468
683,2,906,782,11395.150,4.468
683,3,906,782,11399.306,4.468
683,4,906,782,11403.534,4.468
684,1,907,768,11407.668,4.570
684,2,907,768,11411.820,4.570
684,3,907,768,11416.104,4.570
684,4,907,768,11420.188,4.570
685,1,908,754,11424.303,4.454
685,2,908,754,11428.472,4.454
685,3,908,754,11432.676,4.454
685,4,908,754,11436.816,4.454
686,1,909,768,11441.042,4.323
686,2,909,768,11445.131,4.323
686,3,909,768,11449.312,4.323
686,4,909,768,11453.471,4.323
687,1,910,776,11457.729,4.352
687,2,910,776,11461.823,4.352
687,3,910,776,11466.134,4.352
687,4,910,776,11470.143,4.352
688,1,911,768,11474.319,4.354
688,2,911,768,11478.463,4.354
688,3,911,768,11482.712,4.354
688,4,911,768,11486.831,4.354
689,1,912,760,11491.029,4.351
689,2,912,760,11495.142,4.351
689,3,912,760,11499.308,4.351
689,4,912,760,11503.482,4.351
690,1,913,768,11507.787,4.306
690,2,913,768,11511.860,4.306
690,3,913,768,11516.261,4.306
690,4,913,768,11520.231,4.306
691,1,914,775,11524.503,4.300
691,2,914,775,11528.516,4.300
691,3,914,775,11532.707,4.300
691,4,914,775,11536.857,4.300
692,1,915,768,11541.040,4.415
692,2,915,768,11545.166,4.415
692,3,915,768,11549.335,4.415
692,4,915,768,11553.492,4.415
693,1,916,761,11557.684,4.541
693,2,916,761,11561.867,4.541
693,3,916,761,11566.163,4.541
693,4,916,761,11570.299,4.541
694,1,917,768,11574.496,4.383
694,2,917,768,11578.553,4.383
694,3,917,768,11582.833,4.383
694,4,917,768,11587.769,4.383
695,1,918,774,11592.173,4.619
695,2,918,774,11596.041,4.619
695,3,918,774,11599.932,4.619
695,4,918,774,11604.083,4.619
696,1,109386,809,11608.951,6.273
696,2,109386,809,11612.484,6.273
696,3,109386,809,11616.577,6.273
696,4,109386,809,11620.688,6.273
697,1,109387,813,11624.775,6.307
697,2,109387,813,11628.882,6.307
697,3,109387,813,11633.079,6.307
697,4,109387,813,11637.286,6.307
698,1,109388,817,11641.368,5.673
698,2,109388,817,11645.404,5.673
698,3,109388,817,11649.542,5.673
698,4,109388,817,11653.860,5.673
699,1,109389,821,11657.880,5.807
699,2,109389,821,11661.947,5.807
699,3,109389,821,11666.086,5.807
699,4,109389,821,11670.542,5.807
700,1,109390,825,11674.515,5.005
700,2,109390,825,11678.811,5.005
700,3,109390,825,11683.125,5.005
700,4,109390,825,11687.017,5.005
701,1,109391,829,11691.419,5.376
701,2,109391,829,11695.505,5.376
701,3,109391,829,11699.686,5.376
701,4,109391,829,11703.686,5.376
702,1,109392,833,11707.895,5.280
702,2,109392,833,11712.160,5.280
702,3,109392,833,11716.319,5.280
702,4,109392,833,11720.333,5.280
703,1,109393,837,11724.670,5.584
703,2,109393,837,11729.403,5.584
703,3,109393,837,11733.014,5.584
703,4,109393,837,11737.044,5.584
704,1,109394,841,11741.312,5.426
704,2,109394,841,11745.460,5.426
704,3,109394,841,11749.452,5.426
704,4,109394,841,11753.576,5.426
705,1,109395,845,11757.772,5.198
705,2,109395,845,11761.887,5.198
705,3,109395,845,11766.029,5.198
705,4,109395,845,11770.267,5.198
706,1,109396,849,11774.343,4.843
706,2,109396,849,11778.496,4.843
706,3,109396,849,11782.811,4.843
706,4,109396,849,11786.829,4.843
707,1,109397,853,11791.144,5.148
707,2,109397,853,11795.180,5.148
707,3,109397,853,11799.357,5.148
707,4,109397,853,11803.482,5.148
708,1,109398,857,11807.721,4.968
708,2,109398,857,11811.842,4.968
708,3,109398,857,11815.998,4.968
708,4,109398,857,11820.139,4.968
709,1,109399,861,11824.358,4.950
709,2,109399,861,11828.498,4.950
709,3,109399,861,11832.672,4.950
709,4,109399,861,11836.843,4.950
710,1,109400,861,11841.054,5.294
710,2,109400,861,11845.212,5.294
710,3,109400,861,11849.349,5.294
710,4,109400,861,11853.484,5.294
711,1,109401,860,11857.661,5.875
711,2,109401,860,11861.824,5.875
711,3,109401,860,11865.995,5.875
711,4,109401,860,11870.159,5.875
712,1,109402,859,11874.384,5.343
712,2,109402,859,11878.591,5.343
712,3,109402,859,11882.694,5.343
712,4,109402,859,11886.871,5.343
713,1,109403,858,11891.054,5.107
713,2,109403,858,11895.180,5.107
713,3,109403,858,11899.339,5.107
713,4,109403,858,11903.573,5.107
714,1,109404,857,11907.763,4.932
714,2,109404,857,11912.010,4.932
714,3,109404,857,11916.198,4.932
714,4,109404,857,11920.246,4.932
715,1,109405,856,11924.393,5.316
715,2,109405,856,11928.587,5.316
715,3,109405,856,11932.871,5.316
715,4,109405,856,11936.876,5.316
716,1,109406,855,11941.070,5.348
716,2,109406,855,11945.198,5.348
716,3,109406,855,11949.509,5.348
716,4,109406,855,11953.542,5.348
717,1,109407,854,11957.864,5.100
717,2,109407,854,11961.901,5.100
717,3,109407,854,11966.147,5.100
717,4,109407,854,11970.196,5.100
718,1,109408,853,11974.332,4.876
718,2,109408,853,11978.665,4.876
718,3,109408,853,11982.722,4.876
718,4,109408,853,11986.969,4.876
719,1,109409,852,11991.011,5.080
719,2,109409,852,11995.250,5.080
719,3,109409,852,11999.355,5.080
719,4,109409,852,12003.513,5.080
720,1,109410,851,12007.719,5.321
720,2,109410,851,12012.075,5.321
720,3,109410,851,12016.047,5.321
720,4,109410,851,12020.180,5.321
721,1,109411,850,12024.422,4.867
721,2,109411,850,12028.503,4.867
721,3,109411,850,12032.689,4.867
721,4,109411,850,12036.934,4.867
722,1,109412,849,12041.250,5.171
722,2,109412,849,12045.310,5.171
722,3,109412,849,12049.518,5.171
722,4,109412,849,12053.520,5.171
723,1,109413,848,12057.837,5.428
723,2,109413,848,12061.884,5.428
723,3,109413,848,12066.048,5.428
723,4,109413,848,12070.179,5.428
724,1,109414,847,12074.344,5.645
724,2,109414,847,12078.500,5.645
724,3,109414,847,12082.783,5.645
724,4,109414,847,12086.864,5.645
725,1,109415,846,12091.189,4.936
725,2,109415,846,12095.348,4.936
725,3,109415,846,12099.795,4.936
725,4,109415,846,12103.784,4.936
726,1,109416,845,12107.798,5.078
726,2,109416,845,12112.200,5.078
726,3,109416,845,12116.348,5.078
726,4,109416,845,12120.586,5.078
727,1,109417,844,12125.006,5.109
727,2,109417,844,12129.100,5.109
727,3,109417,844,12133.170,5.109
727,4,109417,844,12137.266,5.109
728,1,109418,843,12141.383,5.737
728,2,109418,843,12145.737,5.737
728,3,109418,843,12149.905,5.737
728,4,109418,843,12153.844,5.737
729,1,109419,842,12158.128,5.370
729,2,109419,842,12162.280,5.370
729,3,109419,842,12166.424,5.370
729,4,109419,842,12170.482,5.370
730,1,109420,841,12174.657,5.394
730,2,109420,841,12178.798,5.394
730,3,109420,841,12183.203,5.394
730,4,109420,841,12187.606,5.394
731,1,109421,840,12191.581,5.434
731,2,109421,840,12195.612,5.434
731,3,109421,840,12200.010,5.434
731,4,109421,840,12204.114,5.434
732,1,109422,839,12208.202,5.388
732,2,109422,839,12212.362,5.388
732,3,109422,839,12216.532,5.388
732,4,109422,839,12220.594,5.388
733,1,109423,838,12224.873,5.309
733,2,109423,838,12229.048,5.309
733,3,109423,838,12233.239,5.309
733,4,109423,838,12237.171,5.309
734,1,109424,837,12241.455,5.011
734,2,109424,837,12245.727,5.011
734,3,109424,837,12250.067,5.011
734,4,109424,837,12254.161,5.011
735,1,109425,836,12258.301,5.073
735,2,109425,836,12262.864,5.073
735,3,109425,836,12266.714,5.073
735,4,109425,836,12270.814,5.073
736,1,109426,835,12274.962,5.396
736,2,109426,835,12279.170,5.396
736,3,109426,835,12283.352,5.396
736,4,109426,835,12287.525,5.396
737,1,109427,834,12291.593,5.473
737,2,109427,834,12295.835,5.473
737,3,109427,834,12299.782,5.473
737,4,109427,834,12304.061,5.473
738,1,109428,833,12308.194,5.390
738,2,109428,833,12312.445,5.390
738,3,109428,833,12316.635,5.390
738,4,109428,833,12320.885,5.390
739,1,109429,832,12324.837,5.358
739,2,109429,832,12328.928,5.358
739,3,109429,832,12333.131,5.358
739,4,109429,832,12337.201,5.358
740,1,109430,831,12341.541,5.376
740,2,109430,831,12345.413,5.376
740,3,109430,831,12349.521,5.376
740,4,109430,831,12353.613,5.376
741,1,109431,830,12357.794,5.082
741,2,109431,830,12362.055,5.082
741,3,109431,830,12366.160,5.082
741,4,109431,830,12370.232,5.082
742,1,109432,829,12374.421,5.300
742,2,109432,829,12378.494,5.300
742,3,109432,829,12382.710,5.300
742,4,109432,829,12386.871,5.300
743,1,109433,828,12391.203,5.319
743,2,109433,828,12395.216,5.319
743,3,109433,828,12399.530,5.319
743,4,109433,828,12403.531,5.319
744,1,109434,827,12407.737,4.863
744,2,109434,827,12411.849,4.863
744,3,109434,827,12416.093,4.863
744,4,109434,827,12420.660,4.863
745,1,109435,826,12424.926,5.281
745,2,109435,826,12428.849,5.281
745,3,109435,826,12433.106,5.281
745,4,109435,826,12437.168,5.281
746,1,109436,825,12441.223,5.461
746,2,109436,825,12445.407,5.461
746,3,109436,825,12449.419,5.461
746,4,109436,825,12453.675,5.461
747,1,109437,824,12457.848,5.221
747,2,109437,824,12462.044,5.221
747,3,109437,824,12466.015,5.221
747,4,109437,824,12470.181,5.221
748,1,109438,823,12474.357,5.193
748,2,109438,823,12478.695,5.193
748,3,109438,823,12482.827,5.193
748,4,109438,823,12486.875,5.193
749,1,109439,822,12491.098,5.074
749,2,109439,822,12495.286,5.074
749,3,109439,822,12499.363,5.074
749,4,109439,822,12503.509,5.074
750,1,109440,821,12507.836,5.101
750,2,109440,821,12511.880,5.101
750,3,109440,821,12516.037,5.101
750,4,109440,821,12520.218,5.101
751,1,109441,820,12524.521,5.110
751,2,109441,820,12528.808,5.110
751,3,109441,820,12532.964,5.110
751,4,109441,820,12537.135,5.110
752,1,109442,819,12542.174,5.045
752,2,109442,819,12545.425,5.045
752,3,109442,819,12549.625,5.045
752,4,109442,819,12553.678,5.045
753,1,109443,818,12557.792,5.646
753,2,109443,818,12562.098,5.646
753,3,109443,818,12566.246,5.646
753,4,109443,818,12570.395,5.646
754,1,109444,817,12574.677,5.445
754,2,109444,817,12578.756,5.445
754,3,109444,817,12582.932,5.445
754,4,109444,817,12586.918,5.445
755,1,109445,816,12591.253,5.590
755,2,109445,816,12595.429,5.590
755,3,109445,816,12599.412,5.590
755,4,109445,816,12603.532,5.590
756,1,109446,815,12607.815,5.367
756,2,109446,815,12611.990,5.367
756,3,109446,815,12616.322,5.367
756,4,109446,815,12620.485,5.367
757,1,109447,814,12624.654,5.377
757,2,109447,814,12628.756,5.377
757,3,109447,814,12632.944,5.377
757,4,109447,814,12637.347,5.377
758,1,109448,813,12641.197,5.850
758,2,109448,813,12645.335,5.850
758,3,109448,813,12649.653,5.850
758,4,109448,813,12653.622,5.850
759,1,109449,812,12657.791,5.442
759,2,109449,812,12662.001,5.442
759,3,109449,812,12666.119,5.442
759,4,109449,812,12670.331,5.442
760,1,109450,811,12674.477,4.974
760,2,109450,811,12678.660,4.974
760,3,109450,811,12682.787,4.974
760,4,109450,811,12686.902,4.974
761,1,109451,810,12691.121,5.003
761,2,109451,810,12695.399,5.003
761,3,109451,810,12699.381,5.003
761,4,109451,810,12703.534,5.003
762,1,109452,809,12707.746,5.008
762,2,109452,809,12711.944,5.008
762,3,109452,809,12716.060,5.008
762,4,109452,809,12720.199,5.008
763,1,109453,808,12724.400,5.278
763,2,109453,808,12728.770,5.278
763,3,109453,808,12732.844,5.278
763,4,109453,808,12736.881,5.278
764,1,109454,807,12741.065,4.997
764,2,109454,807,12745.326,4.997
764,3,109454,807,12749.361,4.997
764,4,109454,807,12753.558,4.997
765,1,109455,806,12758.337,5.287
765,2,109455,806,12761.904,5.287
765,3,109455,806,12766.038,5.287
765,4,109455,806,12770.214,5.287
766,1,109456,805,12774.742,5.120
766,2,109456,805,12778.626,5.120
766,3,109456,805,12782.805,5.120
766,4,109456,805,12787.132,5.120
767,1,109457,804,12791.446,5.646
767,2,109457,804,12795.416,5.646
767,3,109457,804,12799.375,5.646
767,4,109457,804,12803.529,5.646
768,1,109458,803,12807.722,5.214
768,2,109458,803,12811.897,5.214
768,3,109458,803,12816.064,5.214
768,4,109458,803,12820.355,5.214
769,1,109459,802,12824.361,5.421
769,2,109459,802,12828.756,5.421
769,3,109459,802,12832.809,5.421
769,4,109459,802,12836.881,5.421
770,1,109460,801,12841.059,5.421
770,2,109460,801,12845.330,5.421
770,3,109460,801,12849.373,5.421
770,4,109460,801,12853.698,5.421
771,1,109461,256,12857.839,5.355
771,2,109461,256,12861.887,5.355
771,3,109461,256,12866.029,5.355
771,4,109461,256,12870.382,5.355
772,1,109462,256,12874.642,4.912
772,2,109462,256,12878.589,4.912
772,3,109462,256,12882.728,4.912
772,4,109462,256,12887.001,4.912
773,1,109463,256,12891.201,4.965
773,2,109463,256,12895.410,4.965
773,3,109463,256,12899.559,4.965
773,4,109463,256,12903.532,4.965
774,1,109464,256,12907.898,5.226
774,2,109464,256,12911.902,5.226
774,3,109464,256,12916.265,5.226
774,4,109464,256,12920.469,5.226
775,1,109465,256,12924.817,5.701
775,2,109465,256,12928.964,5.701
775,3,109465,256,12932.950,5.701
775,4,109465,256,12937.134,5.701
776,1,109466,256,12941.284,5.681
776,2,109466,256,12945.277,5.681
776,3,109466,256,12949.511,5.681
776,4,109466,256,12953.579,5.681
777,1,109467,256,12957.865,5.516
777,2,109467,256,12961.907,5.516
777,3,109467,256,12966.079,5.516
777,4,109467,256,12970.273,5.516
778,1,109468,256,12974.404,4.934
778,2,109468,256,12978.744,4.934
778,3,109468,256,12982.759,4.934
778,4,109468,256,12986.899,4.934
779,1,109469,256,12991.199,5.598
779,2,109469,256,12995.253,5.598
779,3,109469,256,12999.394,5.598
779,4,109469,256,13003.565,5.598
780,1,109470,256,13007.885,5.418
780,2,109470,256,13011.942,5.418
780,3,109470,256,13016.188,5.418
780,4,109470,256,13020.207,5.418
781,1,109471,256,13024.626,5.604
781,2,109471,256,13028.602,5.604
781,3,109471,256,13032.679,5.604
781,4,109471,256,13036.875,5.604
782,1,109472,256,13041.335,5.494
782,2,109472,256,13045.385,5.494
782,3,109472,256,13049.556,5.494
782,4,109472,256,13053.579,5.494
783,1,109473,256,13057.882,5.482
783,2,109473,256,13061.898,5.482
783,3,109473,256,13066.044,5.482
783,4,109473,256,13070.204,5.482
784,1,109474,256,13074.512,5.395
784,2,109474,256,13078.537,5.395
784,3,109474,256,13082.700,5.395
784,4,109474,256,13086.862,5.395
785,1,109475,256,13091.132,5.324
785,2,109475,256,13095.172,5.324
785,3,109475,256,13099.337,5.324
785,4,109475,256,13103.482,5.324
786,1,109476,256,13107.774,5.045
786,2,109476,256,13111.827,5.045
786,3,109476,256,13115.993,5.045
786,4,109476,256,13120.183,5.045
787,1,109477,256,13124.419,5.070
787,2,109477,256,13128.489,5.070
787,3,109477,256,13132.724,5.070
787,4,109477,256,13136.866,5.070
788,1,109478,256,13141.170,5.119
788,2,109478,256,13145.194,5.119
788,3,109478,256,13149.344,5.119
788,4,109478,256,13153.511,5.119
789,1,109479,256,13158.347,5.138
789,2,109479,256,13161.845,5.138
789,3,109479,256,13165.989,5.138
789,4,109479,256,13170.180,5.138
790,1,109480,256,13174.454,5.250
790,2,109480,256,13178.534,5.250
790,3,109480,256,13182.700,5.250
790,4,109480,256,13186.806,5.250
791,1,109481,256,13191.125,5.157
791,2,109481,256,13195.151,5.157
791,3,109481,256,13199.356,5.157
791,4,109481,256,13203.468,5.157
792,1,109482,256,13208.226,5.252
792,2,109482,256,13211.851,5.252
792,3,109482,256,13216.035,5.252
792,4,109482,256,13220.129,5.252
793,1,109483,256,13224.323,5.221
793,2,109483,256,13228.482,5.221
793,3,109483,256,13232.922,5.221
793,4,109483,256,13236.846,5.221
794,1,109484,256,13241.142,5.013
794,2,109484,256,13245.154,5.013
794,3,109484,256,13249.335,5.013
794,4,109484,256,13253.499,5.013
795,1,109485,256,13257.927,5.102
795,2,109485,256,13261.894,5.102
795,3,109485,256,13265.996,5.102
795,4,109485,256,13270.172,5.102
796,1,109486,256,13274.455,5.095
796,2,109486,256,13278.559,5.095
796,3,109486,256,13282.807,5.095
796,4,109486,256,13286.840,5.095
797,1,109487,256,13291.247,4.926
797,2,109487,256,13295.263,4.926
797,3,109487,256,13299.379,4.926
797,4,109487,256,13303.680,4.926
798,1,109488,256,13308.480,4.940
798,2,109488,256,13311.846,4.940
798,3,109488,256,13316.009,4.940
798,4,109488,256,13320.164,4.940
799,1,109489,256,13324.526,5.646
799,2,109489,256,13328.513,5.646
799,3,109489,256,13332.691,5.646
799,4,109489,256,13336.854,5.646
800,1,109490,256,13341.264,5.444
800,2,109490,256,13345.242,5.444
800,3,109490,256,13349.405,5.444
800,4,109490,256,13353.524,5.444
801,1,109491,256,13357.860,5.107
801,2,109491,256,13361.890,5.107
801,3,109491,256,13366.013,5.107
801,4,109491,256,13370.238,5.107
802,1,109492,256,13374.491,5.401
802,2,109492,256,13378.497,5.401
802,3,109492,256,13382.775,5.401
802,4,109492,256,13386.889,5.401
803,1,109493,256,13391.158,5.041
803,2,109493,256,13395.160,5.041
803,3,109493,256,13399.343,5.041
803,4,109493,256,13403.558,5.041
804,1,109494,256,13407.853,5.170
804,2,109494,256,13411.874,5.170
804,3,109494,256,13416.011,5.170
804,4,109494,256,13420.179,5.170
805,1,109495,256,13424.512,4.950
805,2,109495,256,13428.500,4.950
805,3,109495,256,13432.670,4.950
805,4,109495,256,13436.843,4.950
806,1,109496,256,13441.267,4.845
806,2,109496,256,13445.177,4.845
806,3,109496,256,13449.497,4.845
806,4,109496,256,13453.492,4.845
807,1,109497,256,13457.838,4.935
807,2,109497,256,13461.859,4.935
807,3,109497,256,13466.242,4.935
807,4,109497,256,13470.162,4.935
808,1,109498,256,13474.344,4.949
808,2,109498,256,13478.545,4.949
808,3,109498,256,13482.685,4.949
808,4,109498,256,13486.855,4.949
809,1,109499,256,13491.226,4.894
809,2,109499,256,13495.305,4.894
809,3,109499,256,13499.324,4.894
809,4,109499,256,13503.477,4.894
810,1,109500,256,13507.820,4.782
810,2,109500,256,13511.904,4.782
810,3,109500,256,13516.039,4.782
810,4,109500,256,13520.173,4.782
811,1,109501,256,13524.661,4.875
811,2,109501,256,13528.592,4.875
811,3,109501,256,13532.701,4.875
811,4,109501,256,13536.836,4.875
812,1,109502,256,13541.184,4.936
812,2,109502,256,13545.197,4.936
812,3,109502,256,13549.351,4.936
812,4,109502,256,13553.501,4.936
813,1,109503,256,13557.819,5.089
813,2,109503,256,13561.909,5.089
813,3,109503,256,13566.082,5.089
813,4,109503,256,13570.207,5.089
814,1,109504,256,13574.528,4.950
814,2,109504,256,13578.700,4.950
814,3,109504,256,13582.727,4.950
814,4,109504,256,13586.908,4.950
815,1,109505,256,13591.269,5.148
815,2,109505,256,13595.514,5.148
815,3,109505,256,13599.572,5.148
815,4,109505,256,13603.573,5.148
816,1,109506,256,13607.927,5.555
816,2,109506,256,13611.960,5.555
816,3,109506,256,13616.176,5.555
816,4,109506,256,13620.265,5.555
817,1,109507,256,13625.175,5.717
817,2,109507,256,13628.776,5.717
817,3,109507,256,13633.016,5.717
817,4,109507,256,13637.037,5.717
818,1,109508,256,13641.549,5.318
818,2,109508,256,13645.416,5.318
818,3,109508,256,13649.558,5.318
818,4,109508,256,13653.551,5.318
819,1,109509,256,13657.854,5.093
819,2,109509,256,13661.912,5.093
819,3,109509,256,13666.192,5.093
819,4,109509,256,13670.257,5.093
820,1,109510,256,13674.554,5.090
820,2,109510,256,13678.558,5.090
820,3,109510,256,13682.850,5.090
820,4,109510,256,13686.865,5.090
821,1,109511,256,13691.279,4.883
821,2,109511,256,13695.229,4.883
821,3,109511,256,13699.375,4.883
821,4,109511,256,13703.515,4.883
822,1,109512,256,13707.841,5.219
822,2,109512,256,13711.924,5.219
822,3,109512,256,13716.034,5.219
822,4,109512,256,13720.183,5.219
823,1,109513,256,13724.362,5.226
823,2,109513,256,13728.561,5.226
823,3,109513,256,13732.712,5.226
823,4,109513,256,13736.839,5.226
824,1,109514,256,13741.131,4.973
824,2,109514,256,13745.231,4.973
824,3,109514,256,13749.380,4.973
824,4,109514,256,13753.546,4.973
825,1,109515,256,13757.972,5.050
825,2,109515,256,13761.868,5.050
825,3,109515,256,13766.029,5.050
825,4,109515,256,13770.164,5.050
826,1,109516,256,13774.541,5.476
826,2,109516,256,13778.636,5.476
826,3,109516,256,13782.693,5.476
826,4,109516,256,13786.845,5.476
827,1,109517,256,13791.227,5.171
827,2,109517,256,13795.168,5.171
827,3,109517,256,13799.325,5.171
827,4,109517,256,13804.299,5.171
828,1,109518,256,13807.820,5.046
828,2,109518,256,13811.857,5.046
828,3,109518,256,13816.006,5.046
828,4,109518,256,13820.225,5.046
829,1,109519,256,13824.778,5.327
829,2,109519,256,13828.645,5.327
829,3,109519,256,13832.802,5.327
829,4,109519,256,13837.040,5.327
830,1,109520,256,13841.180,5.459
830,2,109520,256,13845.230,5.459
830,3,109520,256,13849.346,5.459
830,4,109520,256,13853.505,5.459
831,1,109521,256,13857.851,4.757
831,2,109521,256,13861.839,4.757
831,3,109521,256,13866.035,4.757
831,4,109521,256,13870.162,4.757
832,1,109522,256,13874.593,5.593
832,2,109522,256,13878.522,5.593
832,3,109522,256,13882.865,5.593
832,4,109522,256,13886.846,5.593
833,1,109523,256,13891.349,5.121
833,2,109523,256,13895.256,5.121
833,3,109523,256,13899.569,5.121
833,4,109523,256,13903.724,5.121
834,1,109524,256,13907.908,5.130
834,2,109524,256,13911.942,5.130
834,3,109524,256,13916.062,5.130
834,4,109524,256,13920.201,5.130
835,1,109525,256,13924.535,5.344
835,2,109525,256,13928.563,5.344
835,3,109525,256,13932.788,5.344
835,4,109525,256,13936.893,5.344
836,1,109526,256,13941.222,5.365
836,2,109526,256,13945.283,5.365
836,3,109526,256,13949.409,5.365
836,4,109526,256,13953.567,5.365
837,1,109527,256,13958.008,5.108
837,2,109527,256,13961.993,5.108
837,3,109527,256,13966.127,5.108
837,4,109527,256,13970.270,5.108
838,1,109528,256,13974.417,5.849
838,2,109528,256,13978.794,5.849
838,3,109528,256,13982.732,5.849
838,4,109528,256,13986.880,5.849
839,1,109529,256,13991.231,5.379
839,2,109529,256,13995.281,5.379
839,3,109529,256,13999.787,5.379
839,4,109529,256,14003.836,5.379
840,1,109530,256,14008.604,5.236
840,2,109530,256,14012.478,5.236
840,3,109530,256,14016.625,5.236
840,4,109530,256,14020.601,5.236
841,1,109531,256,14024.766,5.545
841,2,109531,256,14028.667,5.545
841,3,109531,256,14032.822,5.545
841,4,109531,256,14037.098,5.545
842,1,109532,256,14041.392,5.840
842,2,109532,256,14045.323,5.840
842,3,109532,256,14049.500,5.840
842,4,109532,256,14053.799,5.840
843,1,109533,256,14057.902,5.622
843,2,109533,256,14062.081,5.622
843,3,109533,256,14066.178,5.622
843,4,109533,256,14070.242,5.622
844,1,109534,256,14074.504,5.395
844,2,109534,256,14078.609,5.395
844,3,109534,256,14082.985,5.395
844,4,109534,256,14087.065,5.395
845,1,109535,256,14091.261,5.365
845,2,109535,256,14095.257,5.365
845,3,109535,256,14099.608,5.365
845,4,109535,256,14103.769,5.365
846,1,109536,256,14108.030,5.672
846,2,109536,256,14112.111,5.672
846,3,109536,256,14116.167,5.672
846,4,109536,256,14120.291,5.672
847,1,109537,256,14124.575,5.449
847,2,109537,256,14128.565,5.449
847,3,109537,256,14132.828,5.449
847,4,109537,256,14136.907,5.449
848,1,109538,256,14141.344,5.425
848,2,109538,256,14145.218,5.425
848,3,109538,256,14149.409,5.425
848,4,109538,256,14153.633,5.425
849,1,109539,256,14157.780,5.368
849,2,109539,256,14161.852,5.368
849,3,109539,256,14166.029,5.368
849,4,109539,256,14170.203,5.368
850,1,109540,256,14174.510,5.283
850,2,109540,256,14178.513,5.283
850,3,109540,256,14182.727,5.283
850,4,109540,256,14186.821,5.283
851,1,109541,256,14191.130,5.330
851,2,109541,256,14195.149,5.330
851,3,109541,256,14199.500,5.330
851,4,109541,256,14204.183,5.330
852,1,109542,256,14208.003,5.024
852,2,109542,256,14211.904,5.024
852,3,109542,256,14216.224,5.024
852,4,109542,256,14220.280,5.024
853,1,109543,256,14224.413,5.341
853,2,109543,256,14228.578,5.341
853,3,109543,256,14232.749,5.341
853,4,109543,256,14236.875,5.341
854,1,109544,256,14241.111,5.271
854,2,109544,256,14245.192,5.271
854,3,109544,256,14249.420,5.271
854,4,109544,256,14253.497,5.271
855,1,109545,256,14257.826,5.301
855,2,109545,256,14261.876,5.301
855,3,109545,256,14266.107,5.301
855,4,109545,256,14270.179,5.301
856,1,109546,256,14274.503,5.248
856,2,109546,256,14278.725,5.248
856,3,109546,256,14282.693,5.248
856,4,109546,256,14286.844,5.248
857,1,109547,256,14291.233,4.701
857,2,109547,256,14295.178,4.701
857,3,109547,256,14299.339,4.701
857,4,109547,256,14303.490,4.701
858,1,109548,256,14307.900,4.872
858,2,109548,256,14311.912,4.872
858,3,109548,256,14315.993,4.872
858,4,109548,256,14320.163,4.872
859,1,109549,256,14324.531,5.040
859,2,109549,256,14328.531,5.040
859,3,109549,256,14332.672,5.040
859,4,109549,256,14336.871,5.040
860,1,109550,256,14341.102,4.921
860,2,109550,256,14345.183,4.921
860,3,109550,256,14349.328,4.921
860,4,109550,256,14353.562,4.921
861,1,109551,256,14357.852,5.156
861,2,109551,256,14361.850,5.156
861,3,109551,256,14366.032,5.156
861,4,109551,256,14370.221,5.156
862,1,109552,256,14374.537,5.302
862,2,109552,256,14378.540,5.302
862,3,109552,256,14382.688,5.302
862,4,109552,256,14386.871,5.302
863,1,109553,256,14391.174,4.909
863,2,109553,256,14395.168,4.909
863,3,109553,256,14399.366,4.909
863,4,109553,256,14403.501,4.909
864,1,109554,256,14407.855,5.058
864,2,109554,256,14411.859,5.058
864,3,109554,256,14416.184,5.058
864,4,109554,256,14420.176,5.058
865,1,109555,256,14424.446,4.764
865,2,109555,256,14428.494,4.764
865,3,109555,256,14432.736,4.764
865,4,109555,256,14436.838,4.764
866,1,109556,256,14441.277,4.857
866,2,109556,256,14445.199,4.857
866,3,109556,256,14449.337,4.857
866,4,109556,256,14453.527,4.857
867,1,109557,256,14457.855,4.938
867,2,109557,256,14461.847,4.938
867,3,109557,256,14466.024,4.938
867,4,109557,256,14470.169,4.938
868,1,109558,256,14474.385,5.292
868,2,109558,256,14478.512,5.292
868,3,109558,256,14482.728,5.292
868,4,109558,256,14486.878,5.292
869,1,109559,256,14491.238,5.177
869,2,109559,256,14495.248,5.177
869,3,109559,256,14499.372,5.177
869,4,109559,256,14503.501,5.177
870,1,109560,256,14507.798,4.823
870,2,109560,256,14511.914,4.823
870,3,109560,256,14516.150,4.823
870,4,109560,256,14520.194,4.823
871,1,109561,256,14524.642,4.782
871,2,109561,256,14528.538,4.782
871,3,109561,256,14532.712,4.782
871,4,109561,256,14536.839,4.782
872,1,109562,256,14541.197,4.849
872,2,109562,256,14545.206,4.849
872,3,109562,256,14549.356,4.849
872,4,109562,256,14553.525,4.849
873,1,109563,256,14557.869,5.161
873,2,109563,256,14561.848,5.161
873,3,109563,256,14566.030,5.161
873,4,109563,256,14570.177,5.161
874,1,109564,256,14574.611,5.160
874,2,109564,256,14578.575,5.160
874,3,109564,256,14582.719,5.160
874,4,109564,256,14586.871,5.160
875,1,109565,256,14591.232,5.109
875,2,109565,256,14595.216,5.109
875,3,109565,256,14599.410,5.109
875,4,109565,256,14603.571,5.109
876,1,109566,256,14607.862,5.046
876,2,109566,256,14611.876,5.046
876,3,109566,256,14616.019,5.046
876,4,109566,256,14620.274,5.046
877,1,109567,256,14624.679,5.047
877,2,109567,256,14628.626,5.047
877,3,109567,256,14632.926,5.047
877,4,109567,256,14636.993,5.047
878,1,109568,256,14641.207,5.496
878,2,109568,256,14645.281,5.496
878,3,109568,256,14649.570,5.496
878,4,109568,256,14653.651,5.496
879,1,109569,256,14657.942,4.914
879,2,109569,256,14662.074,4.914
879,3,109569,256,14666.125,4.914
879,4,109569,256,14670.251,4.914
880,1,109570,256,14674.581,5.170
880,2,109570,256,14678.566,5.170
880,3,109570,256,14682.925,5.170
880,4,109570,256,14686.978,5.170
881,1,109571,256,14691.246,4.892
881,2,109571,256,14695.279,4.892
881,3,109571,256,14699.401,4.892
881,4,109571,256,14703.655,4.892
882,1,109572,256,14707.884,5.096
882,2,109572,256,14712.023,5.096
882,3,109572,256,14716.031,5.096
882,4,109572,256,14720.187,5.096
883,1,109573,256,14724.353,4.866
883,2,109573,256,14728.564,4.866
883,3,109573,256,14732.687,4.866
883,4,109573,256,14736.870,4.866
884,1,109574,256,14741.230,4.736
884,2,109574,256,14745.208,4.736
884,3,109574,256,14749.344,4.736
884,4,109574,256,14753.495,4.736
885,1,109575,256,14758.275,4.714
885,2,109575,256,14761.869,4.714
885,3,109575,256,14766.036,4.714
885,4,109575,256,14770.219,4.714
886,1,109576,256,14774.536,4.759
886,2,109576,256,14778.656,4.759
886,3,109576,256,14782.708,4.759
886,4,109576,256,14787.047,4.759
887,1,109577,256,14791.101,4.834
887,2,109577,256,14795.204,4.834
887,3,109577,256,14799.354,4.834
887,4,109577,256,14803.735,4.834
888,1,109578,256,14807.773,5.052
888,2,109578,256,14811.876,5.052
888,3,109578,256,14816.054,5.052
888,4,109578,256,14820.247,5.052
889,1,109579,256,14824.521,5.186
889,2,109579,256,14828.524,5.186
889,3,109579,256,14832.720,5.186
889,4,109579,256,14836.869,5.186
890,1,109580,256,14841.242,4.700
890,2,109580,256,14845.230,4.700
890,3,109580,256,14849.378,4.700
890,4,109580,256,14853.529,4.700
891,1,109581,256,14857.775,4.719
891,2,109581,256,14861.854,4.719
891,3,109581,256,14866.184,4.719
891,4,109581,256,14870.218,4.719
892,1,109582,256,14874.486,5.076
892,2,109582,256,14878.542,5.076
892,3,109582,256,14882.903,5.076
892,4,109582,256,14886.896,5.076
893,1,109583,256,14891.159,4.703
893,2,109583,256,14895.209,4.703
893,3,109583,256,14899.379,4.703
893,4,109583,256,14903.521,4.703
894,1,109584,256,14907.832,4.948
894,2,109584,256,14911.909,4.948
894,3,109584,256,14916.051,4.948
894,4,109584,256,14920.203,4.948
895,1,109585,256,14924.404,5.163
895,2,109585,256,14929.025,5.163
895,3,109585,256,14932.811,5.163
895,4,109585,256,14936.927,5.163
896,1,109586,256,14941.216,4.803
896,2,109586,256,14945.313,4.803
896,3,109586,256,14949.439,4.803
896,4,109586,256,14953.629,4.803
897,1,109587,256,14957.912,4.852
897,2,109587,256,14962.057,4.852
897,3,109587,256,14966.259,4.852
897,4,109587,256,14970.232,4.852
898,1,109588,256,14974.375,5.236
898,2,109588,256,14978.763,5.236
898,3,109588,256,14982.715,5.236
898,4,109588,256,14986.856,5.236
899,1,109589,256,14991.271,5.045
899,2,109589,256,14995.299,5.045
899,3,109589,256,14999.505,5.045
899,4,109589,256,15003.531,5.045
900,1,109590,256,15007.853,4.673
900,2,109590,256,15011.870,4.673
900,3,109590,256,15016.022,4.673
900,4,109590,256,15020.164,4.673
901,1,109591,256,15024.537,5.078
901,2,109591,256,15028.533,5.078
901,3,109591,256,15032.681,5.078
901,4,109591,256,15036.978,5.078
902,1,109592,256,15041.249,4.936
902,2,109592,256,15045.320,4.936
902,3,109592,256,15049.474,4.936
902,4,109592,256,15053.599,4.936
903,1,109593,256,15057.761,5.032
903,2,109593,256,15061.853,5.032
903,3,109593,256,15066.019,5.032
903,4,109593,256,15070.310,5.032
904,1,109594,256,15074.388,5.006
904,2,109594,256,15078.487,5.006
904,3,109594,256,15082.733,5.006
904,4,109594,256,15086.881,5.006
905,1,109595,256,15091.128,4.771
905,2,109595,256,15095.196,4.771
905,3,109595,256,15099.323,4.771
905,4,109595,256,15103.513,4.771
906,1,109596,256,15107.694,4.797
906,2,109596,256,15111.824,4.797
906,3,109596,256,15115.986,4.797
906,4,109596,256,15120.160,4.797
907,1,109597,256,15124.402,4.854
907,2,109597,256,15128.484,4.854
907,3,109597,256,15132.730,4.854
907,4,109597,256,15136.818,4.854
908,1,109598,256,15141.094,5.253
908,2,109598,256,15145.173,5.253
908,3,109598,256,15149.377,5.253
908,4,109598,256,15153.470,5.253
909,1,109599,256,15157.710,4.988
909,2,109599,256,15161.814,4.988
909,3,109599,256,15166.022,4.988
909,4,109599,256,15170.141,4.988
910,1,109600,256,15174.381,4.685
910,2,109600,256,15178.483,4.685
910,3,109600,256,15182.665,4.685
910,4,109600,256,15186.806,4.685
911,1,109601,256,15191.066,4.559
911,2,109601,256,15195.169,4.559
911,3,109601,256,15199.322,4.559
911,4,109601,256,15203.459,4.559
912,1,109602,256,15207.715,4.768
912,2,109602,256,15211.931,4.768
912,3,109602,256,15216.029,4.768
912,4,109602,256,15220.189,4.768
913,1,109603,256,15224.332,4.659
913,2,109603,256,15228.530,4.659
913,3,109603,256,15232.686,4.659
913,4,109603,256,15236.827,4.659
914,1,109604,256,15241.033,4.652
914,2,109604,256,15245.165,4.652
914,3,109604,256,15249.315,4.652
914,4,109604,256,15253.469,4.652
915,1,109605,256,15258.050,4.863
915,2,109605,256,15261.826,4.863
915,3,109605,256,15265.976,4.863
915,4,109605,256,15270.140,4.863
916,1,109606,256,15274.537,4.792
916,2,109606,256,15278.533,4.792
916,3,109606,256,15282.684,4.792
916,4,109606,256,15286.837,4.792
917,1,109607,256,15291.198,5.003
917,2,109607,256,15295.190,5.003
917,3,109607,256,15299.342,5.003
917,4,109607,256,15303.511,5.003
918,1,109608,256,15307.932,4.938
918,2,109608,256,15311.869,4.938
918,3,109608,256,15316.033,4.938
918,4,109608,256,15320.180,4.938
919,1,109609,256,15324.410,5.241
919,2,109609,256,15328.508,5.241
919,3,109609,256,15332.690,5.241
919,4,109609,256,15336.858,5.241
920,1,109610,256,15341.155,5.022
920,2,109610,256,15345.192,5.022
920,3,109610,256,15349.347,5.022
920,4,109610,256,15353.557,5.022
921,1,109611,256,15357.828,4.910
921,2,109611,256,15361.830,4.910
921,3,109611,256,15366.012,4.910
921,4,109611,256,15370.188,4.910
922,1,109612,256,15374.529,5.224
922,2,109612,256,15378.524,5.224
922,3,109612,256,15382.681,5.224
922,4,109612,256,15386.862,5.224
923,1,109613,256,15391.053,4.623
923,2,109613,256,15395.174,4.623
923,3,109613,256,15399.345,4.623
923,4,109613,256,15403.522,4.623
924,1,109614,256,15407.854,4.682
924,2,109614,256,15411.846,4.682
924,3,109614,256,15416.161,4.682
924,4,109614,256,15420.169,4.682
925,1,109615,256,15424.487,4.803
925,2,109615,256,15428.517,4.803
925,3,109615,256,15432.732,4.803
925,4,109615,256,15436.838,4.803
926,1,109616,256,15441.170,4.711
926,2,109616,256,15445.203,4.711
926,3,109616,256,15449.348,4.711
926,4,109616,256,15453.487,4.711
927,1,109617,256,15457.822,4.789
927,2,109617,256,15461.863,4.789
927,3,109617,256,15465.996,4.789
927,4,109617,256,15470.165,4.789
928,1,109618,256,15474.381,4.833
928,2,109618,256,15478.538,4.833
928,3,109618,256,15482.686,4.833
928,4,109618,256,15486.859,4.833
929,1,109619,256,15491.164,4.605
929,2,109619,256,15495.216,4.605
929,3,109619,256,15499.346,4.605
929,4,109619,256,15503.509,4.605
930,1,109620,256,15507.889,4.670
930,2,109620,256,15511.995,4.670
930,3,109620,256,15516.079,4.670
930,4,109620,256,15520.194,4.670
931,1,109621,256,15524.506,5.131
931,2,109621,256,15528.520,5.131
931,3,109621,256,15532.683,5.131
931,4,109621,256,15536.859,5.131
932,1,109622,256,15541.170,4.731
932,2,109622,256,15545.187,4.731
932,3,109622,256,15549.343,4.731
932,4,109622,256,15553.515,4.731
933,1,109623,256,15557.775,5.267
933,2,109623,256,15561.847,5.267
933,3,109623,256,15566.007,5.267
933,4,109623,256,15570.158,5.267
934,1,109624,256,15574.577,4.844
934,2,109624,256,15578.564,4.844
934,3,109624,256,15582.717,4.844
934,4,109624,256,15586.914,4.844
935,1,109625,256,15591.203,4.941
935,2,109625,256,15595.355,4.941
935,3,109625,256,15599.436,4.941
935,4,109625,256,15603.728,4.941
936,1,109626,256,15607.883,5.393
936,2,109626,256,15611.915,5.393
936,3,109626,256,15616.067,5.393
936,4,109626,256,15620.299,5.393
937,1,109627,256,15624.551,5.010
937,2,109627,256,15628.869,5.010
937,3,109627,256,15632.939,5.010
937,4,109627,256,15636.907,5.010
938,1,109628,256,15641.111,5.209
938,2,109628,256,15645.246,5.209
938,3,109628,256,15649.582,5.209
938,4,109628,256,15653.536,5.209
939,1,109629,256,15657.859,4.972
939,2,109629,256,15661.846,4.972
939,3,109629,256,15666.069,4.972
939,4,109629,256,15670.168,4.972
940,1,109630,256,15674.532,4.845
940,2,109630,256,15678.828,4.845
940,3,109630,256,15682.764,4.845
940,4,109630,256,15686.909,4.845
941,1,109631,256,15691.070,4.769
941,2,109631,256,15695.211,4.769
941,3,109631,256,15699.404,4.769
941,4,109631,256,15703.509,4.769
942,1,109632,256,15707.810,5.131
942,2,109632,256,15712.032,5.131
942,3,109632,256,15716.040,5.131
942,4,109632,256,15720.185,5.131
943,1,109633,256,15724.356,4.920
943,2,109633,256,15728.707,4.920
943,3,109633,256,15732.724,4.920
943,4,109633,256,15736.865,4.920
944,1,109634,256,15741.215,4.636
944,2,109634,256,15745.241,4.636
944,3,109634,256,15749.377,4.636
944,4,109634,256,15753.516,4.636
945,1,109635,256,15757.853,4.823
945,2,109635,256,15761.861,4.823
945,3,109635,256,15765.999,4.823
945,4,109635,256,15770.169,4.823
946,1,109636,256,15774.373,4.864
946,2,109636,256,15778.544,4.864
946,3,109636,256,15782.870,4.864
946,4,109636,256,15786.980,4.864
947,1,109637,256,15791.485,4.770
947,2,109637,256,15795.421,4.770
947,3,109637,256,15799.542,4.770
947,4,109637,256,15803.810,4.770
948,1,109638,256,15807.807,5.042
948,2,109638,256,15811.932,5.042
948,3,109638,256,15816.108,5.042
948,4,109638,256,15820.212,5.042
949,1,109639,256,15824.434,5.183
949,2,109639,256,15828.555,5.183
949,3,109639,256,15832.729,5.183
949,4,109639,256,15836.899,5.183
950,1,109640,256,15841.018,5.096
950,2,109640,256,15845.221,5.096
950,3,109640,256,15849.452,5.096
950,4,109640,256,15853.541,5.096
951,1,109641,256,15857.738,5.134
951,2,109641,256,15861.870,5.134
951,3,109641,256,15866.083,5.134
951,4,109641,256,15870.182,5.134
952,1,109642,256,15874.355,4.731
952,2,109642,256,15878.529,4.731
952,3,109642,256,15882.726,4.731
952,4,109642,256,15886.880,4.731
953,1,109643,256,15891.044,4.647
953,2,109643,256,15895.204,4.647
953,3,109643,256,15899.356,4.647
953,4,109643,256,15903.647,4.647
954,1,109644,256,15907.710,5.234
954,2,109644,256,15912.021,5.234
954,3,109644,256,15916.073,5.234
954,4,109644,256,15920.199,5.234
955,1,109645,256,15924.377,4.610
955,2,109645,256,15928.553,4.610
955,3,109645,256,15932.705,4.610
955,4,109645,256,15936.851,4.610
956,1,109646,256,15941.053,4.766
956,2,109646,256,15945.287,4.766
956,3,109646,256,15949.442,4.766
956,4,109646,256,15953.606,4.766
957,1,109647,256,15957.759,4.766
957,2,109647,256,15962.126,4.766
957,3,109647,256,15966.149,4.766
957,4,109647,256,15970.297,4.766
958,1,109648,256,15974.483,4.918
958,2,109648,256,15978.802,4.918
958,3,109648,256,15982.913,4.918
958,4,109648,256,15986.919,4.918
959,1,109649,256,15991.250,5.086
959,2,109649,256,15995.222,5.086
959,3,109649,256,15999.401,5.086
959,4,109649,256,16003.533,5.086
960,1,109650,256,16007.731,4.984
960,2,109650,256,16011.887,4.984
960,3,109650,256,16016.050,4.984
960,4,109650,256,16020.193,4.984
961,1,109651,256,16024.608,5.323
961,2,109651,256,16028.546,5.323
961,3,109651,256,16032.737,5.323
961,4,109651,256,16037.120,5.323
962,1,109652,256,16041.256,5.264
962,2,109652,256,16045.568,5.264
962,3,109652,256,16049.660,5.264
962,4,109652,256,16053.683,5.264
963,1,109653,256,16057.839,5.127
963,2,109653,256,16061.967,5.127
963,3,109653,256,16066.093,5.127
963,4,109653,256,16070.215,5.127
964,1,109654,256,16074.423,5.434
964,2,109654,256,16078.584,5.434
964,3,109654,256,16082.740,5.434
964,4,109654,256,16086.886,5.434
965,1,109655,256,16091.056,4.979
965,2,109655,256,16095.213,4.979
965,3,109655,256,16099.452,4.979
965,4,109655,256,16103.759,4.979
966,1,109656,256,16107.774,4.726
966,2,109656,256,16111.926,4.726
966,3,109656,256,16116.092,4.726
966,4,109656,256,16120.186,4.726
967,1,109657,256,16124.374,4.952
967,2,109657,256,16128.527,4.952
967,3,109657,256,16132.748,4.952
967,4,109657,256,16136.848,4.952
968,1,109658,256,16141.052,4.670
968,2,109658,256,16145.269,4.670
968,3,109658,256,16149.549,4.670
968,4,109658,256,16153.541,4.670
969,1,109659,256,16157.745,5.155
969,2,109659,256,16161.881,5.155
969,3,109659,256,16166.039,5.155
969,4,109659,256,16170.164,5.155
970,1,109660,256,16174.359,4.776
970,2,109660,256,16178.507,4.776
970,3,109660,256,16182.715,4.776
970,4,109660,256,16186.860,4.776
971,1,109661,256,16191.052,4.690
971,2,109661,256,16195.765,4.690
971,3,109661,256,16199.373,4.690
971,4,109661,256,16203.493,4.690
972,1,109662,256,16207.702,4.676
972,2,109662,256,16211.938,4.676
972,3,109662,256,16216.069,4.676
972,4,109662,256,16220.171,4.676
973,1,109663,256,16224.405,5.126
973,2,109663,256,16228.743,5.126
973,3,109663,256,16232.687,5.126
973,4,109663,256,16236.827,5.126
974,1,109664,256,16241.049,4.722
974,2,109664,256,16245.193,4.722
974,3,109664,256,16249.515,4.722
974,4,109664,256,16253.501,4.722
975,1,109665,256,16257.703,4.815
975,2,109665,256,16261.895,4.815
975,3,109665,256,16266.033,4.815
975,4,109665,256,16270.156,4.815
976,1,109666,256,16274.409,5.460
976,2,109666,256,16278.501,5.460
976,3,109666,256,16282.690,5.460
976,4,109666,256,16286.851,5.460
977,1,109667,256,16291.083,4.826
977,2,109667,256,16295.174,4.826
977,3,109667,256,16299.336,4.826
977,4,109667,256,16303.505,4.826
978,1,109668,256,16307.708,4.852
978,2,109668,256,16312.015,4.852
978,3,109668,256,16316.031,4.852
978,4,109668,256,16320.166,4.852
979,1,109669,256,16324.393,4.753
979,2,109669,256,16328.533,4.753
979,3,109669,256,16332.676,4.753
979,4,109669,256,16336.883,4.753
980,1,109670,256,16341.016,4.951
980,2,109670,256,16345.209,4.951
980,3,109670,256,16349.346,4.951
980,4,109670,256,16353.526,4.951
981,1,109671,256,16357.726,4.812
981,2,109671,256,16361.841,4.812
981,3,109671,256,16366.054,4.812
981,4,109671,256,16370.160,4.812
982,1,109672,256,16374.405,4.719
982,2,109672,256,16378.508,4.719
982,3,109672,256,16382.684,4.719
982,4,109672,256,16386.849,4.719
983,1,109673,256,16391.039,4.777
983,2,109673,256,16395.234,4.777
983,3,109673,256,16399.551,4.777
983,4,109673,256,16403.504,4.777
984,1,109674,256,16407.731,4.877
984,2,109674,256,16411.883,4.877
984,3,109674,256,16416.057,4.877
984,4,109674,256,16420.156,4.877
985,1,109675,256,16424.394,4.801
985,2,109675,256,16428.499,4.801
985,3,109675,256,16432.723,4.801
985,4,109675,256,16436.820,4.801
986,1,109676,256,16441.037,4.774
986,2,109676,256,16445.218,4.774
986,3,109676,256,16449.430,4.774
986,4,109676,256,16453.517,4.774
987,1,109677,256,16457.677,4.705
987,2,109677,256,16461.871,4.705
987,3,109677,256,16465.991,4.705
987,4,109677,256,16470.222,4.705
988,1,109678,256,16474.396,5.257
988,2,109678,256,16478.534,5.257
988,3,109678,256,16482.728,5.257
988,4,109678,256,16486.885,5.257
989,1,109679,256,16491.031,5.218
989,2,109679,256,16495.229,5.218
989,3,109679,256,16499.397,5.218
989,4,109679,256,16503.517,5.218
990,1,109680,256,16507.728,5.128
990,2,109680,256,16511.865,5.128
990,3,109680,256,16516.029,5.128
990,4,109680,256,16520.214,5.128
991,1,109681,256,16524.727,5.157
991,2,109681,256,16528.914,5.157
991,3,109681,256,16532.912,5.157
991,4,109681,256,16536.881,5.157
992,1,109682,256,16541.074,5.326
992,2,109682,256,16545.198,5.326
992,3,109682,256,16549.360,5.326
992,4,109682,256,16553.505,5.326
993,1,109683,256,16557.710,4.834
993,2,109683,256,16561.831,4.834
993,3,109683,256,16566.014,4.834
993,4,109683,256,16570.160,4.834
994,1,109684,256,16574.362,5.460
994,2,109684,256,16578.596,5.460
994,3,109684,256,16582.729,5.460
994,4,109684,256,16587.027,5.460
995,1,109685,256,16591.030,4.675
995,2,109685,256,16595.183,4.675
995,3,109685,256,16599.351,4.675
995,4,109685,256,16603.685,4.675
996,1,109686,256,16607.704,5.189
996,2,109686,256,16611.841,5.189
996,3,109686,256,16616.034,5.189
996,4,109686,256,16620.223,5.189
997,1,109687,256,16624.608,5.224
997,2,109687,256,16628.634,5.224
997,3,109687,256,16633.037,5.224
997,4,109687,256,16637.207,5.224
998,1,109688,256,16641.258,4.660
998,2,109688,256,16645.399,4.660
998,3,109688,256,16649.660,4.660
998,4,109688,256,16653.602,4.660
999,1,109689,256,16657.750,4.930
999,2,109689,256,16661.893,4.930
999,3,109689,256,16666.085,4.930
999,4,109689,256,16670.230,4.930
1000,1,109690,256,16674.428,4.678
1000,2,109690,256,16678.544,4.678
1000,3,109690,256,16682.820,4.678
1000,4,109690,256,16686.877,4.678
1001,1,109691,256,16691.053,5.117
1001,2,109691,256,16695.182,5.117
1001,3,109691,256,16699.423,5.117
1001,4,109691,256,16703.555,5.117
1002,1,109692,256,16707.734,5.075
1002,2,109692,256,16712.065,5.075
1002,3,109692,256,16716.028,5.075
1002,4,109692,256,16720.176,5.075
1003,1,109693,256,16724.353,4.687
1003,2,109693,256,16728.501,4.687
1003,3,109693,256,16732.665,4.687
1003,4,109693,256,16736.837,4.687
1004,1,109694,256,16741.176,4.619
1004,2,109694,256,16745.202,4.619
1004,3,109694,256,16749.350,4.619
1004,4,109694,256,16753.491,4.619
1005,1,109695,256,16757.733,4.761
1005,2,109695,256,16761.836,4.761
1005,3,109695,256,16765.998,4.761
1005,4,109695,256,16770.167,4.761
1006,1,109696,256,16774.434,4.816
1006,2,109696,256,16778.821,4.816
1006,3,109696,256,16782.898,4.816
1006,4,109696,256,16786.846,4.816
1007,1,109697,256,16791.048,4.712
1007,2,109697,256,16795.203,4.712
1007,3,109697,256,16799.349,4.712
1007,4,109697,256,16803.525,4.712
1008,1,109698,256,16807.695,4.847
1008,2,109698,256,16811.861,4.847
1008,3,109698,256,16816.024,4.847
1008,4,109698,256,16820.210,4.847
1009,1,109699,256,16824.375,4.845
1009,2,109699,256,16828.512,4.845
1009,3,109699,256,16832.687,4.845
1009,4,109699,256,16836.889,4.845
1010,1,109700,256,16841.040,4.743
1010,2,109700,256,16845.175,4.743
1010,3,109700,256,16849.349,4.743
1010,4,109700,256,16853.506,4.743
1011,1,109701,256,16857.715,4.685
1011,2,109701,256,16861.833,4.685
1011,3,109701,256,16866.026,4.685
1011,4,109701,256,16870.158,4.685
1012,1,109702,256,16874.378,5.395
1012,2,109702,256,16878.496,5.395
1012,3,109702,256,16882.747,5.395
1012,4,109702,256,16886.862,5.395
1013,1,109703,256,16891.049,4.584
1013,2,109703,256,16895.177,4.584
1013,3,109703,256,16899.373,4.584
1013,4,109703,256,16903.510,4.584
1014,1,109704,256,16907.716,4.768
1014,2,109704,256,16911.860,4.768
1014,3,109704,256,16916.101,4.768
1014,4,109704,256,16920.237,4.768
1015,1,109705,256,16924.426,4.968
1015,2,109705,256,16929.049,4.968
1015,3,109705,256,16932.740,4.968
1015,4,109705,256,16936.847,4.968
1016,1,109706,256,16941.034,4.931
1016,2,109706,256,16945.247,4.931
1016,3,109706,256,16949.470,4.931
1016,4,109706,256,16953.785,4.931
1017,1,109707,256,16957.795,4.946
1017,2,109707,256,16961.959,4.946
1017,3,109707,256,16966.106,4.946
1017,4,109707,256,16970.260,4.946
1018,1,109708,256,16974.437,4.745
1018,2,109708,256,16978.635,4.745
1018,3,109708,256,16982.819,4.745
1018,4,109708,256,16987.078,4.745
1019,1,109709,256,16991.778,4.747
1019,2,109709,256,16995.254,4.747
1019,3,109709,256,16999.574,4.747
1019,4,109709,256,17003.589,4.747
1020,1,109710,256,17007.945,5.341
1020,2,109710,256,17011.928,5.341
1020,3,109710,256,17016.055,5.341
1020,4,109710,256,17020.320,5.341
1021,1,109711,256,17024.408,4.963
1021,2,109711,256,17028.572,4.963
1021,3,109711,256,17032.728,4.963
1021,4,109711,256,17036.893,4.963
1022,1,109712,256,17041.199,5.288
1022,2,109712,256,17045.268,5.288
1022,3,109712,256,17049.458,5.288
1022,4,109712,256,17053.779,5.288
1023,1,109713,256,17057.759,5.486
1023,2,109713,256,17061.878,5.486
1023,3,109713,256,17066.074,5.486
1023,4,109713,256,17070.251,5.486
1024,1,109714,256,17074.422,5.423
1024,2,109714,256,17078.519,5.423
1024,3,109714,256,17082.856,5.423
1024,4,109714,256,17086.976,5.423
1025,1,109715,256,17091.035,5.363
1025,2,109715,256,17095.173,5.363
1025,3,109715,256,17099.867,5.363
1025,4,109715,256,17103.582,5.363
1026,1,109716,256,17107.744,5.163
1026,2,109716,256,17111.830,5.163
1026,3,109716,256,17116.097,5.163
1026,4,109716,256,17120.195,5.163
1027,1,109717,256,17124.403,5.666
1027,2,109717,256,17128.745,5.666
1027,3,109717,256,17132.881,5.666
1027,4,109717,256,17136.868,5.666
1028,1,109718,256,17141.281,4.807
1028,2,109718,256,17145.300,4.807
1028,3,109718,256,17149.527,4.807
1028,4,109718,256,17153.576,4.807
1029,1,109719,256,17157.797,5.026
1029,2,109719,256,17161.938,5.026
1029,3,109719,256,17166.065,5.026
1029,4,109719,256,17170.184,5.026
1030,1,109720,256,17174.538,4.854
1030,2,109720,256,17178.667,4.854
1030,3,109720,256,17182.720,4.854
1030,4,109720,256,17186.862,4.854
1031,1,109721,256,17191.079,4.793
1031,2,109721,256,17195.210,4.793
1031,3,109721,256,17199.374,4.793
1031,4,109721,256,17203.550,4.793
1032,1,109722,256,17207.847,4.814
1032,2,109722,256,17211.887,4.814
1032,3,109722,256,17216.041,4.814
1032,4,109722,256,17220.206,4.814
1033,1,109723,256,17224.402,4.945
1033,2,109723,256,17228.557,4.945
1033,3,109723,256,17232.707,4.945
1033,4,109723,256,17236.865,4.945
1034,1,109724,256,17241.204,5.390
1034,2,109724,256,17245.213,5.390
1034,3,109724,256,17249.376,5.390
1034,4,109724,256,17253.503,5.390
1035,1,109725,256,17257.900,5.081
1035,2,109725,256,17262.034,5.081
1035,3,109725,256,17266.054,5.081
1035,4,109725,256,17270.225,5.081
1036,1,109726,256,17274.529,4.947
1036,2,109726,256,17278.682,4.947
1036,3,109726,256,17282.718,4.947
1036,4,109726,256,17286.899,4.947
1037,1,109727,256,17291.073,4.978
1037,2,109727,256,17295.188,4.978
1037,3,109727,256,17299.363,4.978
1037,4,109727,256,17303.576,4.978
1038,1,109728,256,17307.740,5.503
1038,2,109728,256,17311.911,5.503
1038,3,109728,256,17316.033,5.503
1038,4,109728,256,17320.262,5.503
1039,1,109729,256,17324.548,5.008
1039,2,109729,256,17328.689,5.008
1039,3,109729,256,17332.735,5.008
1039,4,109729,256,17336.906,5.008
1040,1,109730,256,17341.114,4.971
1040,2,109730,256,17345.192,4.971
1040,3,109730,256,17349.537,4.971
1040,4,109730,256,17353.520,4.971
1041,1,109731,256,17357.747,5.219
1041,2,109731,256,17361.887,5.219
1041,3,109731,256,17366.059,5.219
1041,4,109731,256,17370.184,5.219
1042,1,109732,256,17374.429,4.779
1042,2,109732,256,17378.655,4.779
1042,3,109732,256,17382.760,4.779
1042,4,109732,256,17386.867,4.779
1043,1,109733,256,17391.160,4.845
1043,2,109733,256,17395.217,4.845
1043,3,109733,256,17399.410,4.845
1043,4,109733,256,17403.571,4.845
1044,1,109734,256,17407.822,4.845
1044,2,109734,256,17411.889,4.845
1044,3,109734,256,17416.044,4.845
1044,4,109734,256,17420.181,4.845
1045,1,109735,256,17424.353,5.372
1045,2,109735,256,17428.588,5.372
1045,3,109735,256,17432.713,5.372
1045,4,109735,256,17436.857,5.372
1046,1,109736,256,17441.026,4.811
1046,2,109736,256,17445.215,4.811
1046,3,109736,256,17449.354,4.811
1046,4,109736,256,17453.530,4.811
1047,1,109737,256,17457.715,4.906
1047,2,109737,256,17462.032,4.906
1047,3,109737,256,17466.020,4.906
1047,4,109737,256,17470.177,4.906
1048,1,109738,256,17474.622,4.956
1048,2,109738,256,17478.539,4.956
1048,3,109738,256,17482.702,4.956
1048,4,109738,256,17486.866,4.956
1049,1,109739,256,17491.427,4.966
1049,2,109739,256,17495.362,4.966
1049,3,109739,256,17499.366,4.966
1049,4,109739,256,17503.505,4.966
1050,1,109740,256,17507.729,4.971
1050,2,109740,256,17511.892,4.971
1050,3,109740,256,17516.071,4.971
1050,4,109740,256,17520.191,4.971
1051,1,109741,256,17524.545,5.482
1051,2,109741,256,17528.597,5.482
1051,3,109741,256,17532.686,5.482
1051,4,109741,256,17536.871,5.482
1052,1,109742,256,17541.177,4.979
1052,2,109742,256,17545.420,4.979
1052,3,109742,256,17549.370,4.979
1052,4,109742,256,17553.562,4.979
1053,1,109743,256,17557.701,5.056
1053,2,109743,256,17561.881,5.056
1053,3,109743,256,17566.038,5.056
1053,4,109743,256,17570.204,5.056
1054,1,109744,256,17574.415,4.960
1054,2,109744,256,17578.566,4.960
1054,3,109744,256,17582.775,4.960
1054,4,109744,256,17587.081,4.960
1055,1,109745,256,17591.130,5.586
1055,2,109745,256,17595.321,5.586
1055,3,109745,256,17599.447,5.586
1055,4,109745,256,17603.568,5.586
1056,1,109746,256,17607.787,5.689
1056,2,109746,256,17611.946,5.689
1056,3,109746,256,17616.096,5.689
1056,4,109746,256,17620.408,5.689
1057,1,109747,256,17624.388,5.148
1057,2,109747,256,17628.722,5.148
1057,3,109747,256,17632.754,5.148
1057,4,109747,256,17636.913,5.148
1058,1,109748,256,17641.059,5.047
1058,2,109748,256,17645.407,5.047
1058,3,109748,256,17649.651,5.047
1058,4,109748,256,17653.566,5.047
1059,1,109749,256,17657.797,4.964
1059,2,109749,256,17661.891,4.964
1059,3,109749,256,17666.061,4.964
1059,4,109749,256,17670.204,4.964
1060,1,109750,256,17674.596,4.978
1060,2,109750,256,17678.595,4.978
1060,3,109750,256,17682.743,4.978
1060,4,109750,256,17686.869,4.978
1061,1,109751,256,17691.549,5.104
1061,2,109751,256,17695.208,5.104
1061,3,109751,256,17699.359,5.104
1061,4,109751,256,17703.530,5.104
1062,1,109752,256,17707.759,4.977
1062,2,109752,256,17711.957,4.977
1062,3,109752,256,17716.067,4.977
1062,4,109752,256,17720.183,4.977
1063,1,109753,256,17724.391,5.063
1063,2,109753,256,17728.555,5.063
1063,3,109753,256,17732.691,5.063
1063,4,109753,256,17736.861,5.063
1064,1,109754,256,17741.046,5.091
1064,2,109754,256,17745.197,5.091
1064,3,109754,256,17749.371,5.091
1064,4,109754,256,17753.557,5.091
1065,1,109755,256,17757.739,5.015
1065,2,109755,256,17761.840,5.015
1065,3,109755,256,17766.021,5.015
1065,4,109755,256,17770.188,5.015
1066,1,109756,256,17774.400,5.069
1066,2,109756,256,17778.553,5.069
1066,3,109756,256,17782.705,5.069
1066,4,109756,256,17786.888,5.069
1067,1,109757,256,17791.063,5.054
1067,2,109757,256,17795.198,5.054
1067,3,109757,256,17799.394,5.054
1067,4,109757,256,17803.514,5.054
1068,1,109758,256,17807.721,4.989
1068,2,109758,256,17811.906,4.989
1068,3,109758,256,17816.021,4.989
1068,4,109758,256,17820.186,4.989
1069,1,109759,256,17824.391,5.039
1069,2,109759,256,17828.567,5.039
1069,3,109759,256,17832.715,5.039
1069,4,109759,256,17836.890,5.039
1070,1,109760,256,17841.040,4.990
1070,2,109760,256,17845.388,4.990
1070,3,109760,256,17849.431,4.990
1070,4,109760,256,17853.555,4.990
1071,1,109761,256,17857.731,4.820
1071,2,109761,256,17861.915,4.820
1071,3,109761,256,17866.143,4.820
1071,4,109761,256,17870.186,4.820
1072,1,109762,256,17874.375,5.221
1072,2,109762,256,17878.510,5.221
1072,3,109762,256,17882.710,5.221
1072,4,109762,256,17886.845,5.221
1073,1,109763,256,17891.149,5.093
1073,2,109763,256,17895.225,5.093
1073,3,109763,256,17899.527,5.093
1073,4,109763,256,17903.539,5.093
1074,1,109764,256,17907.727,4.978
1074,2,109764,256,17911.859,4.978
1074,3,109764,256,17916.066,4.978
1074,4,109764,256,17920.202,4.978
1075,1,109765,256,17924.475,5.594
1075,2,109765,256,17928.884,5.594
1075,3,109765,256,17932.768,5.594
1075,4,109765,256,17936.905,5.594
1076,1,109766,256,17941.047,5.221
1076,2,109766,256,17945.334,5.221
1076,3,109766,256,17949.387,5.221
1076,4,109766,256,17953.572,5.221
1077,1,109767,256,17957.952,5.066
1077,2,109767,256,17962.207,5.066
1077,3,109767,256,17966.179,5.066
1077,4,109767,256,17970.380,5.066
1078,1,109768,256,17974.639,5.214
1078,2,109768,256,17978.655,5.214
1078,3,109768,256,17982.848,5.214
1078,4,109768,256,17986.991,5.214
1079,1,109769,256,17991.206,5.354
1079,2,109769,256,17995.442,5.354
1079,3,109769,256,17999.474,5.354
1079,4,109769,256,18003.645,5.354
1080,1,109770,256,18007.794,4.865
1080,2,109770,256,18012.097,4.865
1080,3,109770,256,18016.270,4.865
1080,4,109770,256,18020.236,4.865
1081,1,109771,256,18024.599,5.406
1081,2,109771,256,18028.589,5.406
1081,3,109771,256,18032.904,5.406
1081,4,109771,256,18036.929,5.406
1082,1,109772,256,18041.147,5.588
1082,2,109772,256,18045.430,5.588
1082,3,109772,256,18049.603,5.588
1082,4,109772,256,18053.609,5.588
1083,1,109773,256,18057.886,6.962
1083,2,109773,256,18061.937,6.962
1083,3,109773,256,18066.060,6.962
1083,4,109773,256,18070.219,6.962
1084,1,109774,256,18074.366,5.218
1084,2,109774,256,18078.561,5.218
1084,3,109774,256,18082.724,5.218
1084,4,109774,256,18086.868,5.218
1085,1,109775,256,18091.059,5.031
1085,2,109775,256,18095.235,5.031
1085,3,109775,256,18099.387,5.031
1085,4,109775,256,18103.549,5.031
1086,1,109776,256,18107.743,4.942
1086,2,109776,256,18111.877,4.942
1086,3,109776,256,18116.053,4.942
1086,4,109776,256,18120.199,4.942
1087,1,109777,256,18124.366,5.234
1087,2,109777,256,18128.552,5.234
1087,3,109777,256,18132.859,5.234
1087,4,109777,256,18136.888,5.234
1088,1,109778,256,18141.221,5.222
1088,2,109778,256,18145.325,5.222
1088,3,109778,256,18149.467,5.222
1088,4,109778,256,18153.523,5.222
1089,1,109779,256,18157.763,5.309
1089,2,109779,256,18162.054,5.309
1089,3,109779,256,18166.048,5.309
1089,4,109779,256,18170.188,5.309
1090,1,109780,256,18174.363,5.175
1090,2,109780,256,18178.531,5.175
1090,3,109780,256,18182.715,5.175
1090,4,109780,256,18186.905,5.175
1091,1,109781,256,18191.080,5.661
1091,2,109781,256,18195.180,5.661
1091,3,109781,256,18199.352,5.661
1091,4,109781,256,18203.574,5.661
1092,1,109782,256,18207.719,5.515
1092,2,109782,256,18212.011,5.515
1092,3,109782,256,18216.109,5.515
1092,4,109782,256,18220.361,5.515
1093,1,109783,256,18224.415,5.125
1093,2,109783,256,18228.809,5.125
1093,3,109783,256,18232.901,5.125
1093,4,109783,256,18237.036,5.125
1094,1,109784,256,18241.062,5.240
1094,2,109784,256,18245.193,5.240
1094,3,109784,256,18249.537,5.240
1094,4,109784,256,18253.553,5.240
1095,1,109785,256,18257.698,5.100
1095,2,109785,256,18261.855,5.100
1095,3,109785,256,18266.190,5.100
1095,4,109785,256,18270.726,5.100
1096,1,109786,256,18274.693,5.209
1096,2,109786,256,18278.703,5.209
1096,3,109786,256,18282.838,5.209
1096,4,109786,256,18286.910,5.209
1097,1,109787,256,18291.084,7.051
1097,2,109787,256,18295.229,7.051
1097,3,109787,256,18299.366,7.051
1097,4,109787,256,18303.561,7.051
1098,1,109788,256,18307.697,5.729
1098,2,109788,256,18311.902,5.729
1098,3,109788,256,18316.012,5.729
1098,4,109788,256,18320.188,5.729
1099,1,109789,256,18324.360,5.875
1099,2,109789,256,18328.561,5.875
1099,3,109789,256,18332.696,5.875
1099,4,109789,256,18336.854,5.875
1100,1,109790,256,18341.066,5.333
1100,2,109790,256,18345.191,5.333
1100,3,109790,256,18349.380,5.333
1100,4,109790,256,18353.552,5.333
1101,1,109791,256,18357.724,5.137
1101,2,109791,256,18361.905,5.137
1101,3,109791,256,18366.026,5.137
1101,4,109791,256,18370.215,5.137
1102,1,109792,256,18374.403,5.245
1102,2,109792,256,18378.536,5.245
1102,3,109792,256,18382.707,5.245
1102,4,109792,256,18386.865,5.245
1103,1,109793,256,18391.105,5.233
1103,2,109793,256,18395.204,5.233
1103,3,109793,256,18399.371,5.233
1103,4,109793,256,18403.550,5.233
1104,1,109794,256,18407.750,5.261
1104,2,109794,256,18412.003,5.261
1104,3,109794,256,18416.188,5.261
1104,4,109794,256,18420.269,5.261
1105,1,109795,256,18424.516,5.759
1105,2,109795,256,18428.636,5.759
1105,3,109795,256,18432.805,5.759
1105,4,109795,256,18437.147,5.759
1106,1,109796,256,18441.437,5.501
1106,2,109796,256,18445.410,5.501
1106,3,109796,256,18449.661,5.501
1106,4,109796,256,18453.680,5.501
1107,1,109797,256,18458.116,5.202
1107,2,109797,256,18462.574,5.202
1107,3,109797,256,18466.514,5.202
1107,4,109797,256,18470.832,5.202
1108,1,109798,256,18474.715,5.432
1108,2,109798,256,18478.905,5.432
1108,3,109798,256,18483.096,5.432
1108,4,109798,256,18487.208,5.432
1109,1,109799,256,18491.779,6.035
1109,2,109799,256,18495.585,6.035
1109,3,109799,256,18499.757,6.035
1109,4,109799,256,18503.711,6.035
1110,1,109800,256,18508.003,5.577
1110,2,109800,256,18512.400,5.577
1110,3,109800,256,18516.792,5.577
1110,4,109800,256,18520.747,5.577
1111,1,109801,256,18524.686,5.602
1111,2,109801,256,18528.846,5.602
1111,3,109801,256,18532.978,5.602
1111,4,109801,256,18537.188,5.602
1112,1,109802,256,18541.409,5.579
1112,2,109802,256,18545.345,5.579
1112,3,109802,256,18549.544,5.579
1112,4,109802,256,18553.766,5.579
1113,1,109803,256,18558.031,6.242
1113,2,109803,256,18562.072,6.242
1113,3,109803,256,18566.070,6.242
1113,4,109803,256,18570.268,6.242
1114,1,109804,256,18574.476,6.246
1114,2,109804,256,18578.724,6.246
1114,3,109804,256,18582.918,6.246
1114,4,109804,256,18586.984,6.246
1115,1,109805,256,18591.241,5.570
1115,2,109805,256,18595.236,5.570
1115,3,109805,256,18599.454,5.570
1115,4,109805,256,18603.749,5.570
1116,1,109806,256,18607.935,6.175
1116,2,109806,256,18611.975,6.175
1116,3,109806,256,18616.253,6.175
1116,4,109806,256,18620.307,6.175
1117,1,109807,256,18624.687,5.617
1117,2,109807,256,18628.724,5.617
1117,3,109807,256,18632.788,5.617
1117,4,109807,256,18637.083,5.617
1118,1,109808,256,18641.281,5.769
1118,2,109808,256,18645.477,5.769
1118,3,109808,256,18649.587,5.769
1118,4,109808,256,18653.604,5.769
1119,1,109809,256,18657.963,6.282
1119,2,109809,256,18661.935,6.282
1119,3,109809,256,18666.114,6.282
1119,4,109809,256,18670.400,6.282
1120,1,109810,256,18674.510,5.425
1120,2,109810,256,18678.546,5.425
1120,3,109810,256,18682.731,5.425
1120,4,109810,256,18687.093,5.425
1121,1,109811,256,18691.229,5.647
1121,2,109811,256,18695.201,5.647
1121,3,109811,256,18699.346,5.647
1121,4,109811,256,18703.588,5.647
1122,1,109812,256,18707.889,5.781
1122,2,109812,256,18711.915,5.781
1122,3,109812,256,18716.582,5.781
1122,4,109812,256,18720.230,5.781
1123,1,109813,256,18724.456,5.295
1123,2,109813,256,18728.577,5.295
1123,3,109813,256,18732.794,5.295
1123,4,109813,256,18737.044,5.295
1124,1,109814,256,18741.180,5.188
1124,2,109814,256,18745.186,5.188
1124,3,109814,256,18749.350,5.188
1124,4,109814,256,18753.563,5.188
1125,1,109815,256,18757.862,5.550
1125,2,109815,256,18761.949,5.550
1125,3,109815,256,18766.086,5.550
1125,4,109815,256,18770.232,5.550
1126,1,109816,256,18774.555,5.426
1126,2,109816,256,18778.772,5.426
1126,3,109816,256,18782.732,5.426
1126,4,109816,256,18786.906,5.426
1127,1,109817,256,18791.197,5.095
1127,2,109817,256,18795.239,5.095
1127,3,109817,256,18799.376,5.095
1127,4,109817,256,18803.537,5.095
1128,1,109818,256,18807.922,5.617
1128,2,109818,256,18811.895,5.617
1128,3,109818,256,18816.066,5.617
1128,4,109818,256,18820.219,5.617
1129,1,109819,256,18824.536,5.281
1129,2,109819,256,18828.548,5.281
1129,3,109819,256,18832.729,5.281
1129,4,109819,256,18837.054,5.281
1130,1,109820,256,18841.661,5.291
1130,2,109820,256,18845.393,5.291
1130,3,109820,256,18849.494,5.291
1130,4,109820,256,18853.586,5.291
1131,1,109821,256,18858.026,5.402
1131,2,109821,256,18861.927,5.402
1131,3,109821,256,18866.067,5.402
1131,4,109821,256,18870.209,5.402
1132,1,109822,256,18874.596,5.313
1132,2,109822,256,18878.545,5.313
1132,3,109822,256,18882.830,5.313
1132,4,109822,256,18886.983,5.313
1133,1,109823,256,18891.174,5.311
1133,2,109823,256,18895.256,5.311
1133,3,109823,256,18899.392,5.311
1133,4,109823,256,18903.749,5.311
1134,1,109824,256,18907.828,5.318
1134,2,109824,256,18912.051,5.318
1134,3,109824,256,18916.066,5.318
1134,4,109824,256,18920.230,5.318
1135,1,109825,256,18924.390,5.229
1135,2,109825,256,18928.754,5.229
1135,3,109825,256,18932.743,5.229
1135,4,109825,256,18936.897,5.229
1136,1,109826,256,18941.121,5.472
1136,2,109826,256,18945.258,5.472
1136,3,109826,256,18949.575,5.472
1136,4,109826,256,18953.713,5.472
1137,1,109827,256,18957.897,5.633
1137,2,109827,256,18961.919,5.633
1137,3,109827,256,18966.737,5.633
1137,4,109827,256,18970.383,5.633
1138,1,109828,256,18974.616,5.160
1138,2,109828,256,18978.670,5.160
1138,3,109828,256,18982.901,5.160
1138,4,109828,256,18987.128,5.160
1139,1,109829,256,18991.267,5.833
1139,2,109829,256,18995.305,5.833
1139,3,109829,256,18999.582,5.833
1139,4,109829,256,19003.598,5.833
1140,1,109830,256,19007.934,5.816
1140,2,109830,256,19011.942,5.816
1140,3,109830,256,19016.136,5.816
1140,4,109830,256,19020.223,5.816
1141,1,109831,256,19024.416,5.549
1141,2,109831,256,19029.291,5.549
1141,3,109831,256,19032.741,5.549
1141,4,109831,256,19036.940,5.549
1142,1,109832,256,19041.219,5.741
1142,2,109832,256,19045.339,5.741
1142,3,109832,256,19049.603,5.741
1142,4,109832,256,19053.617,5.741
1143,1,109833,256,19057.777,5.662
1143,2,109833,256,19061.934,5.662
1143,3,109833,256,19066.061,5.662
1143,4,109833,256,19070.446,5.662
1144,1,109834,256,19074.415,6.347
1144,2,109834,256,19078.761,6.347
1144,3,109834,256,19082.778,6.347
1144,4,109834,256,19086.937,6.347
1145,1,109835,256,19091.064,5.776
1145,2,109835,256,19095.233,5.776
1145,3,109835,256,19099.403,5.776
1145,4,109835,256,19103.600,5.776
1146,1,109836,256,19107.763,6.276
1146,2,109836,256,19111.985,6.276
1146,3,109836,256,19116.048,6.276
1146,4,109836,256,19120.200,6.276
1147,1,109837,256,19124.443,5.780
1147,2,109837,256,19129.306,5.780
1147,3,109837,256,19132.732,5.780
1147,4,109837,256,19137.055,5.780
1148,1,109838,256,19141.088,5.936
1148,2,109838,256,19145.262,5.936
1148,3,109838,256,19149.379,5.936
1148,4,109838,256,19153.539,5.936
1149,1,109839,256,19157.733,6.381
1149,2,109839,256,19161.908,6.381
1149,3,109839,256,19166.135,6.381
1149,4,109839,256,19170.288,6.381
1150,1,109840,256,19174.401,5.951
1150,2,109840,256,19178.555,5.951
1150,3,109840,256,19182.724,5.951
1150,4,109840,256,19186.875,5.951
1151,1,109841,256,19191.049,5.287
1151,2,109841,256,19195.226,5.287
1151,3,109841,256,19199.567,5.287
1151,4,109841,256,19203.549,5.287
1152,1,109842,256,19207.723,5.332
1152,2,109842,256,19211.909,5.332
1152,3,109842,256,19216.101,5.332
1152,4,109842,256,19220.212,5.332
1153,1,109843,256,19224.560,5.473
1153,2,109843,256,19228.754,5.473
1153,3,109843,256,19232.897,5.473
1153,4,109843,256,19237.077,5.473
1154,1,109844,256,19241.111,5.536
1154,2,109844,256,19245.200,5.536
1154,3,109844,256,19249.421,5.536
1154,4,109844,256,19253.946,5.536
1155,1,109845,256,19257.847,5.848
1155,2,109845,256,19262.048,5.848
1155,3,109845,256,19266.065,5.848
1155,4,109845,256,19270.181,5.848
1156,1,109846,256,19274.452,5.359
1156,2,109846,256,19278.727,5.359
1156,3,109846,256,19282.701,5.359
1156,4,109846,256,19286.882,5.359
1157,1,109847,256,19291.013,5.335
1157,2,109847,256,19295.251,5.335
1157,3,109847,256,19299.342,5.335
1157,4,109847,256,19303.557,5.335
1158,1,109848,256,19307.693,5.735
1158,2,109848,256,19311.865,5.735
1158,3,109848,256,19316.024,5.735
1158,4,109848,256,19320.179,5.735
1159,1,109849,256,19324.515,6.015
1159,2,109849,256,19328.691,6.015
1159,3,109849,256,19332.757,6.015
1159,4,109849,256,19337.057,6.015
1160,1,109850,256,19341.072,5.699
1160,2,109850,256,19345.188,5.699
1160,3,109850,256,19349.400,5.699
1160,4,109850,256,19353.566,5.699
1161,1,109851,256,19357.737,6.374
1161,2,109851,256,19361.850,6.374
1161,3,109851,256,19366.016,6.374
1161,4,109851,256,19370.176,6.374
1162,1,109852,256,19374.442,6.149
1162,2,109852,256,19378.585,6.149
1162,3,109852,256,19382.702,6.149
1162,4,109852,256,19386.894,6.149
1163,1,109853,256,19391.081,5.824
1163,2,109853,256,19395.181,5.824
1163,3,109853,256,19399.357,5.824
1163,4,109853,256,19403.662,5.824
1164,1,109854,256,19407.915,6.023
1164,2,109854,256,19411.896,6.023
1164,3,109854,256,19416.012,6.023
1164,4,109854,256,19420.339,6.023
1165,1,109855,256,19424.530,5.439
1165,2,109855,256,19428.551,5.439
1165,3,109855,256,19432.719,5.439
1165,4,109855,256,19437.066,5.439
1166,1,109856,256,19441.065,5.986
1166,2,109856,256,19445.252,5.986
1166,3,109856,256,19449.410,5.986
1166,4,109856,256,19453.615,5.986
1167,1,109857,256,19457.798,5.357
1167,2,109857,256,19461.901,5.357
1167,3,109857,256,19466.054,5.357
1167,4,109857,256,19470.418,5.357
1168,1,109858,256,19474.361,5.328
1168,2,109858,256,19478.514,5.328
1168,3,109858,256,19482.828,5.328
1168,4,109858,256,19486.908,5.328
1169,1,109859,256,19491.027,5.819
1169,2,109859,256,19495.235,5.819
1169,3,109859,256,19499.401,5.819
1169,4,109859,256,19503.555,5.819
1170,1,109860,256,19507.794,5.665
1170,2,109860,256,19511.912,5.665
1170,3,109860,256,19516.095,5.665
1170,4,109860,256,19520.351,5.665
1171,1,109861,256,19524.622,5.264
1171,2,109861,256,19528.915,5.264
1171,3,109861,256,19532.875,5.264
1171,4,109861,256,19536.952,5.264
1172,1,109862,256,19541.298,5.689
1172,2,109862,256,19545.518,5.689
1172,3,109862,256,19549.609,5.689
1172,4,109862,256,19553.643,5.689
1173,1,109863,256,19557.807,5.777
1173,2,109863,256,19562.104,5.777
1173,3,109863,256,19566.127,5.777
1173,4,109863,256,19570.206,5.777
1174,1,109864,256,19574.625,5.734
1174,2,109864,256,19578.613,5.734
1174,3,109864,256,19582.715,5.734
1174,4,109864,256,19587.105,5.734
1175,1,109865,256,19591.336,5.792
1175,2,109865,256,19595.553,5.792
1175,3,109865,256,19599.661,5.792
1175,4,109865,256,19603.768,5.792
1176,1,109866,256,19607.893,5.820
1176,2,109866,256,19611.972,5.820
1176,3,109866,256,19616.142,5.820
1176,4,109866,256,19620.290,5.820
1177,1,109867,256,19624.568,5.840
1177,2,109867,256,19628.796,5.840
1177,3,109867,256,19632.908,5.840
1177,4,109867,256,19637.079,5.840
1178,1,109868,256,19641.234,5.838
1178,2,109868,256,19645.355,5.838
1178,3,109868,256,19649.615,5.838
1178,4,109868,256,19653.732,5.838
1179,1,109869,256,19657.791,5.759
1179,2,109869,256,19661.959,5.759
1179,3,109869,256,19666.072,5.759
1179,4,109869,256,19670.222,5.759
1180,1,109870,256,19675.070,5.342
1180,2,109870,256,19678.925,5.342
1180,3,109870,256,19682.840,5.342
1180,4,109870,256,19687.100,5.342
1181,1,109871,256,19691.126,5.718
1181,2,109871,256,19695.246,5.718
1181,3,109871,256,19699.410,5.718
1181,4,109871,256,19704.175,5.718
1182,1,109872,256,19707.836,5.684
1182,2,109872,256,19712.020,5.684
1182,3,109872,256,19716.207,5.684
1182,4,109872,256,19720.399,5.684
1183,1,109873,256,19724.496,5.715
1183,2,109873,256,19728.755,5.715
1183,3,109873,256,19732.834,5.715
1183,4,109873,256,19737.173,5.715
1184,1,109874,256,19741.378,5.708
1184,2,109874,256,19745.484,5.708
1184,3,109874,256,19749.882,5.708
1184,4,109874,256,19753.861,5.708
1185,1,109875,256,19758.035,6.232
1185,2,109875,256,19762.243,6.232
1185,3,109875,256,19766.442,6.232
1185,4,109875,256,19770.469,6.232
1186,1,109876,256,19774.915,5.758
1186,2,109876,256,19778.984,5.758
1186,3,109876,256,19783.705,5.758
1186,4,109876,256,19787.956,5.758
1187,1,109877,256,19791.823,5.853
1187,2,109877,256,19795.670,5.853
1187,3,109877,256,19799.759,5.853
1187,4,109877,256,19803.932,5.853
1188,1,109878,256,19808.608,5.817
1188,2,109878,256,19812.200,5.817
1188,3,109878,256,19816.462,5.817
1188,4,109878,256,19820.669,5.817
1189,1,109879,256,19824.878,5.825
1189,2,109879,256,19828.947,5.825
1189,3,109879,256,19833.120,5.825
1189,4,109879,256,19837.305,5.825
1190,1,109880,256,19841.475,6.315
1190,2,109880,256,19845.608,6.315
1190,3,109880,256,19850.081,6.315
1190,4,109880,256,19853.910,6.315
1191,1,109881,256,19858.386,5.734
1191,2,109881,256,19862.300,5.734
1191,3,109881,256,19866.456,5.734
1191,4,109881,256,19870.635,5.734
1192,1,109882,256,19874.806,6.130
1192,2,109882,256,19878.818,6.130
1192,3,109882,256,19882.925,6.130
1192,4,109882,256,19887.013,6.130
1193,1,109883,256,19891.434,6.019
1193,2,109883,256,19895.495,6.019
1193,3,109883,256,19899.635,6.019
1193,4,109883,256,19903.892,6.019
1194,1,109884,256,19908.201,5.922
1194,2,109884,256,19912.229,5.922
1194,3,109884,256,19916.405,5.922
1194,4,109884,256,19920.358,5.922
1195,1,109885,256,19924.610,6.020
1195,2,109885,256,19928.768,6.020
1195,3,109885,256,19932.973,6.020
1195,4,109885,256,19937.103,6.020
1196,1,109886,256,19941.174,6.141
1196,2,109886,256,19945.354,6.141
1196,3,109886,256,19949.616,6.141
1196,4,109886,256,19953.646,6.141
1197,1,109887,256,19957.834,6.125
1197,2,109887,256,19962.109,6.125
1197,3,109887,256,19966.201,6.125
1197,4,109887,256,19970.514,6.125
1198,1,109888,256,19974.589,6.206
1198,2,109888,256,19978.597,6.206
1198,3,109888,256,19982.789,6.206
1198,4,109888,256,19986.938,6.206
1199,1,109889,256,19991.231,5.706
1199,2,109889,256,19995.664,5.706
1199,3,109889,256,19999.796,5.706
1199,4,109889,256,20003.853,5.706
1200,1,109890,256,20007.942,6.016
1200,2,109890,256,20012.252,6.016
1200,3,109890,256,20016.339,6.016
1200,4,109890,256,20020.546,6.016
1201,1,109891,256,20024.691,6.005
1201,2,109891,256,20028.783,6.005
1201,3,109891,256,20033.105,6.005
1201,4,109891,256,20037.217,6.005
1202,1,109892,256,20041.232,6.011
1202,2,109892,256,20045.452,6.011
1202,3,109892,256,20049.620,6.011
1202,4,109892,256,20053.816,6.011
1203,1,109893,256,20058.003,7.434
1203,2,109893,256,20062.118,7.434
1203,3,109893,256,20066.187,7.434
1203,4,109893,256,20070.312,7.434
1204,1,109894,256,20074.504,5.928
1204,2,109894,256,20078.581,5.928
1204,3,109894,256,20082.800,5.928
1204,4,109894,256,20087.090,5.928
1205,1,109895,256,20091.097,5.934
1205,2,109895,256,20095.205,5.934
1205,3,109895,256,20099.546,5.934
1205,4,109895,256,20103.696,5.934
1206,1,109896,256,20107.834,6.153
1206,2,109896,256,20111.922,6.153
1206,3,109896,256,20116.229,6.153
1206,4,109896,256,20120.209,6.153
1207,1,109897,256,20124.883,5.825
1207,2,109897,256,20128.626,5.825
1207,3,109897,256,20132.709,5.825
1207,4,109897,256,20136.995,5.825
1208,1,109898,256,20141.230,5.957
1208,2,109898,256,20145.231,5.957
1208,3,109898,256,20149.444,5.957
1208,4,109898,256,20153.556,5.957
1209,1,109899,256,20157.721,5.770
1209,2,109899,256,20161.866,5.770
1209,3,109899,256,20166.043,5.770
1209,4,109899,256,20170.204,5.770
1210,1,109900,256,20174.393,6.048
1210,2,109900,256,20178.532,6.048
1210,3,109900,256,20182.864,6.048
1210,4,109900,256,20186.985,6.048
1211,1,109901,256,20191.097,5.694
1211,2,109901,256,20195.246,5.694
1211,3,109901,256,20199.472,5.694
1211,4,109901,256,20203.743,5.694
1212,1,109902,256,20207.717,5.543
1212,2,109902,256,20212.055,5.543
1212,3,109902,256,20216.019,5.543
1212,4,109902,256,20220.176,5.543
1213,1,109903,256,20224.693,6.097
1213,2,109903,256,20228.619,6.097
1213,3,109903,256,20232.799,6.097
1213,4,109903,256,20236.914,6.097
1214,1,109904,256,20241.056,5.589
1214,2,109904,256,20245.219,5.589
1214,3,109904,256,20249.446,5.589
1214,4,109904,256,20253.563,5.589
1215,1,109905,256,20257.775,5.794
1215,2,109905,256,20261.845,5.794
1215,3,109905,256,20266.048,5.794
1215,4,109905,256,20270.208,5.794
1216,1,109906,256,20274.588,5.710
1216,2,109906,256,20278.525,5.710
1216,3,109906,256,20282.683,5.710
1216,4,109906,256,20286.876,5.710
1217,1,109907,256,20291.088,6.227
1217,2,109907,256,20295.177,6.227
1217,3,109907,256,20299.353,6.227
1217,4,109907,256,20303.556,6.227
1218,1,109908,256,20307.805,6.402
1218,2,109908,256,20311.905,6.402
1218,3,109908,256,20316.017,6.402
1218,4,109908,256,20320.199,6.402
1219,1,109909,256,20324.443,5.727
1219,2,109909,256,20328.606,5.727
1219,3,109909,256,20332.722,5.727
1219,4,109909,256,20337.059,5.727
1220,1,109910,256,20341.057,5.265
1220,2,109910,256,20345.169,5.265
1220,3,109910,256,20349.345,5.265
1220,4,109910,256,20353.570,5.265
1221,1,109911,256,20357.740,5.714
1221,2,109911,256,20361.842,5.714
1221,3,109911,256,20366.047,5.714
1221,4,109911,256,20370.188,5.714
1222,1,109912,256,20374.430,5.702
1222,2,109912,256,20378.584,5.702
1222,3,109912,256,20382.745,5.702
1222,4,109912,256,20386.839,5.702
1223,1,109913,256,20391.097,5.280
1223,2,109913,256,20395.242,5.280
1223,3,109913,256,20399.527,5.280
1223,4,109913,256,20403.527,5.280
1224,1,109914,256,20407.785,5.143
1224,2,109914,256,20411.889,5.143
1224,3,109914,256,20416.180,5.143
1224,4,109914,256,20420.206,5.143
1225,1,109915,256,20424.388,5.629
1225,2,109915,256,20428.779,5.629
1225,3,109915,256,20432.862,5.629
1225,4,109915,256,20436.892,5.629
1226,1,109916,256,20441.069,5.967
1226,2,109916,256,20445.186,5.967
1226,3,109916,256,20449.344,5.967
1226,4,109916,256,20453.693,5.967
1227,1,109917,256,20457.776,6.104
1227,2,109917,256,20461.885,6.104
1227,3,109917,256,20466.160,6.104
1227,4,109917,256,20470.252,6.104
1228,1,109918,256,20474.450,5.585
1228,2,109918,256,20478.750,5.585
1228,3,109918,256,20482.746,5.585
1228,4,109918,256,20486.895,5.585
1229,1,109919,256,20491.074,5.304
1229,2,109919,256,20495.251,5.304
1229,3,109919,256,20499.333,5.304
1229,4,109919,256,20503.537,5.304
1230,1,109920,256,20507.738,6.049
1230,2,109920,256,20511.892,6.049
1230,3,109920,256,20516.047,6.049
1230,4,109920,256,20520.299,6.049
1231,1,109921,256,20524.608,5.824
1231,2,109921,256,20528.713,5.824
1231,3,109921,256,20532.721,5.824
1231,4,109921,256,20536.874,5.824
1232,1,109922,256,20541.097,5.788
1232,2,109922,256,20545.270,5.788
1232,3,109922,256,20549.904,5.788
1232,4,109922,256,20553.976,5.788
1233,1,109923,256,20558.116,5.306
1233,2,109923,256,20562.163,5.306
1233,3,109923,256,20566.441,5.306
1233,4,109923,256,20570.561,5.306
1234,1,109924,256,20575.014,6.215
1234,2,109924,256,20579.081,6.215
1234,3,109924,256,20583.078,6.215
1234,4,109924,256,20587.064,6.215
1235,1,109925,256,20591.226,6.091
1235,2,109925,256,20595.235,6.091
1235,3,109925,256,20599.340,6.091
1235,4,109925,256,20603.589,6.091
1236,1,109926,256,20607.707,6.724
1236,2,109926,256,20611.893,6.724
1236,3,109926,256,20616.078,6.724
1236,4,109926,256,20620.346,6.724
1237,1,109927,256,20624.563,5.649
1237,2,109927,256,20628.633,5.649
1237,3,109927,256,20632.903,5.649
1237,4,109927,256,20636.918,5.649
1238,1,109928,256,20641.056,5.472
1238,2,109928,256,20645.218,5.472
1238,3,109928,256,20649.740,5.472
1238,4,109928,256,20653.573,5.472
1239,1,109929,256,20657.859,6.047
1239,2,109929,256,20661.940,6.047
1239,3,109929,256,20666.164,6.047
1239,4,109929,256,20670.215,6.047
1240,1,109930,256,20674.474,7.139
1240,2,109930,256,20678.545,7.139
1240,3,109930,256,20682.764,7.139
1240,4,109930,256,20686.877,7.139
1241,1,109931,256,20691.099,5.498
1241,2,109931,256,20695.207,5.498
1241,3,109931,256,20699.427,5.498
1241,4,109931,256,20703.650,5.498
1242,1,109932,256,20707.842,5.738
1242,2,109932,256,20712.273,5.738
1242,3,109932,256,20716.111,5.738
1242,4,109932,256,20720.437,5.738
1243,1,109933,256,20724.594,5.349
1243,2,109933,256,20728.620,5.349
1243,3,109933,256,20732.808,5.349
1243,4,109933,256,20736.947,5.349
1244,1,109934,256,20741.200,5.714
1244,2,109934,256,20745.226,5.714
1244,3,109934,256,20749.441,5.714
1244,4,109934,256,20753.576,5.714
1245,1,109935,256,20757.892,6.226
1245,2,109935,256,20761.918,6.226
1245,3,109935,256,20766.083,6.226
1245,4,109935,256,20770.216,6.226
1246,1,109936,256,20774.839,5.971
1246,2,109936,256,20778.644,5.971
1246,3,109936,256,20782.689,5.971
1246,4,109936,256,20786.925,5.971
1247,1,109937,256,20791.149,5.865
1247,2,109937,256,20795.197,5.865
1247,3,109937,256,20799.420,5.865
1247,4,109937,256,20803.722,5.865
1248,1,109938,256,20808.281,5.677
1248,2,109938,256,20811.909,5.677
1248,3,109938,256,20816.078,5.677
1248,4,109938,256,20820.237,5.677
1249,1,109939,256,20824.689,5.434
1249,2,109939,256,20828.652,5.434
1249,3,109939,256,20832.721,5.434
1249,4,109939,256,20837.038,5.434
1250,1,109940,256,20841.103,5.436
1250,2,109940,256,20845.200,5.436
1250,3,109940,256,20849.519,5.436
1250,4,109940,256,20853.505,5.436
1251,1,109941,256,20857.952,5.259
1251,2,109941,256,20862.034,5.259
1251,3,109941,256,20866.067,5.259
1251,4,109941,256,20870.220,5.259
1252,1,109942,256,20874.461,5.759
1252,2,109942,256,20878.589,5.759
1252,3,109942,256,20882.808,5.759
1252,4,109942,256,20886.890,5.759
1253,1,109943,256,20891.032,5.656
1253,2,109943,256,20895.187,5.656
1253,3,109943,256,20899.580,5.656
1253,4,109943,256,20903.529,5.656
1254,1,109944,256,20907.792,5.662
1254,2,109944,256,20911.919,5.662
1254,3,109944,256,20916.037,5.662
1254,4,109944,256,20920.254,5.662
1255,1,109945,256,20924.513,5.746
1255,2,109945,256,20929.043,5.746
1255,3,109945,256,20932.808,5.746
1255,4,109945,256,20936.910,5.746
1256,1,109946,256,20941.032,5.827
1256,2,109946,256,20945.220,5.827
1256,3,109946,256,20949.370,5.827
1256,4,109946,256,20953.535,5.827
1257,1,109947,256,20957.791,5.914
1257,2,109947,256,20962.069,5.914
1257,3,109947,256,20966.065,5.914
1257,4,109947,256,20970.212,5.914
1258,1,109948,256,20974.609,5.230
1258,2,109948,256,20978.581,5.230
1258,3,109948,256,20982.732,5.230
1258,4,109948,256,20986.884,5.230
1259,1,109949,256,20991.096,5.422
1259,2,109949,256,20996.187,5.422
1259,3,109949,256,21000.308,5.422
1259,4,109949,256,21004.194,5.422
1260,1,109950,256,21008.197,5.660
1260,2,109950,256,21012.917,5.660
1260,3,109950,256,21016.451,5.660
1260,4,109950,256,21020.618,5.660
1261,1,109951,256,21024.851,6.332
1261,2,109951,256,21028.749,6.332
1261,3,109951,256,21033.021,6.332
1261,4,109951,256,21036.963,6.332
1262,1,109952,256,21041.316,5.316
1262,2,109952,256,21045.564,5.316
1262,3,109952,256,21049.586,5.316
1262,4,109952,256,21053.789,5.316
1263,1,109953,256,21057.955,5.861
1263,2,109953,256,21062.241,5.861
1263,3,109953,256,21066.201,5.861
1263,4,109953,256,21070.342,5.861
1264,1,109954,256,21074.583,5.633
1264,2,109954,256,21078.736,5.633
1264,3,109954,256,21083.257,5.633
1264,4,109954,256,21087.316,5.633
1265,1,109955,256,21091.286,6.125
1265,2,109955,256,21095.445,6.125
1265,3,109955,256,21099.713,6.125
1265,4,109955,256,21103.836,6.125
1266,1,109956,256,21107.832,5.763
1266,2,109956,256,21111.962,5.763
1266,3,109956,256,21116.161,5.763
1266,4,109956,256,21120.277,5.763
1267,1,109957,256,21124.510,6.122
1267,2,109957,256,21128.732,6.122
1267,3,109957,256,21132.811,6.122
1267,4,109957,256,21136.932,6.122
1268,1,109958,256,21141.081,5.335
1268,2,109958,256,21145.250,5.335
1268,3,109958,256,21149.431,5.335
1268,4,109958,256,21153.530,5.335
1269,1,109959,256,21157.801,6.168
1269,2,109959,256,21161.909,6.168
1269,3,109959,256,21166.163,6.168
1269,4,109959,256,21170.221,6.168
1270,1,109960,256,21174.453,5.210
1270,2,109960,256,21178.647,5.210
1270,3,109960,256,21182.745,5.210
1270,4,109960,256,21186.854,5.210
1271,1,109961,256,21191.074,5.337
1271,2,109961,256,21195.285,5.337
1271,3,109961,256,21199.503,5.337
1271,4,109961,256,21203.517,5.337
1272,1,109962,256,21207.776,5.140
1272,2,109962,256,21211.931,5.140
1272,3,109962,256,21216.032,5.140
1272,4,109962,256,21220.361,5.140
1273,1,109963,256,21224.464,5.274
1273,2,109963,256,21228.610,5.274
1273,3,109963,256,21232.825,5.274
1273,4,109963,256,21236.898,5.274
1274,1,109964,256,21241.164,5.271
1274,2,109964,256,21245.270,5.271
1274,3,109964,256,21249.415,5.271
1274,4,109964,256,21253.562,5.271
1275,1,109965,256,21257.822,5.535
1275,2,109965,256,21261.915,5.535
1275,3,109965,256,21266.024,5.535
1275,4,109965,256,21270.170,5.535
1276,1,109966,256,21274.443,5.766
1276,2,109966,256,21278.612,5.766
1276,3,109966,256,21282.736,5.766
1276,4,109966,256,21287.029,5.766
1277,1,109967,256,21291.052,5.410
1277,2,109967,256,21295.229,5.410
1277,3,109967,256,21299.375,5.410
1277,4,109967,256,21303.614,5.410
1278,1,109968,256,21307.738,5.698
1278,2,109968,256,21311.854,5.698
1278,3,109968,256,21316.022,5.698
1278,4,109968,256,21320.263,5.698
1279,1,109969,256,21324.399,5.639
1279,2,109969,256,21328.697,5.639
1279,3,109969,256,21332.707,5.639
1279,4,109969,256,21336.967,5.639
1280,1,109970,256,21341.157,5.631
1280,2,109970,256,21345.248,5.631
1280,3,109970,256,21349.450,5.631
1280,4,109970,256,21353.664,5.631
1281,1,109971,256,21357.785,5.809
1281,2,109971,256,21361.900,5.809
1281,3,109971,256,21366.105,5.809
1281,4,109971,256,21370.234,5.809
1282,1,109972,256,21374.736,5.399
1282,2,109972,256,21378.712,5.399
1282,3,109972,256,21382.736,5.399
1282,4,109972,256,21386.865,5.399
1283,1,109973,256,21391.048,5.583
1283,2,109973,256,21395.175,5.583
1283,3,109973,256,21399.348,5.583
1283,4,109973,256,21403.522,5.583
1284,1,109974,256,21407.836,5.625
1284,2,109974,256,21411.916,5.625
1284,3,109974,256,21416.067,5.625
1284,4,109974,256,21420.198,5.625
1285,1,109975,256,21424.427,5.227
1285,2,109975,256,21428.744,5.227
1285,3,109975,256,21432.761,5.227
1285,4,109975,256,21436.848,5.227
1286,1,109976,256,21441.091,5.219
1286,2,109976,256,21445.288,5.219
1286,3,109976,256,21449.373,5.219
1286,4,109976,256,21453.560,5.219
1287,1,109977,256,21457.788,5.084
1287,2,109977,256,21462.063,5.084
1287,3,109977,256,21466.074,5.084
1287,4,109977,256,21470.197,5.084
1288,1,109978,256,21474.363,5.210
1288,2,109978,256,21478.566,5.210
1288,3,109978,256,21482.686,5.210
1288,4,109978,256,21486.869,5.210
1289,1,109979,256,21491.049,5.555
1289,2,109979,256,21495.205,5.555
1289,3,109979,256,21499.339,5.555
1289,4,109979,256,21503.516,5.555
1290,1,109980,256,21507.795,5.674
1290,2,109980,256,21512.107,5.674
1290,3,109980,256,21516.221,5.674
1290,4,109980,256,21520.195,5.674
1291,1,109981,256,21524.610,5.465
1291,2,109981,256,21528.627,5.465
1291,3,109981,256,21532.753,5.465
1291,4,109981,256,21536.872,5.465
1292,1,109982,256,21541.136,5.400
1292,2,109982,256,21545.230,5.400
1292,3,109982,256,21549.371,5.400
1292,4,109982,256,21553.522,5.400
1293,1,109983,256,21557.775,5.829
1293,2,109983,256,21561.909,5.829
1293,3,109983,256,21566.070,5.829
1293,4,109983,256,21570.217,5.829
1294,1,109984,256,21574.613,5.385
1294,2,109984,256,21579.258,5.385
1294,3,109984,256,21583.271,5.385
1294,4,109984,256,21587.429,5.385
1295,1,109985,256,21591.784,5.771
1295,2,109985,256,21595.690,5.771
1295,3,109985,256,21599.786,5.771
1295,4,109985,256,21604.049,5.771
1296,1,109986,256,21608.178,6.132
1296,2,109986,256,21612.069,6.132
1296,3,109986,256,21616.222,6.132
1296,4,109986,256,21620.346,6.132
1297,1,109987,256,21624.505,6.633
1297,2,109987,256,21628.622,6.633
1297,3,109987,256,21632.968,6.633
1297,4,109987,256,21637.096,6.633
1298,1,109988,256,21641.110,5.904
1298,2,109988,256,21645.258,5.904
1298,3,109988,256,21649.430,5.904
1298,4,109988,256,21653.533,5.904
1299,1,109989,256,21657.836,5.984
1299,2,109989,256,21661.933,5.984
1299,3,109989,256,21666.215,5.984
1299,4,109989,256,21670.221,5.984
1300,1,109990,256,21674.371,5.366
1300,2,109990,256,21678.520,5.366
1300,3,109990,256,21682.848,5.366
1300,4,109990,256,21686.891,5.366
1301,1,109991,256,21691.067,5.677
1301,2,109991,256,21695.246,5.677
1301,3,109991,256,21699.372,5.677
1301,4,109991,256,21703.584,5.677
1302,1,109992,256,21707.707,5.585
1302,2,109992,256,21712.076,5.585
1302,3,109992,256,21716.066,5.585
1302,4,109992,256,21720.252,5.585
1303,1,109993,256,21724.410,5.672
1303,2,109993,256,21728.570,5.672
1303,3,109993,256,21732.826,5.672
1303,4,109993,256,21736.900,5.672
1304,1,109994,256,21741.111,5.729
1304,2,109994,256,21745.517,5.729
1304,3,109994,256,21749.422,5.729
1304,4,109994,256,21753.647,5.729
1305,1,109995,256,21757.817,5.197
1305,2,109995,256,21761.967,5.197
1305,3,109995,256,21766.084,5.197
1305,4,109995,256,21770.192,5.197
1306,1,109996,256,21774.579,5.504
1306,2,109996,256,21778.693,5.504
1306,3,109996,256,21782.780,5.504
1306,4,109996,256,21786.895,5.504
1307,1,109997,256,21791.091,5.384
1307,2,109997,256,21795.249,5.384
1307,3,109997,256,21799.428,5.384
1307,4,109997,256,21803.718,5.384
1308,1,109998,256,21807.810,5.444
1308,2,109998,256,21811.943,5.444
1308,3,109998,256,21816.055,5.444
1308,4,109998,256,21820.279,5.444
1309,1,109999,256,21824.405,5.301
1309,2,109999,256,21828.572,5.301
1309,3,109999,256,21832.851,5.301
1309,4,109999,256,21836.913,5.301
1310,1,110000,256,21841.057,5.863
1310,2,110000,256,21845.402,5.863
1310,3,110000,256,21849.565,5.863
1310,4,110000,256,21853.678,5.863
1311,1,110001,256,21857.730,5.189
1311,2,110001,256,21861.890,5.189
1311,3,110001,256,21866.074,5.189
1311,4,110001,256,21870.227,5.189
1312,1,110002,256,21874.356,5.839
1312,2,110002,256,21878.531,5.839
1312,3,110002,256,21882.784,5.839
1312,4,110002,256,21886.909,5.839
1313,1,110003,256,21891.040,5.897
1313,2,110003,256,21895.209,5.897
1313,3,110003,256,21899.512,5.897
1313,4,110003,256,21903.580,5.897
1314,1,110004,256,21907.738,5.712
1314,2,110004,256,21911.928,5.712
1314,3,110004,256,21916.646,5.712
1314,4,110004,256,21920.240,5.712
1315,1,110005,256,21924.379,5.856
1315,2,110005,256,21928.582,5.856
1315,3,110005,256,21932.857,5.856
1315,4,110005,256,21937.044,5.856
1316,1,110006,256,21941.024,5.789
1316,2,110006,256,21945.231,5.789
1316,3,110006,256,21949.363,5.789
1316,4,110006,256,21953.526,5.789
1317,1,110007,256,21957.771,5.977
1317,2,110007,256,21961.945,5.977
1317,3,110007,256,21966.083,5.977
1317,4,110007,256,21970.354,5.977
1318,1,110008,256,21974.551,5.244
1318,2,110008,256,21978.556,5.244
1318,3,110008,256,21982.735,5.244
1318,4,110008,256,21987.210,5.244
1319,1,110009,256,21991.130,5.886
1319,2,110009,256,21995.254,5.886
1319,3,110009,256,21999.531,5.886
1319,4,110009,256,22003.564,5.886
1320,1,110010,256,22008.049,5.431
1320,2,110010,256,22012.083,5.431
1320,3,110010,256,22016.343,5.431
1320,4,110010,256,22020.564,5.431
1321,1,110011,256,22024.753,6.154
1321,2,110011,256,22028.684,6.154
1321,3,110011,256,22032.882,6.154
1321,4,110011,256,22037.123,6.154
1322,1,110012,256,22041.532,5.646
1322,2,110012,256,22045.612,5.646
1322,3,110012,256,22049.717,5.646
1322,4,110012,256,22053.872,5.646
1323,1,110013,256,22058.019,5.785
1323,2,110013,256,22062.146,5.785
1323,3,110013,256,22066.219,5.785
1323,4,110013,256,22070.356,5.785
1324,1,110014,256,22074.913,5.734
1324,2,110014,256,22078.814,5.734
1324,3,110014,256,22083.000,5.734
1324,4,110014,256,22087.041,5.734
1325,1,110015,256,22091.141,5.710
1325,2,110015,256,22095.319,5.710
1325,3,110015,256,22099.712,5.710
1325,4,110015,256,22103.622,5.710
1326,1,110016,256,22107.982,5.616
1326,2,110016,256,22112.274,5.616
1326,3,110016,256,22116.506,5.616
1326,4,110016,256,22120.598,5.616
1327,1,110017,256,22124.541,5.721
1327,2,110017,256,22128.615,5.721
1327,3,110017,256,22132.791,5.721
1327,4,110017,256,22136.938,5.721
1328,1,110018,256,22141.164,6.129
1328,2,110018,256,22145.531,6.129
1328,3,110018,256,22149.800,6.129
1328,4,110018,256,22153.848,6.129
1329,1,110019,256,22158.058,5.797
1329,2,110019,256,22162.738,5.797
1329,3,110019,256,22166.934,5.797
1329,4,110019,256,22170.660,5.797
1330,1,110020,256,22174.645,5.719
1330,2,110020,256,22178.757,5.719
1330,3,110020,256,22183.065,5.719
1330,4,110020,256,22187.126,5.719
1331,1,110021,256,22191.230,5.564
1331,2,110021,256,22195.552,5.564
1331,3,110021,256,22199.501,5.564
1331,4,110021,256,22203.631,5.564
1332,1,110022,256,22207.852,5.732
1332,2,110022,256,22212.173,5.732
1332,3,110022,256,22216.192,5.732
1332,4,110022,256,22220.312,5.732
1333,1,110023,256,22224.477,5.736
1333,2,110023,256,22228.605,5.736
1333,3,110023,256,22232.776,5.736
1333,4,110023,256,22236.870,5.736
1334,1,110024,256,22241.270,5.898
1334,2,110024,256,22245.488,5.898
1334,3,110024,256,22250.316,5.898
1334,4,110024,256,22253.825,5.898
1335,1,110025,256,22258.147,5.891
1335,2,110025,256,22262.864,5.891
1335,3,110025,256,22266.710,5.891
1335,4,110025,256,22270.624,5.891
1336,1,110026,256,22274.736,6.082
1336,2,110026,256,22278.628,6.082
1336,3,110026,256,22282.913,6.082
1336,4,110026,256,22286.904,6.082
1337,1,110027,256,22291.357,5.686
1337,2,110027,256,22295.346,5.686
1337,3,110027,256,22299.634,5.686
1337,4,110027,256,22303.646,5.686
1338,1,110028,256,22308.106,5.930
1338,2,110028,256,22312.218,5.930
1338,3,110028,256,22316.338,5.930
1338,4,110028,256,22320.547,5.930
1339,1,110029,256,22324.546,5.641
1339,2,110029,256,22328.679,5.641
1339,3,110029,256,22332.794,5.641
1339,4,110029,256,22336.875,5.641
1340,1,110030,256,22341.089,6.008
1340,2,110030,256,22345.485,6.008
1340,3,110030,256,22349.546,6.008
1340,4,110030,256,22353.558,6.008
1341,1,110031,256,22357.719,5.155
1341,2,110031,256,22361.906,5.155
1341,3,110031,256,22366.015,5.155
1341,4,110031,256,22370.186,5.155
1342,1,110032,256,22374.464,5.673
1342,2,110032,256,22378.632,5.673
1342,3,110032,256,22382.776,5.673
1342,4,110032,256,22386.893,5.673
1343,1,110033,256,22391.033,5.437
1343,2,110033,256,22395.204,5.437
1343,3,110033,256,22399.467,5.437
1343,4,110033,256,22403.539,5.437
1344,1,110034,256,22407.746,5.524
1344,2,110034,256,22411.889,5.524
1344,3,110034,256,22416.088,5.524
1344,4,110034,256,22420.217,5.524
1345,1,110035,256,22424.715,5.648
1345,2,110035,256,22428.545,5.648
1345,3,110035,256,22432.747,5.648
1345,4,110035,256,22436.875,5.648
1346,1,110036,256,22441.085,5.535
1346,2,110036,256,22445.218,5.535
1346,3,110036,256,22449.391,5.535
1346,4,110036,256,22453.521,5.535
1347,1,110037,256,22457.784,5.709
1347,2,110037,256,22461.934,5.709
1347,3,110037,256,22466.085,5.709
1347,4,110037,256,22470.243,5.709
1348,1,110038,256,22474.490,5.357
1348,2,110038,256,22478.718,5.357
1348,3,110038,256,22482.794,5.357
1348,4,110038,256,22486.895,5.357
1349,1,110039,256,22491.088,5.707
1349,2,110039,256,22495.192,5.707
1349,3,110039,256,22499.384,5.707
1349,4,110039,256,22503.614,5.707
1350,1,110040,256,22507.727,5.888
1350,2,110040,256,22511.927,5.888
1350,3,110040,256,22516.036,5.888
1350,4,110040,256,22520.286,5.888
1351,1,110041,256,22524.539,5.649
1351,2,110041,256,22528.671,5.649
1351,3,110041,256,22532.786,5.649
1351,4,110041,256,22536.892,5.649
1352,1,110042,256,22541.102,5.229
1352,2,110042,256,22545.232,5.229
1352,3,110042,256,22549.505,5.229
1352,4,110042,256,22553.596,5.229
1353,1,110043,256,22557.781,5.433
1353,2,110043,256,22561.939,5.433
1353,3,110043,256,22566.116,5.433
1353,4,110043,256,22570.195,5.433
1354,1,110044,256,22574.588,5.742
1354,2,110044,256,22578.612,5.742
1354,3,110044,256,22582.817,5.742
1354,4,110044,256,22586.879,5.742
1355,1,110045,256,22591.102,5.323
1355,2,110045,256,22595.277,5.323
1355,3,110045,256,22599.539,5.323
1355,4,110045,256,22603.571,5.323
1356,1,110046,256,22607.798,5.188
1356,2,110046,256,22611.904,5.188
1356,3,110046,256,22616.073,5.188
1356,4,110046,256,22620.382,5.188
1357,1,110047,256,22624.621,5.630
1357,2,110047,256,22628.670,5.630
1357,3,110047,256,22632.868,5.630
1357,4,110047,256,22636.890,5.630
1358,1,110048,256,22641.041,5.287
1358,2,110048,256,22645.355,5.287
1358,3,110048,256,22649.474,5.287
1358,4,110048,256,22653.594,5.287
1359,1,110049,256,22657.836,5.509
1359,2,110049,256,22661.965,5.509
1359,3,110049,256,22666.092,5.509
1359,4,110049,256,22670.210,5.509
1360,1,110050,256,22674.357,5.548
1360,2,110050,256,22678.617,5.548
1360,3,110050,256,22682.717,5.548
1360,4,110050,256,22686.859,5.548
1361,1,110051,256,22691.128,5.472
1361,2,110051,256,22695.261,5.472
1361,3,110051,256,22699.544,5.472
1361,4,110051,256,22703.569,5.472
1362,1,110052,256,22707.766,5.324
1362,2,110052,256,22711.900,5.324
1362,3,110052,256,22716.082,5.324
1362,4,110052,256,22720.350,5.324
1363,1,110053,256,22725.016,5.576
1363,2,110053,256,22728.656,5.576
1363,3,110053,256,22732.813,5.576
1363,4,110053,256,22737.623,5.576
1364,1,110054,256,22741.074,5.825
1364,2,110054,256,22745.282,5.825
1364,3,110054,256,22749.468,5.825
1364,4,110054,256,22753.720,5.825
1365,1,110055,256,22757.949,5.200
1365,2,110055,256,22762.018,5.200
1365,3,110055,256,22766.154,5.200
1365,4,110055,256,22770.449,5.200
1366,1,110056,256,22774.557,5.504
1366,2,110056,256,22778.652,5.504
1366,3,110056,256,22782.766,5.504
1366,4,110056,256,22786.931,5.504
1367,1,110057,256,22791.121,5.175
1367,2,110057,256,22795.296,5.175
1367,3,110057,256,22799.599,5.175
1367,4,110057,256,22803.575,5.175
1368,1,110058,256,22807.749,5.141
1368,2,110058,256,22812.091,5.141
1368,3,110058,256,22816.144,5.141
1368,4,110058,256,22820.211,5.141
1369,1,110059,256,22824.471,6.161
1369,2,110059,256,22828.648,6.161
1369,3,110059,256,22832.920,6.161
1369,4,110059,256,22836.908,6.161
1370,1,110060,256,22841.061,5.589
1370,2,110060,256,22845.204,5.589
1370,3,110060,256,22849.385,5.589
1370,4,110060,256,22853.668,5.589
1371,1,110061,256,22857.735,5.801
1371,2,110061,256,22861.867,5.801
1371,3,110061,256,22866.044,5.801
1371,4,110061,256,22870.399,5.801
1372,1,110062,256,22874.470,6.037
1372,2,110062,256,22878.875,6.037
1372,3,110062,256,22882.726,6.037
1372,4,110062,256,22886.873,6.037
1373,1,110063,256,22891.245,5.427
1373,2,110063,256,22895.321,5.427
1373,3,110063,256,22899.594,5.427
1373,4,110063,256,22903.584,5.427
1374,1,110064,256,22907.751,5.232
1374,2,110064,256,22911.940,5.232
1374,3,110064,256,22916.189,5.232
1374,4,110064,256,22920.270,5.232
1375,1,110065,256,22924.434,5.536
1375,2,110065,256,22928.560,5.536
1375,3,110065,256,22932.763,5.536
1375,4,110065,256,22936.903,5.536
1376,1,110066,256,22941.097,5.633
1376,2,110066,256,22945.317,5.633
1376,3,110066,256,22949.410,5.633
1376,4,110066,256,22953.537,5.633
1377,1,110067,256,22957.800,5.003
1377,2,110067,256,22961.954,5.003
1377,3,110067,256,22966.106,5.003
1377,4,110067,256,22970.213,5.003
1378,1,110068,256,22974.431,5.231
1378,2,110068,256,22978.761,5.231
1378,3,110068,256,22982.719,5.231
1378,4,110068,256,22986.861,5.231
1379,1,110069,256,22991.249,5.288
1379,2,110069,256,22995.290,5.288
1379,3,110069,256,22999.580,5.288
1379,4,110069,256,23003.665,5.288
1380,1,110070,256,23007.852,5.217
1380,2,110070,256,23012.252,5.217
1380,3,110070,256,23016.268,5.217
1380,4,110070,256,23020.351,5.217
1381,1,110071,256,23024.667,5.423
1381,2,110071,256,23028.681,5.423
1381,3,110071,256,23032.820,5.423
1381,4,110071,256,23037.170,5.423
1382,1,110072,256,23041.406,5.470
1382,2,110072,256,23045.482,5.470
1382,3,110072,256,23049.992,5.470
1382,4,110072,256,23053.672,5.470
1383,1,110073,256,23057.965,6.498
1383,2,110073,256,23061.970,6.498
1383,3,110073,256,23066.147,6.498
1383,4,110073,256,23070.247,6.498
1384,1,110074,256,23074.396,5.247
1384,2,110074,256,23078.596,5.247
1384,3,110074,256,23082.884,5.247
1384,4,110074,256,23086.907,5.247
1385,1,110075,256,23091.031,5.731
1385,2,110075,256,23095.260,5.731
1385,3,110075,256,23099.458,5.731
1385,4,110075,256,23103.528,5.731
1386,1,110076,256,23107.702,5.482
1386,2,110076,256,23111.874,5.482
1386,3,110076,256,23116.107,5.482
1386,4,110076,256,23120.192,5.482
1387,1,110077,256,23124.364,5.495
1387,2,110077,256,23128.582,5.495
1387,3,110077,256,23132.769,5.495
1387,4,110077,256,23136.850,5.495
1388,1,110078,256,23141.095,5.233
1388,2,110078,256,23145.288,5.233
1388,3,110078,256,23149.571,5.233
1388,4,110078,256,23153.533,5.233
1389,1,110079,256,23157.705,5.138
1389,2,110079,256,23161.876,5.138
1389,3,110079,256,23166.092,5.138
1389,4,110079,256,23170.196,5.138
1390,1,110080,256,23174.355,5.240
1390,2,110080,256,23178.542,5.240
1390,3,110080,256,23182.711,5.240
1390,4,110080,256,23186.864,5.240
1391,1,110081,256,23191.033,5.499
1391,2,110081,256,23195.875,5.499
1391,3,110081,256,23199.467,5.499
1391,4,110081,256,23203.543,5.499
1392,1,110082,256,23207.880,5.239
1392,2,110082,256,23212.123,5.239
1392,3,110082,256,23216.241,5.239
1392,4,110082,256,23220.245,5.239
1393,1,110083,256,23224.450,5.487
1393,2,110083,256,23228.587,5.487
1393,3,110083,256,23232.863,5.487
1393,4,110083,256,23236.928,5.487
1394,1,110084,256,23241.073,5.549
1394,2,110084,256,23245.238,5.549
1394,3,110084,256,23249.455,5.549
1394,4,110084,256,23253.515,5.549
1395,1,110085,256,23257.736,5.451
1395,2,110085,256,23261.914,5.451
1395,3,110085,256,23266.160,5.451
1395,4,110085,256,23270.182,5.451
1396,1,110086,256,23274.463,5.868
1396,2,110086,256,23278.527,5.868
1396,3,110086,256,23282.720,5.868
1396,4,110086,256,23286.864,5.868
1397,1,110087,256,23291.124,5.886
1397,2,110087,256,23295.327,5.886
1397,3,110087,256,23299.425,5.886
1397,4,110087,256,23303.599,5.886
1398,1,110088,256,23307.847,5.542
1398,2,110088,256,23312.165,5.542
1398,3,110088,256,23316.071,5.542
1398,4,110088,256,23320.395,5.542
1399,1,110089,256,23324.616,5.841
1399,2,110089,256,23328.686,5.841
1399,3,110089,256,23332.895,5.841
1399,4,110089,256,23337.125,5.841
1400,1,110090,256,23341.113,5.400
1400,2,110090,256,23345.275,5.400
1400,3,110090,256,23349.404,5.400
1400,4,110090,256,23353.562,5.400
1401,1,110091,256,23357.761,5.230
1401,2,110091,256,23361.874,5.230
1401,3,110091,256,23366.109,5.230
1401,4,110091,256,23370.211,5.230
1402,1,110092,256,23374.435,5.503
1402,2,110092,256,23378.608,5.503
1402,3,110092,256,23382.897,5.503
1402,4,110092,256,23386.902,5.503
1403,1,110093,256,23391.076,5.128
1403,2,110093,256,23395.192,5.128
1403,3,110093,256,23399.585,5.128
1403,4,110093,256,23403.528,5.128
1404,1,110094,256,23407.770,5.732
1404,2,110094,256,23411.928,5.732
1404,3,110094,256,23416.064,5.732
1404,4,110094,256,23420.217,5.732
1405,1,110095,256,23424.394,5.439
1405,2,110095,256,23428.546,5.439
1405,3,110095,256,23432.852,5.439
1405,4,110095,256,23436.922,5.439
1406,1,110096,256,23441.067,5.725
1406,2,110096,256,23445.235,5.725
1406,3,110096,256,23449.389,5.725
1406,4,110096,256,23453.551,5.725
1407,1,110097,256,23457.954,5.771
1407,2,110097,256,23461.946,5.771
1407,3,110097,256,23466.070,5.771
1407,4,110097,256,23470.283,5.771
1408,1,110098,256,23474.446,5.202
1408,2,110098,256,23478.535,5.202
1408,3,110098,256,23482.743,5.202
1408,4,110098,256,23486.875,5.202
1409,1,110099,256,23491.123,5.564
1409,2,110099,256,23495.202,5.564
1409,3,110099,256,23499.379,5.564
1409,4,110099,256,23503.553,5.564
1410,1,110100,256,23507.758,5.503
1410,2,110100,256,23511.887,5.503
1410,3,110100,256,23516.037,5.503
1410,4,110100,256,23520.224,5.503
1411,1,110101,256,23524.447,5.536
1411,2,110101,256,23528.546,5.536
1411,3,110101,256,23532.710,5.536
1411,4,110101,256,23536.838,5.536
1412,1,110102,256,23541.130,5.556
1412,2,110102,256,23545.377,5.556
1412,3,110102,256,23549.453,5.556
1412,4,110102,256,23553.596,5.556
1413,1,110103,256,23557.737,5.293
1413,2,110103,256,23561.876,5.293
1413,3,110103,256,23566.068,5.293
1413,4,110103,256,23570.235,5.293
1414,1,110104,256,23574.527,5.568
1414,2,110104,256,23578.685,5.568
1414,3,110104,256,23582.779,5.568
1414,4,110104,256,23586.971,5.568
1415,1,110105,256,23591.222,5.574
1415,2,110105,256,23595.452,5.574
1415,3,110105,256,23599.599,5.574
1415,4,110105,256,23603.600,5.574
1416,1,110106,256,23607.870,5.681
1416,2,110106,256,23611.940,5.681
1416,3,110106,256,23616.158,5.681
1416,4,110106,256,23620.317,5.681
1417,1,110107,256,23624.490,5.446
1417,2,110107,256,23628.598,5.446
1417,3,110107,256,23632.761,5.446
1417,4,110107,256,23636.853,5.446
1418,1,110108,256,23641.119,6.344
1418,2,110108,256,23645.336,6.344
1418,3,110108,256,23649.559,6.344
1418,4,110108,256,23653.571,6.344
1419,1,110109,256,23657.734,5.535
1419,2,110109,256,23661.917,5.535
1419,3,110109,256,23666.166,5.535
1419,4,110109,256,23670.206,5.535
1420,1,110110,256,23674.574,5.620
1420,2,110110,256,23678.661,5.620
1420,3,110110,256,23682.725,5.620
1420,4,110110,256,23686.888,5.620
1421,1,110111,256,23691.058,5.307
1421,2,110111,256,23695.248,5.307
1421,3,110111,256,23699.443,5.307
1421,4,110111,256,23703.567,5.307
1422,1,110112,256,23707.727,5.495
1422,2,110112,256,23711.874,5.495
1422,3,110112,256,23716.040,5.495
1422,4,110112,256,23720.228,5.495
1423,1,110113,256,23724.493,5.736
1423,2,110113,256,23728.591,5.736
1423,3,110113,256,23732.758,5.736
1423,4,110113,256,23736.857,5.736
1424,1,110114,256,23741.165,5.308
1424,2,110114,256,23745.276,5.308
1424,3,110114,256,23749.404,5.308
1424,4,110114,256,23753.564,5.308
1425,1,110115,256,23757.774,5.322
1425,2,110115,256,23761.932,5.322
1425,3,110115,256,23766.031,5.322
1425,4,110115,256,23770.248,5.322
1426,1,110116,256,23774.636,5.590
1426,2,110116,256,23778.599,5.590
1426,3,110116,256,23782.743,5.590
1426,4,110116,256,23786.897,5.590
1427,1,110117,256,23791.043,5.792
1427,2,110117,256,23795.224,5.792
1427,3,110117,256,23799.983,5.792
1427,4,110117,256,23803.555,5.792
1428,1,110118,256,23807.761,6.117
1428,2,110118,256,23811.871,6.117
1428,3,110118,256,23816.132,6.117
1428,4,110118,256,23820.227,6.117
1429,1,110119,256,23824.458,5.752
1429,2,110119,256,23828.615,5.752
1429,3,110119,256,23832.754,5.752
1429,4,110119,256,23836.924,5.752
1430,1,110120,256,23841.059,5.500
1430,2,110120,256,23845.237,5.500
1430,3,110120,256,23849.375,5.500
1430,4,110120,256,23853.566,5.500
1431,1,110121,256,23857.761,5.514
1431,2,110121,256,23861.914,5.514
1431,3,110121,256,23866.077,5.514
1431,4,110121,256,23870.232,5.514
1432,1,110122,256,23874.482,5.742
1432,2,110122,256,23878.614,5.742
1432,3,110122,256,23882.726,5.742
1432,4,110122,256,23886.846,5.742
1433,1,110123,256,23891.103,5.456
1433,2,110123,256,23895.286,5.456
1433,3,110123,256,23899.543,5.456
1433,4,110123,256,23903.569,5.456
1434,1,110124,256,23907.793,5.497
1434,2,110124,256,23911.923,5.497
1434,3,110124,256,23916.062,5.497
1434,4,110124,256,23920.231,5.497
1435,1,110125,256,23924.491,5.786
1435,2,110125,256,23928.596,5.786
1435,3,110125,256,23932.762,5.786
1435,4,110125,256,23936.907,5.786
1436,1,110126,256,23941.147,5.681
1436,2,110126,256,23945.254,5.681
1436,3,110126,256,23949.405,5.681
1436,4,110126,256,23953.723,5.681
1437,1,110127,256,23957.843,5.723
1437,2,110127,256,23961.981,5.723
1437,3,110127,256,23966.194,5.723
1437,4,110127,256,23970.293,5.723
1438,1,110128,256,23974.406,5.592
1438,2,110128,256,23978.556,5.592
1438,3,110128,256,23982.755,5.592
1438,4,110128,256,23986.918,5.592
1439,1,110129,256,23991.108,5.771
1439,2,110129,256,23995.226,5.771
1439,3,110129,256,23999.533,5.771
1439,4,110129,256,24003.566,5.771
1440,1,110130,256,24007.733,5.745
1440,2,110130,256,24011.877,5.745
1440,3,110130,256,24016.098,5.745
1440,4,110130,256,24020.278,5.745
1441,1,110131,256,24024.474,5.844
1441,2,110131,256,24028.612,5.844
1441,3,110131,256,24032.816,5.844
1441,4,110131,256,24037.100,5.844
1442,1,110132,256,24041.373,5.274
1442,2,110132,256,24045.682,5.274
1442,3,110132,256,24049.779,5.274
1442,4,110132,256,24053.844,5.274
1443,1,110133,256,24058.183,5.437
1443,2,110133,256,24062.135,5.437
1443,3,110133,256,24066.259,5.437
1443,4,110133,256,24070.383,5.437
1444,1,110134,256,24074.957,5.718
1444,2,110134,256,24078.713,5.718
1444,3,110134,256,24082.982,5.718
1444,4,110134,256,24087.049,5.718
1445,1,110135,256,24091.207,5.752
1445,2,110135,256,24095.354,5.752
1445,3,110135,256,24099.559,5.752
1445,4,110135,256,24103.713,5.752
1446,1,110136,256,24107.875,5.274
1446,2,110136,256,24112.018,5.274
1446,3,110136,256,24116.199,5.274
1446,4,110136,256,24120.304,5.274
1447,1,110137,256,24124.534,5.354
1447,2,110137,256,24128.684,5.354
1447,3,110137,256,24132.810,5.354
1447,4,110137,256,24137.043,5.354
1448,1,110138,256,24141.170,5.598
1448,2,110138,256,24145.372,5.598
1448,3,110138,256,24149.581,5.598
1448,4,110138,256,24153.647,5.598
1449,1,110139,256,24157.775,5.686
1449,2,110139,256,24161.936,5.686
1449,3,110139,256,24166.093,5.686
1449,4,110139,256,24170.292,5.686
1450,1,110140,256,24174.442,5.391
1450,2,110140,256,24178.794,5.391
1450,3,110140,256,24182.896,5.391
1450,4,110140,256,24186.968,5.391
1451,1,110141,256,24191.153,5.294
1451,2,110141,256,24195.266,5.294
1451,3,110141,256,24199.744,5.294
1451,4,110141,256,24203.672,5.294
1452,1,110142,256,24207.834,5.272
1452,2,110142,256,24212.039,5.272
1452,3,110142,256,24216.168,5.272
1452,4,110142,256,24220.307,5.272
1453,1,110143,256,24224.511,5.206
1453,2,110143,256,24228.667,5.206
1453,3,110143,256,24232.858,5.206
1453,4,110143,256,24236.957,5.206
1454,1,110144,256,24241.126,5.501
1454,2,110144,256,24245.283,5.501
1454,3,110144,256,24249.510,5.501
1454,4,110144,256,24253.585,5.501
1455,1,110145,256,24257.753,5.282
1455,2,110145,256,24261.907,5.282
1455,3,110145,256,24266.143,5.282
1455,4,110145,256,24270.201,5.282
1456,1,110146,256,24274.435,5.321
1456,2,110146,256,24278.556,5.321
1456,3,110146,256,24282.736,5.321
1456,4,110146,256,24286.875,5.321
1457,1,110147,256,24291.055,5.318
1457,2,110147,256,24295.289,5.318
1457,3,110147,256,24299.413,5.318
1457,4,110147,256,24303.554,5.318
1458,1,110148,256,24307.951,4.997
1458,2,110148,256,24312.097,4.997
1458,3,110148,256,24316.326,4.997
1458,4,110148,256,24320.438,4.997
1459,1,110149,256,24324.587,5.581
1459,2,110149,256,24328.731,5.581
1459,3,110149,256,24332.856,5.581
1459,4,110149,256,24336.915,5.581
1460,1,110150,256,24341.572,5.619
1460,2,110150,256,24345.338,5.619
1460,3,110150,256,24349.819,5.619
1460,4,110150,256,24353.651,5.619
1461,1,110151,256,24357.929,5.332
1461,2,110151,256,24361.943,5.332
1461,3,110151,256,24366.101,5.332
1461,4,110151,256,24370.260,5.332
1462,1,110152,256,24374.955,5.305
1462,2,110152,256,24378.567,5.305
1462,3,110152,256,24382.759,5.305
1462,4,110152,256,24386.875,5.305
1463,1,110153,256,24391.059,5.469
1463,2,110153,256,24395.210,5.469
1463,3,110153,256,24399.428,5.469
1463,4,110153,256,24403.771,5.469
1464,1,110154,256,24408.071,5.164
1464,2,110154,256,24412.196,5.164
1464,3,110154,256,24416.347,5.164
1464,4,110154,256,24420.629,5.164
1465,1,110155,256,24424.581,5.479
1465,2,110155,256,24428.726,5.479
1465,3,110155,256,24433.054,5.479
1465,4,110155,256,24437.085,5.479
1466,1,110156,256,24441.189,5.140
1466,2,110156,256,24445.277,5.140
1466,3,110156,256,24449.403,5.140
1466,4,110156,256,24453.574,5.140
1467,1,110157,256,24457.786,5.416
1467,2,110157,256,24461.910,5.416
1467,3,110157,256,24466.075,5.416
1467,4,110157,256,24470.272,5.416
1468,1,110158,256,24474.481,5.621
1468,2,110158,256,24478.647,5.621
1468,3,110158,256,24483.282,5.621
1468,4,110158,256,24486.993,5.621
1469,1,110159,256,24491.256,5.257
1469,2,110159,256,24495.272,5.257
1469,3,110159,256,24499.545,5.257
1469,4,110159,256,24503.583,5.257
1470,1,110160,256,24507.723,5.423
1470,2,110160,256,24511.903,5.423
1470,3,110160,256,24516.126,5.423
1470,4,110160,256,24520.224,5.423
1471,1,110161,256,24524.575,5.715
1471,2,110161,256,24528.795,5.715
1471,3,110161,256,24532.922,5.715
1471,4,110161,256,24537.050,5.715
1472,1,110162,256,24541.127,5.592
1472,2,110162,256,24545.275,5.592
1472,3,110162,256,24549.470,5.592
1472,4,110162,256,24553.580,5.592
1473,1,110163,256,24557.763,5.626
1473,2,110163,256,24561.946,5.626
1473,3,110163,256,24566.049,5.626
1473,4,110163,256,24570.241,5.626
1474,1,110164,256,24574.385,5.619
1474,2,110164,256,24578.613,5.619
1474,3,110164,256,24582.735,5.619
1474,4,110164,256,24586.910,5.619
1475,1,110165,256,24591.169,5.531
1475,2,110165,256,24595.290,5.531
1475,3,110165,256,24599.449,5.531
1475,4,110165,256,24603.768,5.531
1476,1,110166,256,24607.758,5.324
1476,2,110166,256,24611.912,5.324
1476,3,110166,256,24616.066,5.324
1476,4,110166,256,24620.241,5.324
1477,1,110167,256,24624.685,5.708
1477,2,110167,256,24628.638,5.708
1477,3,110167,256,24632.755,5.708
1477,4,110167,256,24636.999,5.708
1478,1,110168,256,24641.263,5.710
1478,2,110168,256,24645.245,5.710
1478,3,110168,256,24649.458,5.710
1478,4,110168,256,24653.569,5.710
1479,1,110169,256,24657.725,5.331
1479,2,110169,256,24661.914,5.331
1479,3,110169,256,24666.206,5.331
1479,4,110169,256,24670.451,5.331
1480,1,110170,256,24674.559,5.661
1480,2,110170,256,24678.688,5.661
1480,3,110170,256,24682.791,5.661
1480,4,110170,256,24686.930,5.661
1481,1,110171,256,24691.120,5.152
1481,2,110171,256,24695.267,5.152
1481,3,110171,256,24699.455,5.152
1481,4,110171,256,24703.563,5.152
1482,1,110172,256,24707.749,5.325
1482,2,110172,256,24711.877,5.325
1482,3,110172,256,24716.050,5.325
1482,4,110172,256,24720.226,5.325
1483,1,110173,256,24724.496,5.657
1483,2,110173,256,24728.545,5.657
1483,3,110173,256,24732.818,5.657
1483,4,110173,256,24736.907,5.657
1484,1,110174,256,24741.152,5.576
1484,2,110174,256,24745.360,5.576
1484,3,110174,256,24749.557,5.576
1484,4,110174,256,24753.569,5.576
1485,1,110175,256,24757.809,5.168
1485,2,110175,256,24761.926,5.168
1485,3,110175,256,24766.097,5.168
1485,4,110175,256,24770.257,5.168
1486,1,110176,256,24774.426,5.282
1486,2,110176,256,24778.534,5.282
1486,3,110176,256,24783.432,5.282
1486,4,110176,256,24787.156,5.282
1487,1,110177,256,24791.188,5.568
1487,2,110177,256,24795.369,5.568
1487,3,110177,256,24799.452,5.568
1487,4,110177,256,24803.577,5.568
1488,1,110178,256,24807.755,5.346
1488,2,110178,256,24811.871,5.346
1488,3,110178,256,24816.051,5.346
1488,4,110178,256,24820.296,5.346
1489,1,110179,256,24824.443,5.611
1489,2,110179,256,24828.642,5.611
1489,3,110179,256,24832.768,5.611
1489,4,110179,256,24836.911,5.611
1490,1,110180,256,24841.120,5.327
1490,2,110180,256,24845.321,5.327
1490,3,110180,256,24849.487,5.327
1490,4,110180,256,24853.626,5.327
1491,1,110181,256,24857.766,5.449
1491,2,110181,256,24861.922,5.449
1491,3,110181,256,24866.103,5.449
1491,4,110181,256,24870.236,5.449
1492,1,110182,256,24874.489,5.659
1492,2,110182,256,24878.651,5.659
1492,3,110182,256,24882.769,5.659
1492,4,110182,256,24887.068,5.659
1493,1,110183,256,24891.066,5.310
1493,2,110183,256,24895.226,5.310
1493,3,110183,256,24899.518,5.310
1493,4,110183,256,24903.581,5.310
1494,1,110184,256,24907.743,5.432
1494,2,110184,256,24911.897,5.432
1494,3,110184,256,24916.037,5.432
1494,4,110184,256,24920.229,5.432
1495,1,110185,256,24924.671,6.148
1495,2,110185,256,24928.559,6.148
1495,3,110185,256,24932.967,6.148
1495,4,110185,256,24937.222,6.148
1496,1,110186,256,24941.149,5.717
1496,2,110186,256,24945.283,5.717
1496,3,110186,256,24949.487,5.717
1496,4,110186,256,24953.591,5.717
1497,1,110187,256,24957.886,5.576
1497,2,110187,256,24961.978,5.576
1497,3,110187,256,24966.074,5.576
1497,4,110187,256,24970.254,5.576
1498,1,110188,256,24974.424,5.649
1498,2,110188,256,24978.978,5.649
1498,3,110188,256,24982.750,5.649
1498,4,110188,256,24986.919,5.649
1499,1,110189,256,24991.091,5.637
1499,2,110189,256,24995.275,5.637
1499,3,110189,256,24999.523,5.637
1499,4,110189,256,25003.573,5.637
1500,1,110190,256,25007.740,5.836
1500,2,110190,256,25011.928,5.836
1500,3,110190,256,25016.054,5.836
1500,4,110190,256,25020.233,5.836
1501,1,110191,256,25024.818,6.255
1501,2,110191,256,25029.480,6.255
1501,3,110191,256,25033.488,6.255
1501,4,110191,256,25037.351,6.255
1502,1,110192,256,25041.313,5.601
1502,2,110192,256,25045.684,5.601
1502,3,110192,256,25049.753,5.601
1502,4,110192,256,25053.966,5.601
1503,1,110193,256,25058.103,5.794
1503,2,110193,256,25062.212,5.794
1503,3,110193,256,25066.377,5.794
1503,4,110193,256,25070.529,5.794
1504,1,110194,256,25074.891,6.182
1504,2,110194,256,25079.282,6.182
1504,3,110194,256,25082.913,6.182
1504,4,110194,256,25087.040,6.182
1505,1,110195,256,25091.196,5.628
1505,2,110195,256,25095.254,5.628
1505,3,110195,256,25099.436,5.628
1505,4,110195,256,25103.594,5.628
1506,1,110196,256,25107.870,5.873
1506,2,110196,256,25111.950,5.873
1506,3,110196,256,25116.059,5.873
1506,4,110196,256,25120.261,5.873
1507,1,110197,256,25124.631,5.165
1507,2,110197,256,25128.581,5.165
1507,3,110197,256,25132.971,5.165
1507,4,110197,256,25136.919,5.165
1508,1,110198,256,25141.068,5.578
1508,2,110198,256,25145.338,5.578
1508,3,110198,256,25149.617,5.578
1508,4,110198,256,25153.581,5.578
1509,1,110199,256,25157.770,5.138
1509,2,110199,256,25161.883,5.138
1509,3,110199,256,25166.115,5.138
1509,4,110199,256,25170.231,5.138
1510,1,110200,256,25174.428,5.450
1510,2,110200,256,25178.548,5.450
1510,3,110200,256,25182.738,5.450
1510,4,110200,256,25186.877,5.450
1511,1,110201,256,25191.122,5.724
1511,2,110201,256,25195.344,5.724
1511,3,110201,256,25199.551,5.724
1511,4,110201,256,25203.556,5.724
1512,1,110202,256,25207.843,5.116
1512,2,110202,256,25212.791,5.116
1512,3,110202,256,25216.217,5.116
1512,4,110202,256,25220.237,5.116
1513,1,110203,256,25224.432,5.331
1513,2,110203,256,25228.703,5.331
1513,3,110203,256,25232.775,5.331
1513,4,110203,256,25236.897,5.331
1514,1,110204,256,25241.094,5.574
1514,2,110204,256,25245.299,5.574
1514,3,110204,256,25249.485,5.574
1514,4,110204,256,25253.581,5.574
1515,1,110205,256,25257.774,5.765
1515,2,110205,256,25261.888,5.765
1515,3,110205,256,25266.038,5.765
1515,4,110205,256,25270.202,5.765
1516,1,110206,256,25274.591,5.571
1516,2,110206,256,25278.638,5.571
1516,3,110206,256,25282.753,5.571
1516,4,110206,256,25286.919,5.571
1517,1,110207,256,25291.487,5.655
1517,2,110207,256,25295.286,5.655
1517,3,110207,256,25299.415,5.655
1517,4,110207,256,25303.568,5.655
1518,1,110208,256,25307.780,5.168
1518,2,110208,256,25311.879,5.168
1518,3,110208,256,25316.050,5.168
1518,4,110208,256,25320.225,5.168
1519,1,110209,256,25324.452,5.577
1519,2,110209,256,25328.643,5.577
1519,3,110209,256,25332.764,5.577
1519,4,110209,256,25337.164,5.577
1520,1,110210,256,25341.215,5.365
1520,2,110210,256,25345.363,5.365
1520,3,110210,256,25349.439,5.365
1520,4,110210,256,25353.635,5.365
1521,1,110211,256,25357.889,5.329
1521,2,110211,256,25361.953,5.329
1521,3,110211,256,25366.034,5.329
1521,4,110211,256,25370.439,5.329
1522,1,110212,256,25374.456,5.338
1522,2,110212,256,25378.659,5.338
1522,3,110212,256,25382.894,5.338
1522,4,110212,256,25386.882,5.338
1523,1,110213,256,25391.170,5.361
1523,2,110213,256,25395.288,5.361
1523,3,110213,256,25400.037,5.361
1523,4,110213,256,25403.580,5.361
1524,1,110214,256,25407.785,5.280
1524,2,110214,256,25411.890,5.280
1524,3,110214,256,25416.126,5.280
1524,4,110214,256,25420.237,5.280
1525,1,110215,256,25424.808,5.542
1525,2,110215,256,25428.606,5.542
1525,3,110215,256,25432.727,5.542
1525,4,110215,256,25436.897,5.542
1526,1,110216,256,25441.097,5.573
1526,2,110216,256,25445.232,5.573
1526,3,110216,256,25449.414,5.573
1526,4,110216,256,25453.578,5.573
1527,1,110217,256,25457.767,5.418
1527,2,110217,256,25461.950,5.418
1527,3,110217,256,25466.048,5.418
1527,4,110217,256,25470.243,5.418
1528,1,110218,256,25474.424,5.833
1528,2,110218,256,25478.599,5.833
1528,3,110218,256,25482.735,5.833
1528,4,110218,256,25486.919,5.833
1529,1,110219,256,25491.098,6.001
1529,2,110219,256,25495.216,6.001
1529,3,110219,256,25499.457,6.001
1529,4,110219,256,25503.588,6.001
1530,1,110220,256,25507.941,6.002
1530,2,110220,256,25512.012,6.002
1530,3,110220,256,25516.122,6.002
1530,4,110220,256,25520.251,6.002
1531,1,110221,256,25524.455,5.447
1531,2,110221,256,25528.539,5.447
1531,3,110221,256,25532.750,5.447
1531,4,110221,256,25536.894,5.447
1532,1,110222,256,25541.093,5.718
1532,2,110222,256,25545.258,5.718
1532,3,110222,256,25549.420,5.718
1532,4,110222,256,25553.708,5.718
1533,1,110223,256,25557.770,5.747
1533,2,110223,256,25561.961,5.747
1533,3,110223,256,25566.046,5.747
1533,4,110223,256,25570.287,5.747
1534,1,110224,256,25574.521,5.336
1534,2,110224,256,25578.665,5.336
1534,3,110224,256,25582.847,5.336
1534,4,110224,256,25587.076,5.336
1535,1,110225,256,25591.272,5.618
1535,2,110225,256,25595.450,5.618
1535,3,110225,256,25599.513,5.618
1535,4,110225,256,25603.644,5.618
1536,1,110226,256,25607.807,5.343
1536,2,110226,256,25611.944,5.343
1536,3,110226,256,25616.315,5.343
1536,4,110226,256,25620.276,5.343
1537,1,110227,256,25624.544,5.790
1537,2,110227,256,25628.657,5.790
1537,3,110227,256,25632.847,5.790
1537,4,110227,256,25636.915,5.790
1538,1,110228,256,25641.106,5.814
1538,2,110228,256,25645.249,5.814
1538,3,110228,256,25649.472,5.814
1538,4,110228,256,25653.575,5.814
1539,1,110229,256,25657.764,5.203
1539,2,110229,256,25661.886,5.203
1539,3,110229,256,25666.064,5.203
1539,4,110229,256,25670.293,5.203
1540,1,110230,256,25674.601,5.556
1540,2,110230,256,25678.818,5.556
1540,3,110230,256,25682.769,5.556
1540,4,110230,256,25686.908,5.556
1541,1,110231,256,25691.105,5.728
1541,2,110231,256,25695.265,5.728
1541,3,110231,256,25699.419,5.728
1541,4,110231,256,25703.571,5.728
1542,1,110232,256,25707.763,5.603
1542,2,110232,256,25711.917,5.603
1542,3,110232,256,25716.045,5.603
1542,4,110232,256,25720.231,5.603
1543,1,110233,256,25724.415,5.845
1543,2,110233,256,25728.568,5.845
1543,3,110233,256,25732.865,5.845
1543,4,110233,256,25736.950,5.845
1544,1,110234,256,25741.122,5.641
1544,2,110234,256,25745.307,5.641
1544,3,110234,256,25749.443,5.641
1544,4,110234,256,25753.577,5.641
1545,1,110235,256,25757.815,5.955
1545,2,110235,256,25761.881,5.955
1545,3,110235,256,25766.031,5.955
1545,4,110235,256,25770.256,5.955
1546,1,110236,256,25774.641,5.918
1546,2,110236,256,25778.708,5.918
1546,3,110236,256,25782.751,5.918
1546,4,110236,256,25787.425,5.918
1547,1,110237,256,25791.419,5.620
1547,2,110237,256,25795.493,5.620
1547,3,110237,256,25799.455,5.620
1547,4,110237,256,25803.744,5.620
1548,1,110238,256,25807.756,5.821
1548,2,110238,256,25811.896,5.821
1548,3,110238,256,25816.062,5.821
1548,4,110238,256,25820.521,5.821
1549,1,110239,256,25824.525,5.609
1549,2,110239,256,25828.742,5.609
1549,3,110239,256,25832.878,5.609
1549,4,110239,256,25836.889,5.609
1550,1,110240,256,25841.271,5.566
1550,2,110240,256,25845.347,5.566
1550,3,110240,256,25849.517,5.566
1550,4,110240,256,25853.606,5.566
1551,1,110241,256,25857.889,5.211
1551,2,110241,256,25861.965,5.211
1551,3,110241,256,25866.145,5.211
1551,4,110241,256,25870.249,5.211
1552,1,110242,256,25874.807,5.718
1552,2,110242,256,25878.617,5.718
1552,3,110242,256,25882.795,5.718
1552,4,110242,256,25886.926,5.718
1553,1,110243,256,25891.116,5.641
1553,2,110243,256,25895.325,5.641
1553,3,110243,256,25899.624,5.641
1553,4,110243,256,25903.574,5.641
1554,1,110244,256,25907.736,5.167
1554,2,110244,256,25912.018,5.167
1554,3,110244,256,25916.084,5.167
1554,4,110244,256,25920.222,5.167
1555,1,110245,256,25924.474,5.218
1555,2,110245,256,25928.647,5.218
1555,3,110245,256,25932.872,5.218
1555,4,110245,256,25936.886,5.218
1556,1,110246,256,25941.116,5.756
1556,2,110246,256,25945.375,5.756
1556,3,110246,256,25949.478,5.756
1556,4,110246,256,25953.576,5.756
1557,1,110247,256,25957.771,5.701
1557,2,110247,256,25961.996,5.701
1557,3,110247,256,25966.084,5.701
1557,4,110247,256,25970.262,5.701
1558,1,110248,256,25974.465,5.681
1558,2,110248,256,25978.576,5.681
1558,3,110248,256,25982.741,5.681
1558,4,110248,256,25986.911,5.681
1559,1,110249,256,25991.076,5.743
1559,2,110249,256,25995.241,5.743
1559,3,110249,256,25999.422,5.743
1559,4,110249,256,26003.594,5.743
1560,1,110250,256,26007.752,5.706
1560,2,110250,256,26011.966,5.706
1560,3,110250,256,26016.202,5.706
1560,4,110250,256,26020.278,5.706
1561,1,110251,256,26024.471,5.286
1561,2,110251,256,26028.547,5.286
1561,3,110251,256,26032.753,5.286
1561,4,110251,256,26037.057,5.286
1562,1,110252,256,26041.996,5.843
1562,2,110252,256,26045.984,5.843
1562,3,110252,256,26050.107,5.843
1562,4,110252,256,26054.024,5.843
1563,1,110253,256,26058.256,6.233
1563,2,110253,256,26062.530,6.233
1563,3,110253,256,26066.596,6.233
1563,4,110253,256,26070.693,6.233
1564,1,110254,256,26074.608,5.796
1564,2,110254,256,26078.797,5.796
1564,3,110254,256,26083.007,5.796
1564,4,110254,256,26086.986,5.796
1565,1,110255,256,26091.167,5.591
1565,2,110255,256,26095.285,5.591
1565,3,110255,256,26099.508,5.591
1565,4,110255,256,26103.656,5.591
1566,1,110256,256,26107.885,5.328
1566,2,110256,256,26112.003,5.328
1566,3,110256,256,26116.289,5.328
1566,4,110256,256,26120.597,5.328
1567,1,110257,256,26124.624,6.114
1567,2,110257,256,26128.641,6.114
1567,3,110257,256,26132.784,6.114
1567,4,110257,256,26136.931,6.114
1568,1,110258,256,26141.087,5.585
1568,2,110258,256,26145.733,5.585
1568,3,110258,256,26149.485,5.585
1568,4,110258,256,26153.589,5.585
1569,1,110259,256,26157.780,5.579
1569,2,110259,256,26161.919,5.579
1569,3,110259,256,26166.043,5.579
1569,4,110259,256,26170.363,5.579
1570,1,110260,256,26174.465,5.588
1570,2,110260,256,26178.546,5.588
1570,3,110260,256,26182.716,5.588
1570,4,110260,256,26186.902,5.588
1571,1,110261,256,26191.085,5.604
1571,2,110261,256,26195.216,5.604
1571,3,110261,256,26199.424,5.604
1571,4,110261,256,26203.566,5.604
1572,1,110262,256,26207.995,5.544
1572,2,110262,256,26211.900,5.544
1572,3,110262,256,26216.050,5.544
1572,4,110262,256,26220.228,5.544
1573,1,110263,256,26224.482,5.956
1573,2,110263,256,26228.625,5.956
1573,3,110263,256,26232.866,5.956
1573,4,110263,256,26236.869,5.956
1574,1,110264,256,26241.157,5.628
1574,2,110264,256,26245.375,5.628
1574,3,110264,256,26249.457,5.628
1574,4,110264,256,26253.560,5.628
1575,1,110265,256,26257.766,5.346
1575,2,110265,256,26261.957,5.346
1575,3,110265,256,26266.079,5.346
1575,4,110265,256,26270.291,5.346
1576,1,110266,256,26274.658,5.305
1576,2,110266,256,26278.638,5.305
1576,3,110266,256,26282.754,5.305
1576,4,110266,256,26286.937,5.305
1577,1,110267,256,26291.129,5.769
1577,2,110267,256,26295.325,5.769
1577,3,110267,256,26299.537,5.769
1577,4,110267,256,26303.588,5.769
1578,1,110268,256,26307.746,5.418
1578,2,110268,256,26311.876,5.418
1578,3,110268,256,26316.037,5.418
1578,4,110268,256,26320.316,5.418
1579,1,110269,256,26324.472,5.943
1579,2,110269,256,26328.549,5.943
1579,3,110269,256,26332.753,5.943
1579,4,110269,256,26336.926,5.943
1580,1,110270,256,26341.150,6.085
1580,2,110270,256,26345.274,6.085
1580,3,110270,256,26349.578,6.085
1580,4,110270,256,26353.582,6.085
1581,1,110271,256,26357.900,5.374
1581,2,110271,256,26361.939,5.374
1581,3,110271,256,26366.159,5.374
1581,4,110271,256,26370.253,5.374
1582,1,110272,256,26374.458,5.284
1582,2,110272,256,26378.541,5.284
1582,3,110272,256,26382.767,5.284
1582,4,110272,256,26386.908,5.284
1583,1,110273,256,26391.083,5.556
1583,2,110273,256,26395.285,5.556
1583,3,110273,256,26399.530,5.556
1583,4,110273,256,26403.573,5.556
1584,1,110274,256,26407.785,5.931
1584,2,110274,256,26411.944,5.931
1584,3,110274,256,26416.324,5.931
1584,4,110274,256,26420.269,5.931
1585,1,110275,256,26424.485,5.681
1585,2,110275,256,26428.639,5.681
1585,3,110275,256,26432.769,5.681
1585,4,110275,256,26436.909,5.681
1586,1,110276,256,26441.074,5.267
1586,2,110276,256,26445.220,5.267
1586,3,110276,256,26449.429,5.267
1586,4,110276,256,26453.580,5.267
1587,1,110277,256,26458.217,5.604
1587,2,110277,256,26461.998,5.604
1587,3,110277,256,26466.071,5.604
1587,4,110277,256,26470.236,5.604
1588,1,110278,256,26474.440,5.612
1588,2,110278,256,26478.644,5.612
1588,3,110278,256,26482.792,5.612
1588,4,110278,256,26486.874,5.612
1589,1,110279,256,26491.130,5.247
1589,2,110279,256,26495.324,5.247
1589,3,110279,256,26499.616,5.247
1589,4,110279,256,26503.568,5.247
1590,1,110280,256,26507.790,5.450
1590,2,110280,256,26512.149,5.450
1590,3,110280,256,26516.244,5.450
1590,4,110280,256,26520.542,5.450
1591,1,110281,256,26524.570,5.455
1591,2,110281,256,26528.648,5.455
1591,3,110281,256,26532.784,5.455
1591,4,110281,256,26536.981,5.455
1592,1,110282,256,26541.105,5.586
1592,2,110282,256,26545.276,5.586
1592,3,110282,256,26549.592,5.586
1592,4,110282,256,26553.611,5.586
1593,1,110283,256,26557.788,5.376
1593,2,110283,256,26562.033,5.376
1593,3,110283,256,26566.462,5.376
1593,4,110283,256,26570.257,5.376
1594,1,110284,256,26574.446,5.260
1594,2,110284,256,26578.715,5.260
1594,3,110284,256,26582.900,5.260
1594,4,110284,256,26587.145,5.260
1595,1,110285,256,26591.154,5.133
1595,2,110285,256,26595.429,5.133
1595,3,110285,256,26599.511,5.133
1595,4,110285,256,26603.717,5.133
1596,1,110286,256,26607.942,5.318
1596,2,110286,256,26612.001,5.318
1596,3,110286,256,26616.144,5.318
1596,4,110286,256,26620.262,5.318
1597,1,110287,256,26624.514,5.348
1597,2,110287,256,26628.815,5.348
1597,3,110287,256,26632.816,5.348
1597,4,110287,256,26636.949,5.348
1598,1,110288,256,26641.249,5.274
1598,2,110288,256,26645.532,5.274
1598,3,110288,256,26649.591,5.274
1598,4,110288,256,26653.623,5.274
1599,1,110289,256,26657.778,5.174
1599,2,110289,256,26661.950,5.174
1599,3,110289,256,26666.091,5.174
1599,4,110289,256,26670.309,5.174
1600,1,110290,256,26674.603,5.529
1600,2,110290,256,26678.648,5.529
1600,3,110290,256,26682.798,5.529
1600,4,110290,256,26686.934,5.529
1601,1,110291,256,26691.201,5.465
1601,2,110291,256,26695.395,5.465
1601,3,110291,256,26699.425,5.465
1601,4,110291,256,26703.608,5.465
1602,1,110292,256,26707.736,5.314
1602,2,110292,256,26711.921,5.314
1602,3,110292,256,26716.078,5.314
1602,4,110292,256,26720.263,5.314
1603,1,110293,256,26724.416,5.738
1603,2,110293,256,26728.552,5.738
1603,3,110293,256,26732.917,5.738
1603,4,110293,256,26737.067,5.738
1604,1,110294,256,26741.090,5.676
1604,2,110294,256,26745.224,5.676
1604,3,110294,256,26749.595,5.676
1604,4,110294,256,26753.759,5.676
1605,1,110295,256,26758.124,5.613
1605,2,110295,256,26761.957,5.613
1605,3,110295,256,26766.090,5.613
1605,4,110295,256,26770.512,5.613
1606,1,110296,256,26774.496,6.237
1606,2,110296,256,26778.653,6.237
1606,3,110296,256,26782.794,6.237
1606,4,110296,256,26786.957,6.237
1607,1,110297,256,26791.101,5.145
1607,2,110297,256,26795.230,5.145
1607,3,110297,256,26799.450,5.145
1607,4,110297,256,26803.599,5.145
1608,1,110298,256,26807.809,5.708
1608,2,110298,256,26811.909,5.708
1608,3,110298,256,26816.084,5.708
1608,4,110298,256,26820.211,5.708
1609,1,110299,256,26824.409,5.808
1609,2,110299,256,26828.672,5.808
1609,3,110299,256,26832.830,5.808
1609,4,110299,256,26836.926,5.808
1610,1,110300,256,26841.086,5.861
1610,2,110300,256,26845.224,5.861
1610,3,110300,256,26849.543,5.861
1610,4,110300,256,26853.606,5.861
1611,1,110301,256,26857.944,5.494
1611,2,110301,256,26862.028,5.494
1611,3,110301,256,26866.103,5.494
1611,4,110301,256,26870.259,5.494
1612,1,110302,256,26874.422,5.317
1612,2,110302,256,26878.694,5.317
1612,3,110302,256,26882.962,5.317
1612,4,110302,256,26886.904,5.317
1613,1,110303,256,26891.639,5.679
1613,2,110303,256,26895.270,5.679
1613,3,110303,256,26899.811,5.679
1613,4,110303,256,26903.706,5.679
1614,1,110304,256,26907.865,5.736
1614,2,110304,256,26911.973,5.736
1614,3,110304,256,26916.061,5.736
1614,4,110304,256,26920.252,5.736
1615,1,110305,256,26924.597,5.944
1615,2,110305,256,26928.691,5.944
1615,3,110305,256,26932.788,5.944
1615,4,110305,256,26936.928,5.944
1616,1,110306,256,26941.092,5.531
1616,2,110306,256,26945.266,5.531
1616,3,110306,256,26949.666,5.531
1616,4,110306,256,26953.632,5.531
1617,1,110307,256,26957.750,5.774
1617,2,110307,256,26962.118,5.774
1617,3,110307,256,26966.111,5.774
1617,4,110307,256,26970.332,5.774
1618,1,110308,256,26974.509,5.254
1618,2,110308,256,26978.628,5.254
1618,3,110308,256,26982.772,5.254
1618,4,110308,256,26986.970,5.254
1619,1,110309,256,26991.117,5.429
1619,2,110309,256,26995.345,5.429
1619,3,110309,256,26999.784,5.429
1619,4,110309,256,27003.716,5.429
1620,1,110310,256,27007.769,5.191
1620,2,110310,256,27011.905,5.191
1620,3,110310,256,27016.229,5.191
1620,4,110310,256,27020.278,5.191
1621,1,110311,256,27024.449,5.495
1621,2,110311,256,27028.579,5.495
1621,3,110311,256,27032.752,5.495
1621,4,110311,256,27036.916,5.495
1622,1,110312,256,27041.074,5.614
1622,2,110312,256,27045.457,5.614
1622,3,110312,256,27050.919,5.614
1622,4,110312,256,27054.411,5.614
1623,1,110313,256,27058.214,5.550
1623,2,110313,256,27062.562,5.550
1623,3,110313,256,27066.964,5.550
1623,4,110313,256,27070.813,5.550
1624,1,110314,256,27074.916,5.780
1624,2,110314,256,27078.996,5.780
1624,3,110314,256,27083.230,5.780
1624,4,110314,256,27087.297,5.780
1625,1,110315,256,27091.437,5.785
1625,2,110315,256,27095.721,5.785
1625,3,110315,256,27099.658,5.785
1625,4,110315,256,27103.724,5.785
1626,1,110316,256,27108.240,5.759
1626,2,110316,256,27112.042,5.759
1626,3,110316,256,27116.243,5.759
1626,4,110316,256,27120.369,5.759
1627,1,110317,256,27124.506,5.520
1627,2,110317,256,27128.625,5.520
1627,3,110317,256,27132.778,5.520
1627,4,110317,256,27136.926,5.520
1628,1,110318,256,27141.079,5.575
1628,2,110318,256,27145.244,5.575
1628,3,110318,256,27149.434,5.575
1628,4,110318,256,27153.606,5.575
1629,1,110319,256,27157.761,5.420
1629,2,110319,256,27161.913,5.420
1629,3,110319,256,27166.067,5.420
1629,4,110319,256,27170.276,5.420
1630,1,110320,256,27175.155,5.397
1630,2,110320,256,27178.575,5.397
1630,3,110320,256,27182.776,5.397
1630,4,110320,256,27186.893,5.397
1631,1,110321,256,27191.055,5.420
1631,2,110321,256,27195.243,5.420
1631,3,110321,256,27199.419,5.420
1631,4,110321,256,27203.570,5.420
1632,1,110322,256,27207.726,5.152
1632,2,110322,256,27211.922,5.152
1632,3,110322,256,27216.143,5.152
1632,4,110322,256,27220.223,5.152
1633,1,110323,256,27225.106,5.375
1633,2,110323,256,27228.577,5.375
1633,3,110323,256,27232.812,5.375
1633,4,110323,256,27236.894,5.375
1634,1,110324,256,27241.084,5.370
1634,2,110324,256,27245.249,5.370
1634,3,110324,256,27249.418,5.370
1634,4,110324,256,27253.558,5.370
1635,1,110325,256,27257.753,5.137
1635,2,110325,256,27261.892,5.137
1635,3,110325,256,27266.059,5.137
1635,4,110325,256,27270.237,5.137
1636,1,110326,256,27274.621,5.575
1636,2,110326,256,27278.616,5.575
1636,3,110326,256,27282.786,5.575
1636,4,110326,256,27286.884,5.575
1637,1,110327,256,27291.070,5.398
1637,2,110327,256,27295.341,5.398
1637,3,110327,256,27299.829,5.398
1637,4,110327,256,27303.697,5.398
1638,1,110328,256,27307.762,5.302
1638,2,110328,256,27311.931,5.302
1638,3,110328,256,27316.073,5.302
1638,4,110328,256,27320.298,5.302
1639,1,110329,256,27324.468,5.533
1639,2,110329,256,27328.644,5.533
1639,3,110329,256,27332.760,5.533
1639,4,110329,256,27336.956,5.533
1640,1,110330,256,27341.156,5.338
1640,2,110330,256,27345.282,5.338
1640,3,110330,256,27349.404,5.338
1640,4,110330,256,27353.580,5.338
1641,1,110331,256,27357.914,5.791
1641,2,110331,256,27362.188,5.791
1641,3,110331,256,27366.306,5.791
1641,4,110331,256,27370.372,5.791
1642,1,110332,256,27374.500,5.652
1642,2,110332,256,27378.563,5.652
1642,3,110332,256,27382.744,5.652
1642,4,110332,256,27386.912,5.652
1643,1,110333,256,27391.098,5.965
1643,2,110333,256,27395.239,5.965
1643,3,110333,256,27399.833,5.965
1643,4,110333,256,27403.766,5.965
1644,1,110334,256,27407.886,5.649
1644,2,110334,256,27411.960,5.649
1644,3,110334,256,27416.128,5.649
1644,4,110334,256,27420.464,5.649
1645,1,110335,256,27424.501,5.281
1645,2,110335,256,27428.644,5.281
1645,3,110335,256,27432.943,5.281
1645,4,110335,256,27437.109,5.281
1646,1,110336,256,27441.106,5.227
1646,2,110336,256,27445.334,5.227
1646,3,110336,256,27449.454,5.227
1646,4,110336,256,27453.575,5.227
1647,1,110337,256,27457.819,5.310
1647,2,110337,256,27461.971,5.310
1647,3,110337,256,27466.251,5.310
1647,4,110337,256,27470.303,5.310
1648,1,110338,256,27474.493,5.348
1648,2,110338,256,27478.638,5.348
1648,3,110338,256,27482.936,5.348
1648,4,110338,256,27487.024,5.348
1649,1,110339,256,27491.089,5.183
1649,2,110339,256,27495.226,5.183
1649,3,110339,256,27499.412,5.183
1649,4,110339,256,27503.595,5.183
1650,1,110340,256,27507.772,5.539
1650,2,110340,256,27512.647,5.539
1650,3,110340,256,27516.134,5.539
1650,4,110340,256,27520.346,5.539
1651,1,110341,256,27524.626,5.176
1651,2,110341,256,27528.681,5.176
1651,3,110341,256,27532.793,5.176
1651,4,110341,256,27536.880,5.176
1652,1,110342,256,27541.090,5.339
1652,2,110342,256,27545.310,5.339
1652,3,110342,256,27549.417,5.339
1652,4,110342,256,27553.590,5.339
1653,1,110343,256,27557.767,5.258
1653,2,110343,256,27561.907,5.258
1653,3,110343,256,27566.194,5.258
1653,4,110343,256,27570.313,5.258
1654,1,110344,256,27574.602,5.593
1654,2,110344,256,27578.653,5.593
1654,3,110344,256,27582.958,5.593
1654,4,110344,256,27586.980,5.593
1655,1,110345,256,27591.831,5.788
1655,2,110345,256,27595.559,5.788
1655,3,110345,256,27599.568,5.788
1655,4,110345,256,27603.718,5.788
1656,1,110346,256,27607.775,6.229
1656,2,110346,256,27611.998,6.229
1656,3,110346,256,27616.100,6.229
1656,4,110346,256,27620.456,6.229
1657,1,110347,256,27624.537,5.497
1657,2,110347,256,27628.683,5.497
1657,3,110347,256,27632.830,5.497
1657,4,110347,256,27636.963,5.497
1658,1,110348,256,27641.172,6.083
1658,2,110348,256,27645.378,6.083
1658,3,110348,256,27649.451,6.083
1658,4,110348,256,27653.618,6.083
1659,1,110349,256,27657.778,5.873
1659,2,110349,256,27661.902,5.873
1659,3,110349,256,27666.086,5.873
1659,4,110349,256,27670.411,5.873
1660,1,110350,256,27674.424,5.604
1660,2,110350,256,27678.609,5.604
1660,3,110350,256,27682.915,5.604
1660,4,110350,256,27686.973,5.604
1661,1,110351,256,27691.079,5.642
1661,2,110351,256,27695.242,5.642
1661,3,110351,256,27699.420,5.642
1661,4,110351,256,27703.574,5.642
1662,1,110352,256,27707.756,5.563
1662,2,110352,256,27711.911,5.563
1662,3,110352,256,27716.073,5.563
1662,4,110352,256,27720.236,5.563
1663,1,110353,256,27724.579,5.989
1663,2,110353,256,27728.566,5.989
1663,3,110353,256,27732.773,5.989
1663,4,110353,256,27736.894,5.989
1664,1,110354,256,27741.077,6.204
1664,2,110354,256,27745.224,6.204
1664,3,110354,256,27749.414,6.204
1664,4,110354,256,27753.593,6.204
1665,1,110355,256,27757.981,5.961
1665,2,110355,256,27762.001,5.961
1665,3,110355,256,27766.213,5.961
1665,4,110355,256,27770.249,5.961
1666,1,110356,256,27774.437,5.796
1666,2,110356,256,27778.587,5.796
1666,3,110356,256,27782.737,5.796
1666,4,110356,256,27787.029,5.796
1667,1,110357,256,27791.198,5.972
1667,2,110357,256,27795.395,5.972
1667,3,110357,256,27799.437,5.972
1667,4,110357,256,27803.588,5.972
1668,1,110358,256,27807.822,6.001
1668,2,110358,256,27811.882,6.001
1668,3,110358,256,27816.077,6.001
1668,4,110358,256,27820.444,6.001
1669,1,110359,256,27824.503,6.380
1669,2,110359,256,27828.651,6.380
1669,3,110359,256,27832.763,6.380
1669,4,110359,256,27836.878,6.380
1670,1,110360,256,27841.132,5.806
1670,2,110360,256,27845.683,5.806
1670,3,110360,256,27849.456,5.806
1670,4,110360,256,27853.559,5.806
1671,1,110361,256,27858.086,5.727
1671,2,110361,256,27862.204,5.727
1671,3,110361,256,27866.148,5.727
1671,4,110361,256,27870.229,5.727
1672,1,110362,256,27874.483,5.702
1672,2,110362,256,27878.671,5.702
1672,3,110362,256,27882.873,5.702
1672,4,110362,256,27886.914,5.702
1673,1,110363,256,27891.162,5.790
1673,2,110363,256,27895.230,5.790
1673,3,110363,256,27899.416,5.790
1673,4,110363,256,27903.601,5.790
1674,1,110364,256,27907.798,6.171
1674,2,110364,256,27912.184,6.171
1674,3,110364,256,27916.286,6.171
1674,4,110364,256,27920.445,6.171
1675,1,110365,256,27924.431,6.027
1675,2,110365,256,27928.575,6.027
1675,3,110365,256,27932.750,6.027
1675,4,110365,256,27936.892,6.027
1676,1,110366,256,27941.307,5.970
1676,2,110366,256,27945.364,5.970
1676,3,110366,256,27949.439,5.970
1676,4,110366,256,27953.591,5.970
1677,1,110367,256,27957.778,5.410
1677,2,110367,256,27961.901,5.410
1677,3,110367,256,27966.095,5.410
1677,4,110367,256,27970.240,5.410
1678,1,110368,256,27974.444,5.792
1678,2,110368,256,27978.539,5.792
1678,3,110368,256,27982.865,5.792
1678,4,110368,256,27986.952,5.792
1679,1,110369,256,27991.072,5.668
1679,2,110369,256,27995.224,5.668
1679,3,110369,256,27999.386,5.668
1679,4,110369,256,28003.563,5.668
1680,1,110370,256,28007.783,5.609
1680,2,110370,256,28011.965,5.609
1680,3,110370,256,28016.098,5.609
1680,4,110370,256,28020.230,5.609
1681,1,110371,256,28024.526,5.673
1681,2,110371,256,28028.701,5.673
1681,3,110371,256,28032.780,5.673
1681,4,110371,256,28036.908,5.673
1682,1,110372,256,28041.116,5.722
1682,2,110372,256,28045.447,5.722
1682,3,110372,256,28049.508,5.722
1682,4,110372,256,28053.691,5.722
1683,1,110373,256,28057.977,5.872
1683,2,110373,256,28062.020,5.872
1683,3,110373,256,28066.262,5.872
1683,4,110373,256,28070.470,5.872
1684,1,110374,256,28074.660,5.918
1684,2,110374,256,28079.009,5.918
1684,3,110374,256,28083.018,5.918
1684,4,110374,256,28087.128,5.918
1685,1,110375,256,28091.322,6.107
1685,2,110375,256,28095.531,6.107
1685,3,110375,256,28099.687,6.107
1685,4,110375,256,28103.731,6.107
1686,1,110376,256,28107.997,6.537
1686,2,110376,256,28112.032,6.537
1686,3,110376,256,28116.180,6.537
1686,4,110376,256,28120.326,6.537
1687,1,110377,256,28124.543,5.843
1687,2,110377,256,28128.774,5.843
1687,3,110377,256,28132.808,5.843
1687,4,110377,256,28137.229,5.843
1688,1,110378,256,28141.141,5.560
1688,2,110378,256,28145.319,5.560
1688,3,110378,256,28149.478,5.560
1688,4,110378,256,28153.629,5.560
1689,1,110379,256,28157.934,5.652
1689,2,110379,256,28161.975,5.652
1689,3,110379,256,28166.076,5.652
1689,4,110379,256,28170.403,5.652
1690,1,110380,256,28174.501,5.393
1690,2,110380,256,28178.645,5.393
1690,3,110380,256,28182.782,5.393
1690,4,110380,256,28186.926,5.393
1691,1,110381,256,28191.079,5.398
1691,2,110381,256,28195.248,5.398
1691,3,110381,256,28199.405,5.398
1691,4,110381,256,28203.603,5.398
1692,1,110382,256,28207.775,5.586
1692,2,110382,256,28211.919,5.586
1692,3,110382,256,28216.115,5.586
1692,4,110382,256,28220.376,5.586
1693,1,110383,256,28224.450,5.683
1693,2,110383,256,28228.575,5.683
1693,3,110383,256,28232.777,5.683
1693,4,110383,256,28236.920,5.683
1694,1,110384,256,28241.315,5.686
1694,2,110384,256,28245.473,5.686
1694,3,110384,256,28249.479,5.686
1694,4,110384,256,28253.619,5.686
1695,1,110385,256,28257.789,5.710
1695,2,110385,256,28262.373,5.710
1695,3,110385,256,28266.204,5.710
1695,4,110385,256,28270.497,5.710
1696,1,110386,256,28274.464,5.882
1696,2,110386,256,28278.620,5.882
1696,3,110386,256,28282.740,5.882
1696,4,110386,256,28286.935,5.882
1697,1,110387,256,28291.084,5.645
1697,2,110387,256,28295.301,5.645
1697,3,110387,256,28299.411,5.645
1697,4,110387,256,28303.561,5.645
1698,1,110388,256,28307.790,5.607
1698,2,110388,256,28311.962,5.607
1698,3,110388,256,28316.120,5.607
1698,4,110388,256,28320.375,5.607
1699,1,110389,256,28324.444,5.372
1699,2,110389,256,28328.566,5.372
1699,3,110389,256,28332.741,5.372
1699,4,110389,256,28337.031,5.372
1700,1,110390,256,28341.152,5.809
1700,2,110390,256,28345.435,5.809
1700,3,110390,256,28349.419,5.809
1700,4,110390,256,28353.596,5.809
1701,1,110391,256,28357.769,5.405
1701,2,110391,256,28361.900,5.405
1701,3,110391,256,28366.093,5.405
1701,4,110391,256,28370.382,5.405
1702,1,110392,256,28374.432,5.822
1702,2,110392,256,28378.561,5.822
1702,3,110392,256,28382.871,5.822
1702,4,110392,256,28386.919,5.822
1703,1,110393,256,28391.196,5.760
1703,2,110393,256,28395.249,5.760
1703,3,110393,256,28399.399,5.760
1703,4,110393,256,28403.611,5.760
1704,1,110394,256,28408.064,6.054
1704,2,110394,256,28412.223,6.054
1704,3,110394,256,28416.461,6.054
1704,4,110394,256,28420.559,6.054
1705,1,110395,256,28424.574,6.482
1705,2,110395,256,28428.658,6.482
1705,3,110395,256,28432.893,6.482
1705,4,110395,256,28437.292,6.482
1706,1,110396,256,28441.406,6.331
1706,2,110396,256,28445.544,6.331
1706,3,110396,256,28449.690,6.331
1706,4,110396,256,28453.782,6.331
1707,1,110397,256,28457.983,6.484
1707,2,110397,256,28462.240,6.484
1707,3,110397,256,28466.524,6.484
1707,4,110397,256,28470.886,6.484
1708,1,110398,256,28474.919,6.240
1708,2,110398,256,28478.987,6.240
1708,3,110398,256,28483.141,6.240
1708,4,110398,256,28487.317,6.240
1709,1,110399,256,28491.458,6.294
1709,2,110399,256,28495.686,6.294
1709,3,110399,256,28499.994,6.294
1709,4,110399,256,28503.951,6.294
1710,1,110400,256,28508.186,6.248
1710,2,110400,256,28512.408,6.248
1710,3,110400,256,28516.732,6.248
1710,4,110400,256,28520.695,6.248
1711,1,110401,256,28524.789,5.861
1711,2,110401,256,28528.818,5.861
1711,3,110401,256,28533.095,5.861
1711,4,110401,256,28537.324,5.861
1712,1,110402,256,28541.299,6.739
1712,2,110402,256,28545.603,6.739
1712,3,110402,256,28549.779,6.739
1712,4,110402,256,28553.797,6.739
1713,1,110403,256,28557.953,6.657
1713,2,110403,256,28562.073,6.657
1713,3,110403,256,28566.316,6.657
1713,4,110403,256,28570.471,6.657
1714,1,110404,256,28574.581,6.723
1714,2,110404,256,28578.782,6.723
1714,3,110404,256,28582.900,6.723
1714,4,110404,256,28587.102,6.723
1715,1,110405,256,28591.196,6.905
1715,2,110405,256,28595.526,6.905
1715,3,110405,256,28599.486,6.905
1715,4,110405,256,28603.656,6.905
1716,1,110406,256,28607.814,6.189
1716,2,110406,256,28611.967,6.189
1716,3,110406,256,28616.108,6.189
1716,4,110406,256,28620.283,6.189
1717,1,110407,256,28624.567,6.179
1717,2,110407,256,28628.668,6.179
1717,3,110407,256,28632.826,6.179
1717,4,110407,256,28637.127,6.179
1718,1,110408,256,28641.200,5.746
1718,2,110408,256,28645.574,5.746
1718,3,110408,256,28649.551,5.746
1718,4,110408,256,28653.778,5.746
1719,1,110409,256,28657.786,5.620
1719,2,110409,256,28661.932,5.620
1719,3,110409,256,28666.083,5.620
1719,4,110409,256,28670.310,5.620
1720,1,110410,256,28674.485,6.198
1720,2,110410,256,28678.630,6.198
1720,3,110410,256,28682.802,6.198
1720,4,110410,256,28686.959,6.198
1721,1,110411,256,28691.127,5.261
1721,2,110411,256,28695.265,5.261
1721,3,110411,256,28699.598,5.261
1721,4,110411,256,28703.608,5.261
1722,1,110412,256,28707.756,6.005
1722,2,110412,256,28711.929,6.005
1722,3,110412,256,28716.097,6.005
1722,4,110412,256,28720.271,6.005
1723,1,110413,256,28724.485,5.894
1723,2,110413,256,28728.657,5.894
1723,3,110413,256,28732.801,5.894
1723,4,110413,256,28736.937,5.894
1724,1,110414,256,28741.081,5.372
1724,2,110414,256,28745.240,5.372
1724,3,110414,256,28749.416,5.372
1724,4,110414,256,28753.598,5.372
1725,1,110415,256,28757.781,5.658
1725,2,110415,256,28761.935,5.658
1725,3,110415,256,28766.161,5.658
1725,4,110415,256,28770.463,5.658
1726,1,110416,256,28774.533,6.082
1726,2,110416,256,28778.708,6.082
1726,3,110416,256,28782.974,6.082
1726,4,110416,256,28786.922,6.082
1727,1,110417,256,28791.161,5.694
1727,2,110417,256,28795.309,5.694
1727,3,110417,256,28799.537,5.694
1727,4,110417,256,28803.597,5.694
1728,1,110418,256,28807.741,5.493
1728,2,110418,256,28811.885,5.493
1728,3,110418,256,28816.061,5.493
1728,4,110418,256,28820.244,5.493
1729,1,110419,256,28824.459,6.272
1729,2,110419,256,28828.604,6.272
1729,3,110419,256,28832.743,6.272
1729,4,110419,256,28836.961,6.272
1730,1,110420,256,28841.107,6.032
1730,2,110420,256,28845.276,6.032
1730,3,110420,256,28849.591,6.032
1730,4,110420,256,28853.697,6.032
1731,1,110421,256,28857.755,6.256
1731,2,110421,256,28861.909,6.256
1731,3,110421,256,28866.059,6.256
1731,4,110421,256,28870.424,6.256
1732,1,110422,256,28874.530,6.397
1732,2,110422,256,28878.734,6.397
1732,3,110422,256,28882.964,6.397
1732,4,110422,256,28886.952,6.397
1733,1,110423,256,28891.554,5.341
1733,2,110423,256,28895.550,5.341
1733,3,110423,256,28899.473,5.341
1733,4,110423,256,28903.728,5.341
1734,1,110424,256,28907.761,5.951
1734,2,110424,256,28911.913,5.951
1734,3,110424,256,28916.266,5.951
1734,4,110424,256,28920.258,5.951
1735,1,110425,256,28924.426,5.905
1735,2,110425,256,28928.589,5.905
1735,3,110425,256,28932.813,5.905
1735,4,110425,256,28936.974,5.905
1736,1,110426,256,28941.113,5.885
1736,2,110426,256,28945.511,5.885
1736,3,110426,256,28949.468,5.885
1736,4,110426,256,28953.582,5.885
1737,1,110427,256,28957.911,5.173
1737,2,110427,256,28962.025,5.173
1737,3,110427,256,28966.115,5.173
1737,4,110427,256,28970.268,5.173
1738,1,110428,256,28974.519,5.341
1738,2,110428,256,28978.649,5.341
1738,3,110428,256,28982.742,5.341
1738,4,110428,256,28986.925,5.341
1739,1,110429,256,28991.149,5.375
1739,2,110429,256,28995.286,5.375
1739,3,110429,256,28999.484,5.375
1739,4,110429,256,29003.647,5.375
1740,1,110430,256,29007.751,5.746
1740,2,110430,256,29011.961,5.746
1740,3,110430,256,29016.091,5.746
1740,4,110430,256,29020.328,5.746
1741,1,110431,256,29024.517,5.788
1741,2,110431,256,29028.639,5.788
1741,3,110431,256,29032.858,5.788
1741,4,110431,256,29036.939,5.788
1742,1,110432,256,29041.380,5.305
1742,2,110432,256,29045.702,5.305
1742,3,110432,256,29049.790,5.305
1742,4,110432,256,29053.851,5.305
1743,1,110433,256,29058.176,5.464
1743,2,110433,256,29062.097,5.464
1743,3,110433,256,29066.252,5.464
1743,4,110433,256,29070.438,5.464
1744,1,110434,256,29074.710,6.373
1744,2,110434,256,29078.774,6.373
1744,3,110434,256,29082.922,6.373
1744,4,110434,256,29087.095,6.373
1745,1,110435,256,29091.379,5.730
1745,2,110435,256,29095.484,5.730
1745,3,110435,256,29099.656,5.730
1745,4,110435,256,29103.752,5.730
1746,1,110436,256,29108.153,6.310
1746,2,110436,256,29112.268,6.310
1746,3,110436,256,29116.327,6.310
1746,4,110436,256,29120.471,6.310
1747,1,110437,256,29124.640,5.822
1747,2,110437,256,29129.272,5.822
1747,3,110437,256,29132.949,5.822
1747,4,110437,256,29137.127,5.822
1748,1,110438,256,29141.300,6.142
1748,2,110438,256,29145.318,6.142
1748,3,110438,256,29149.470,6.142
1748,4,110438,256,29153.772,6.142
1749,1,110439,256,29157.838,6.368
1749,2,110439,256,29161.920,6.368
1749,3,110439,256,29166.158,6.368
1749,4,110439,256,29170.274,6.368
1750,1,110440,256,29174.513,5.760
1750,2,110440,256,29178.676,5.760
1750,3,110440,256,29182.751,5.760
1750,4,110440,256,29186.933,5.760
1751,1,110441,256,29191.110,5.246
1751,2,110441,256,29195.242,5.246
1751,3,110441,256,29199.481,5.246
1751,4,110441,256,29203.558,5.246
1752,1,110442,256,29207.730,5.760
1752,2,110442,256,29211.900,5.760
1752,3,110442,256,29216.075,5.760
1752,4,110442,256,29220.275,5.760
1753,1,110443,256,29224.434,5.564
1753,2,110443,256,29228.567,5.564
1753,3,110443,256,29232.755,5.564
1753,4,110443,256,29236.901,5.564
1754,1,110444,256,29241.132,5.814
1754,2,110444,256,29245.483,5.814
1754,3,110444,256,29249.464,5.814
1754,4,110444,256,29253.646,5.814
1755,1,110445,256,29257.808,5.204
1755,2,110445,256,29262.074,5.204
1755,3,110445,256,29266.209,5.204
1755,4,110445,256,29270.304,5.204
1756,1,110446,256,29274.742,5.259
1756,2,110446,256,29278.709,5.259
1756,3,110446,256,29282.805,5.259
1756,4,110446,256,29286.935,5.259
1757,1,110447,256,29291.578,5.374
1757,2,110447,256,29295.231,5.374
1757,3,110447,256,29299.387,5.374
1757,4,110447,256,29303.564,5.374
1758,1,110448,256,29307.859,5.951
1758,2,110448,256,29311.950,5.951
1758,3,110448,256,29316.090,5.951
1758,4,110448,256,29320.288,5.951
1759,1,110449,256,29324.531,5.503
1759,2,110449,256,29328.672,5.503
1759,3,110449,256,29332.800,5.503
1759,4,110449,256,29336.919,5.503
1760,1,110450,256,29341.123,5.373
1760,2,110450,256,29345.313,5.373
1760,3,110450,256,29349.411,5.373
1760,4,110450,256,29354.089,5.373
1761,1,110451,256,29358.094,5.315
1761,2,110451,256,29361.940,5.315
1761,3,110451,256,29366.073,5.315
1761,4,110451,256,29370.727,5.315
1762,1,110452,256,29374.500,5.916
1762,2,110452,256,29378.658,5.916
1762,3,110452,256,29382.759,5.916
1762,4,110452,256,29386.974,5.916
1763,1,110453,256,29391.085,5.209
1763,2,110453,256,29395.252,5.209
1763,3,110453,256,29399.405,5.209
1763,4,110453,256,29403.556,5.209
1764,1,110454,256,29407.763,5.796
1764,2,110454,256,29411.957,5.796
1764,3,110454,256,29416.110,5.796
1764,4,110454,256,29420.318,5.796
1765,1,110455,256,29424.499,5.254
1765,2,110455,256,29428.639,5.254
1765,3,110455,256,29432.932,5.254
1765,4,110455,256,29436.901,5.254
1766,1,110456,256,29441.120,5.315
1766,2,110456,256,29445.359,5.315
1766,3,110456,256,29449.492,5.315
1766,4,110456,256,29453.607,5.315
1767,1,110457,256,29457.759,5.335
1767,2,110457,256,29461.916,5.335
1767,3,110457,256,29466.094,5.335
1767,4,110457,256,29470.266,5.335
1768,1,110458,256,29474.566,5.579
1768,2,110458,256,29478.634,5.579
1768,3,110458,256,29482.782,5.579
1768,4,110458,256,29486.953,5.579
1769,1,110459,256,29491.100,5.260
1769,2,110459,256,29495.274,5.260
1769,3,110459,256,29499.425,5.260
1769,4,110459,256,29503.574,5.260
1770,1,110460,256,29507.805,5.615
1770,2,110460,256,29512.005,5.615
1770,3,110460,256,29516.081,5.615
1770,4,110460,256,29520.787,5.615
1771,1,110461,256,29525.235,5.202
1771,2,110461,256,29529.091,5.202
1771,3,110461,256,29533.103,5.202
1771,4,110461,256,29537.312,5.202
1772,1,110462,256,29541.336,6.098
1772,2,110462,256,29545.412,6.098
1772,3,110462,256,29549.756,6.098
1772,4,110462,256,29553.694,6.098
1773,1,110463,256,29557.817,5.773
1773,2,110463,256,29561.942,5.773
1773,3,110463,256,29566.077,5.773
1773,4,110463,256,29570.289,5.773
1774,1,110464,256,29574.453,6.174
1774,2,110464,256,29578.582,6.174
1774,3,110464,256,29582.854,6.174
1774,4,110464,256,29587.101,6.174
1775,1,110465,256,29591.278,5.860
1775,2,110465,256,29595.286,5.860
1775,3,110465,256,29599.462,5.860
1775,4,110465,256,29603.628,5.860
1776,1,110466,256,29607.756,6.212
1776,2,110466,256,29611.904,6.212
1776,3,110466,256,29616.071,6.212
1776,4,110466,256,29620.467,6.212
1777,1,110467,256,29624.538,5.883
1777,2,110467,256,29628.900,5.883
1777,3,110467,256,29633.180,5.883
1777,4,110467,256,29637.019,5.883
1778,1,110468,256,29641.230,5.433
1778,2,110468,256,29645.504,5.433
1778,3,110468,256,29649.654,5.433
1778,4,110468,256,29653.797,5.433
1779,1,110469,256,29657.812,5.391
1779,2,110469,256,29661.932,5.391
1779,3,110469,256,29666.123,5.391
1779,4,110469,256,29670.285,5.391
1780,1,110470,256,29674.444,5.668
1780,2,110470,256,29678.590,5.668
1780,3,110470,256,29682.915,5.668
1780,4,110470,256,29686.929,5.668
1781,1,110471,256,29691.085,5.686
1781,2,110471,256,29695.233,5.686
1781,3,110471,256,29699.443,5.686
1781,4,110471,256,29703.558,5.686
1782,1,110472,256,29707.789,5.553
1782,2,110472,256,29711.972,5.553
1782,3,110472,256,29716.086,5.553
1782,4,110472,256,29720.280,5.553
1783,1,110473,256,29724.448,5.145
1783,2,110473,256,29728.643,5.145
1783,3,110473,256,29732.875,5.145
1783,4,110473,256,29736.903,5.145
1784,1,110474,256,29741.132,5.522
1784,2,110474,256,29745.303,5.522
1784,3,110474,256,29749.551,5.522
1784,4,110474,256,29753.866,5.522
1785,1,110475,256,29758.121,5.146
1785,2,110475,256,29762.176,5.146
1785,3,110475,256,29766.435,5.146
1785,4,110475,256,29770.548,5.146
1786,1,110476,256,29774.782,6.182
1786,2,110476,256,29779.188,6.182
1786,3,110476,256,29783.646,6.182
1786,4,110476,256,29787.633,6.182
1787,1,110477,256,29791.712,5.637
1787,2,110477,256,29795.839,5.637
1787,3,110477,256,29799.871,5.637
1787,4,110477,256,29804.122,5.637
1788,1,110478,256,29808.260,5.709
1788,2,110478,256,29812.392,5.709
1788,3,110478,256,29816.533,5.709
1788,4,110478,256,29820.635,5.709
1789,1,110479,256,29824.907,5.851
1789,2,110479,256,29829.407,5.851
1789,3,110479,256,29833.402,5.851
1789,4,110479,256,29837.527,5.851
1790,1,110480,256,29841.319,5.680
1790,2,110480,256,29845.478,5.680
1790,3,110480,256,29850.027,5.680
1790,4,110480,256,29854.107,5.680
1791,1,110481,256,29858.183,6.562
1791,2,110481,256,29862.361,6.562
1791,3,110481,256,29866.629,6.562
1791,4,110481,256,29870.635,6.562
1792,1,110482,256,29875.010,5.731
1792,2,110482,256,29879.112,5.731
1792,3,110482,256,29883.308,5.731
1792,4,110482,256,29887.314,5.731
1793,1,110483,256,29891.384,5.978
1793,2,110483,256,29895.702,5.978
1793,3,110483,256,29899.759,5.978
1793,4,110483,256,29903.789,5.978
1794,1,110484,256,29908.042,6.628
1794,2,110484,256,29912.114,6.628
1794,3,110484,256,29916.436,6.628
1794,4,110484,256,29920.514,6.628
1795,1,110485,256,29924.640,6.496
1795,2,110485,256,29928.873,6.496
1795,3,110485,256,29932.943,6.496
1795,4,110485,256,29937.060,6.496
1796,1,110486,256,29941.379,6.292
1796,2,110486,256,29945.587,6.292
1796,3,110486,256,29949.750,6.292
1796,4,110486,256,29953.668,6.292
1797,1,110487,256,29958.092,5.667
1797,2,110487,256,29962.032,5.667
1797,3,110487,256,29966.107,5.667
1797,4,110487,256,29970.408,5.667
1798,1,110488,256,29974.516,5.200
1798,2,110488,256,29978.659,5.200
1798,3,110488,256,29982.762,5.200
1798,4,110488,256,29986.906,5.200
1799,1,110489,256,29991.299,5.199
1799,2,110489,256,29995.347,5.199
1799,3,110489,256,29999.433,5.199
1799,4,110489,256,30003.589,5.199
1800,1,110490,256,30007.774,5.290
1800,2,110490,256,30011.919,5.290
1800,3,110490,256,30016.093,5.290
1800,4,110490,256,30020.262,5.290
1801,1,110491,256,30024.577,5.628
1801,2,110491,256,30028.670,5.628
1801,3,110491,256,30032.774,5.628
1801,4,110491,256,30036.917,5.628
1802,1,110492,256,30041.217,5.188
1802,2,110492,256,30045.485,5.188
1802,3,110492,256,30049.846,5.188
1802,4,110492,256,30053.798,5.188
1803,1,110493,256,30058.163,5.831
1803,2,110493,256,30062.300,5.831
1803,3,110493,256,30066.291,5.831
1803,4,110493,256,30070.474,5.831
1804,1,110494,256,30074.521,5.919
1804,2,110494,256,30078.690,5.919
1804,3,110494,256,30082.926,5.919
1804,4,110494,256,30087.111,5.919
1805,1,110495,256,30091.240,5.974
1805,2,110495,256,30095.527,5.974
1805,3,110495,256,30099.695,5.974
1805,4,110495,256,30103.910,5.974
1806,1,110496,256,30108.031,5.924
1806,2,110496,256,30112.234,5.924
1806,3,110496,256,30116.444,5.924
1806,4,110496,256,30120.436,5.924
1807,1,110497,256,30124.687,5.827
1807,2,110497,256,30128.816,5.827
1807,3,110497,256,30132.985,5.827
1807,4,110497,256,30137.249,5.827
1808,1,110498,256,30141.312,6.529
1808,2,110498,256,30145.418,6.529
1808,3,110498,256,30149.738,6.529
1808,4,110498,256,30153.718,6.529
1809,1,110499,256,30157.943,6.048
1809,2,110499,256,30162.068,6.048
1809,3,110499,256,30166.222,6.048
1809,4,110499,256,30170.447,6.048
1810,1,110500,256,30174.564,5.949
1810,2,110500,256,30178.699,5.949
1810,3,110500,256,30182.845,5.949
1810,4,110500,256,30186.907,5.949
1811,1,110501,256,30191.153,5.698
1811,2,110501,256,30195.340,5.698
1811,3,110501,256,30199.557,5.698
1811,4,110501,256,30203.608,5.698
1812,1,110502,256,30207.813,5.210
1812,2,110502,256,30211.917,5.210
1812,3,110502,256,30216.122,5.210
1812,4,110502,256,30220.256,5.210
1813,1,110503,256,30224.519,5.997
1813,2,110503,256,30228.620,5.997
1813,3,110503,256,30232.773,5.997
1813,4,110503,256,30236.899,5.997
1814,1,110504,256,30241.295,5.606
1814,2,110504,256,30245.389,5.606
1814,3,110504,256,30249.506,5.606
1814,4,110504,256,30253.614,5.606
1815,1,110505,256,30257.955,5.232
1815,2,110505,256,30261.943,5.232
1815,3,110505,256,30266.132,5.232
1815,4,110505,256,30270.306,5.232
1816,1,110506,256,30274.551,5.255
1816,2,110506,256,30278.963,5.255
1816,3,110506,256,30282.774,5.255
1816,4,110506,256,30286.910,5.255
1817,1,110507,256,30291.096,5.772
1817,2,110507,256,30295.282,5.772
1817,3,110507,256,30299.392,5.772
1817,4,110507,256,30303.561,5.772
1818,1,110508,256,30307.861,5.891
1818,2,110508,256,30311.962,5.891
1818,3,110508,256,30316.092,5.891
1818,4,110508,256,30320.405,5.891
1819,1,110509,256,30324.669,5.366
1819,2,110509,256,30328.667,5.366
1819,3,110509,256,30332.777,5.366
1819,4,110509,256,30336.913,5.366
1820,1,110510,256,30341.317,5.447
1820,2,110510,256,30345.331,5.447
1820,3,110510,256,30349.421,5.447
1820,4,110510,256,30353.596,5.447
1821,1,110511,256,30357.862,5.349
1821,2,110511,256,30361.916,5.349
1821,3,110511,256,30366.069,5.349
1821,4,110511,256,30370.288,5.349
1822,1,110512,256,30374.494,5.648
1822,2,110512,256,30378.582,5.648
1822,3,110512,256,30382.742,5.648
1822,4,110512,256,30386.949,5.648
1823,1,110513,256,30391.177,6.098
1823,2,110513,256,30395.454,6.098
1823,3,110513,256,30399.434,6.098
1823,4,110513,256,30403.613,6.098
1824,1,110514,256,30407.904,5.543
1824,2,110514,256,30411.904,5.543
1824,3,110514,256,30416.084,5.543
1824,4,110514,256,30420.339,5.543
1825,1,110515,256,30424.675,5.623
1825,2,110515,256,30428.623,5.623
1825,3,110515,256,30432.739,5.623
1825,4,110515,256,30436.903,5.623
1826,1,110516,256,30441.136,5.261
1826,2,110516,256,30445.338,5.261
1826,3,110516,256,30449.502,5.261
1826,4,110516,256,30453.744,5.261
1827,1,110517,256,30458.019,5.221
1827,2,110517,256,30461.986,5.221
1827,3,110517,256,30466.310,5.221
1827,4,110517,256,30470.242,5.221
1828,1,110518,256,30474.548,5.341
1828,2,110518,256,30478.604,5.341
1828,3,110518,256,30482.784,5.341
1828,4,110518,256,30486.930,5.341
1829,1,110519,256,30491.236,5.945
1829,2,110519,256,30495.343,5.945
1829,3,110519,256,30499.429,5.945
1829,4,110519,256,30503.559,5.945
1830,1,110520,256,30507.946,5.875
1830,2,110520,256,30512.021,5.875
1830,3,110520,256,30516.186,5.875
1830,4,110520,256,30520.300,5.875
1831,1,110521,256,30524.684,5.361
1831,2,110521,256,30528.677,5.361
1831,3,110521,256,30532.795,5.361
1831,4,110521,256,30536.920,5.361
1832,1,110522,256,30542.212,6.007
1832,2,110522,256,30545.356,6.007
1832,3,110522,256,30549.512,6.007
1832,4,110522,256,30553.909,6.007
1833,1,110523,256,30558.244,5.981
1833,2,110523,256,30562.095,5.981
1833,3,110523,256,30566.446,5.981
1833,4,110523,256,30570.599,5.981
1834,1,110524,256,30574.801,6.079
1834,2,110524,256,30578.858,6.079
1834,3,110524,256,30582.929,6.079
1834,4,110524,256,30587.147,6.079
1835,1,110525,256,30591.378,6.785
1835,2,110525,256,30595.525,6.785
1835,3,110525,256,30599.666,6.785
1835,4,110525,256,30603.655,6.785
1836,1,110526,256,30607.969,6.141
1836,2,110526,256,30612.011,6.141
1836,3,110526,256,30616.150,6.141
1836,4,110526,256,30620.435,6.141
1837,1,110527,256,30624.581,5.620
1837,2,110527,256,30628.597,5.620
1837,3,110527,256,30632.797,5.620
1837,4,110527,256,30636.937,5.620
1838,1,110528,256,30641.394,6.254
1838,2,110528,256,30645.392,6.254
1838,3,110528,256,30649.634,6.254
1838,4,110528,256,30653.630,6.254
1839,1,110529,256,30657.753,5.739
1839,2,110529,256,30661.921,5.739
1839,3,110529,256,30666.101,5.739
1839,4,110529,256,30670.250,5.739
1840,1,110530,256,30674.440,5.941
1840,2,110530,256,30678.578,5.941
1840,3,110530,256,30682.930,5.941
1840,4,110530,256,30687.023,5.941
1841,1,110531,256,30691.332,5.894
1841,2,110531,256,30695.503,5.894
1841,3,110531,256,30699.601,5.894
1841,4,110531,256,30703.599,5.894
1842,1,110532,256,30708.079,5.749
1842,2,110532,256,30712.659,5.749
1842,3,110532,256,30716.132,5.749
1842,4,110532,256,30720.277,5.749
1843,1,110533,256,30724.442,5.794
1843,2,110533,256,30728.632,5.794
1843,3,110533,256,30732.748,5.794
1843,4,110533,256,30736.911,5.794
1844,1,110534,256,30741.139,6.012
1844,2,110534,256,30745.514,6.012
1844,3,110534,256,30749.454,6.012
1844,4,110534,256,30753.647,6.012
1845,1,110535,256,30757.768,5.303
1845,2,110535,256,30761.954,5.303
1845,3,110535,256,30766.072,5.303
1845,4,110535,256,30770.236,5.303
1846,1,110536,256,30774.514,6.082
1846,2,110536,256,30778.657,6.082
1846,3,110536,256,30782.796,6.082
1846,4,110536,256,30787.106,6.082
1847,1,110537,256,30791.237,5.658
1847,2,110537,256,30795.992,5.658
1847,3,110537,256,30799.587,5.658
1847,4,110537,256,30803.637,5.658
1848,1,110538,256,30807.846,6.372
1848,2,110538,256,30811.935,6.372
1848,3,110538,256,30816.274,6.372
1848,4,110538,256,30820.326,6.372
1849,1,110539,256,30824.464,6.010
1849,2,110539,256,30828.692,6.010
1849,3,110539,256,30832.784,6.010
1849,4,110539,256,30836.945,6.010
1850,1,110540,256,30841.084,5.679
1850,2,110540,256,30845.260,5.679
1850,3,110540,256,30849.410,5.679
1850,4,110540,256,30853.696,5.679
1851,1,110541,256,30857.794,5.833
1851,2,110541,256,30861.920,5.833
1851,3,110541,256,30866.064,5.833
1851,4,110541,256,30870.266,5.833
1852,1,110542,256,30874.453,5.649
1852,2,110542,256,30878.580,5.649
1852,3,110542,256,30882.790,5.649
1852,4,110542,256,30886.941,5.649
1853,1,110543,256,30891.104,5.862
1853,2,110543,256,30895.246,5.862
1853,3,110543,256,30899.410,5.862
1853,4,110543,256,30903.603,5.862
1854,1,110544,256,30907.781,5.828
1854,2,110544,256,30911.913,5.828
1854,3,110544,256,30916.138,5.828
1854,4,110544,256,30920.251,5.828
1855,1,110545,256,30924.519,5.700
1855,2,110545,256,30928.677,5.700
1855,3,110545,256,30932.755,5.700
1855,4,110545,256,30936.897,5.700
1856,1,110546,256,30941.157,5.451
1856,2,110546,256,30945.325,5.451
1856,3,110546,256,30949.486,5.451
1856,4,110546,256,30953.593,5.451
1857,1,110547,256,30957.811,5.642
1857,2,110547,256,30962.894,5.642
1857,3,110547,256,30966.250,5.642
1857,4,110547,256,30970.316,5.642
1858,1,110548,256,30974.542,5.749
1858,2,110548,256,30978.642,5.749
1858,3,110548,256,30982.862,5.749
1858,4,110548,256,30986.966,5.749
1859,1,110549,256,30991.203,5.670
1859,2,110549,256,30995.413,5.670
1859,3,110549,256,30999.477,5.670
1859,4,110549,256,31003.601,5.670
1860,1,110550,256,31007.845,5.630
1860,2,110550,256,31011.987,5.630
1860,3,110550,256,31016.094,5.630
1860,4,110550,256,31020.236,5.630
1861,1,110551,256,31024.479,5.306
1861,2,110551,256,31028.590,5.306
1861,3,110551,256,31032.872,5.306
1861,4,110551,256,31036.927,5.306
1862,1,110552,256,31041.158,5.834
1862,2,110552,256,31045.367,5.834
1862,3,110552,256,31049.645,5.834
1862,4,110552,256,31053.732,5.834
1863,1,110553,256,31057.885,5.361
1863,2,110553,256,31062.212,5.361
1863,3,110553,256,31066.324,5.361
1863,4,110553,256,31070.432,5.361
1864,1,110554,256,31074.515,6.537
1864,2,110554,256,31078.618,6.537
1864,3,110554,256,31083.018,6.537
1864,4,110554,256,31087.132,6.537
1865,1,110555,256,31091.467,6.151
1865,2,110555,256,31095.652,6.151
1865,3,110555,256,31099.667,6.151
1865,4,110555,256,31103.843,6.151
1866,1,110556,256,31108.010,6.865
1866,2,110556,256,31112.110,6.865
1866,3,110556,256,31116.267,6.865
1866,4,110556,256,31120.709,6.865
1867,1,110557,256,31124.744,6.800
1867,2,110557,256,31128.763,6.800
1867,3,110557,256,31132.976,6.800
1867,4,110557,256,31137.250,6.800
1868,1,110558,256,31141.194,5.733
1868,2,110558,256,31145.531,5.733
1868,3,110558,256,31149.521,5.733
1868,4,110558,256,31153.672,5.733
1869,1,110559,256,31157.866,6.088
1869,2,110559,256,31161.910,6.088
1869,3,110559,256,31166.078,6.088
1869,4,110559,256,31170.442,6.088
1870,1,110560,256,31174.499,5.780
1870,2,110560,256,31178.668,5.780
1870,3,110560,256,31182.816,5.780
1870,4,110560,256,31186.928,5.780
1871,1,110561,256,31191.096,5.612
1871,2,110561,256,31195.246,5.612
1871,3,110561,256,31199.454,5.612
1871,4,110561,256,31203.567,5.612
1872,1,110562,256,31207.826,6.001
1872,2,110562,256,31212.189,6.001
1872,3,110562,256,31216.185,6.001
1872,4,110562,256,31220.331,6.001
1873,1,110563,256,31224.437,5.495
1873,2,110563,256,31228.594,5.495
1873,3,110563,256,31232.787,5.495
1873,4,110563,256,31236.898,5.495
1874,1,110564,256,31241.154,6.162
1874,2,110564,256,31245.329,6.162
1874,3,110564,256,31249.421,6.162
1874,4,110564,256,31253.623,6.162
1875,1,110565,256,31257.829,5.173
1875,2,110565,256,31262.556,5.173
1875,3,110565,256,31266.348,5.173
1875,4,110565,256,31270.238,5.173
1876,1,110566,256,31274.458,5.797
1876,2,110566,256,31278.691,5.797
1876,3,110566,256,31282.828,5.797
1876,4,110566,256,31286.933,5.797
1877,1,110567,256,31291.194,6.210
1877,2,110567,256,31295.274,6.210
1877,3,110567,256,31299.479,6.210
1877,4,110567,256,31303.717,6.210
1878,1,110568,256,31307.806,5.678
1878,2,110568,256,31311.984,5.678
1878,3,110568,256,31316.199,5.678
1878,4,110568,256,31320.330,5.678
1879,1,110569,256,31324.699,5.398
1879,2,110569,256,31328.650,5.398
1879,3,110569,256,31332.740,5.398
1879,4,110569,256,31336.930,5.398
1880,1,110570,256,31341.192,6.154
1880,2,110570,256,31345.461,6.154
1880,3,110570,256,31349.430,6.154
1880,4,110570,256,31353.600,6.154
1881,1,110571,256,31357.945,5.193
1881,2,110571,256,31361.937,5.193
1881,3,110571,256,31366.106,5.193
1881,4,110571,256,31370.450,5.193
1882,1,110572,256,31374.449,5.917
1882,2,110572,256,31378.566,5.917
1882,3,110572,256,31382.740,5.917
1882,4,110572,256,31387.085,5.917
1883,1,110573,256,31391.108,5.949
1883,2,110573,256,31395.224,5.949
1883,3,110573,256,31399.425,5.949
1883,4,110573,256,31403.699,5.949
1884,1,110574,256,31407.823,5.959
1884,2,110574,256,31411.968,5.959
1884,3,110574,256,31416.087,5.959
1884,4,110574,256,31420.457,5.959
1885,1,110575,256,31424.463,5.263
1885,2,110575,256,31428.577,5.263
1885,3,110575,256,31432.752,5.263
1885,4,110575,256,31436.931,5.263
1886,1,110576,256,31441.103,6.150
1886,2,110576,256,31445.237,6.150
1886,3,110576,256,31449.436,6.150
1886,4,110576,256,31453.610,6.150
1887,1,110577,256,31457.790,6.075
1887,2,110577,256,31461.915,6.075
1887,3,110577,256,31466.131,6.075
1887,4,110577,256,31470.400,6.075
1888,1,110578,256,31474.500,5.924
1888,2,110578,256,31478.641,5.924
1888,3,110578,256,31482.806,5.924
1888,4,110578,256,31486.891,5.924
1889,1,110579,256,31491.149,5.178
1889,2,110579,256,31495.442,5.178
1889,3,110579,256,31499.418,5.178
1889,4,110579,256,31503.612,5.178
1890,1,110580,256,31507.756,5.482
1890,2,110580,256,31511.956,5.482
1890,3,110580,256,31516.075,5.482
1890,4,110580,256,31520.419,5.482
1891,1,110581,256,31524.521,5.692
1891,2,110581,256,31528.738,5.692
1891,3,110581,256,31532.763,5.692
1891,4,110581,256,31536.903,5.692
1892,1,110582,256,31541.126,5.232
1892,2,110582,256,31545.258,5.232
1892,3,110582,256,31549.416,5.232
1892,4,110582,256,31553.567,5.232
1893,1,110583,256,31557.826,6.103
1893,2,110583,256,31561.975,6.103
1893,3,110583,256,31566.138,6.103
1893,4,110583,256,31570.316,6.103
1894,1,110584,256,31574.627,5.512
1894,2,110584,256,31578.640,5.512
1894,3,110584,256,31583.423,5.512
1894,4,110584,256,31587.991,5.512
1895,1,110585,256,31591.666,5.773
1895,2,110585,256,31595.857,5.773
1895,3,110585,256,31600.073,5.773
1895,4,110585,256,31604.068,5.773
1896,1,110586,256,31608.483,6.208
1896,2,110586,256,31612.431,6.208
1896,3,110586,256,31616.541,6.208
1896,4,110586,256,31620.715,6.208
1897,1,110587,256,31624.684,5.718
1897,2,110587,256,31628.700,5.718
1897,3,110587,256,31632.883,5.718
1897,4,110587,256,31637.021,5.718
1898,1,110588,256,31641.191,6.300
1898,2,110588,256,31645.409,6.300
1898,3,110588,256,31649.656,6.300
1898,4,110588,256,31653.653,6.300
1899,1,110589,256,31657.816,5.673
1899,2,110589,256,31661.954,5.673
1899,3,110589,256,31666.128,5.673
1899,4,110589,256,31670.310,5.673
1900,1,110590,256,31674.444,5.772
1900,2,110590,256,31678.665,5.772
1900,3,110590,256,31682.848,5.772
1900,4,110590,256,31686.946,5.772
1901,1,110591,256,31691.203,5.490
1901,2,110591,256,31695.323,5.490
1901,3,110591,256,31699.521,5.490
1901,4,110591,256,31703.615,5.490
1902,1,110592,256,31707.851,5.773
1902,2,110592,256,31712.002,5.773
1902,3,110592,256,31716.143,5.773
1902,4,110592,256,31720.335,5.773
1903,1,110593,256,31724.489,5.938
1903,2,110593,256,31729.048,5.938
1903,3,110593,256,31732.872,5.938
1903,4,110593,256,31736.966,5.938
1904,1,110594,256,31741.134,5.538
1904,2,110594,256,31745.345,5.538
1904,3,110594,256,31749.479,5.538
1904,4,110594,256,31753.614,5.538
1905,1,110595,256,31757.838,5.062
1905,2,110595,256,31761.955,5.062
1905,3,110595,256,31766.138,5.062
1905,4,110595,256,31770.328,5.062
1906,1,110596,256,31774.803,5.286
1906,2,110596,256,31778.618,5.286
1906,3,110596,256,31782.805,5.286
1906,4,110596,256,31786.942,5.286
1907,1,110597,256,31791.147,5.329
1907,2,110597,256,31795.290,5.329
1907,3,110597,256,31799.466,5.329
1907,4,110597,256,31803.627,5.329
1908,1,110598,256,31807.865,5.685
1908,2,110598,256,31811.999,5.685
1908,3,110598,256,31816.102,5.685
1908,4,110598,256,31820.321,5.685
1909,1,110599,256,31824.544,5.465
1909,2,110599,256,31828.668,5.465
1909,3,110599,256,31832.749,5.465
1909,4,110599,256,31837.107,5.465
1910,1,110600,256,31841.103,5.353
1910,2,110600,256,31845.257,5.353
1910,3,110600,256,31849.412,5.353
1910,4,110600,256,31853.606,5.353
1911,1,110601,256,31857.788,6.235
1911,2,110601,256,31861.946,6.235
1911,3,110601,256,31866.424,6.235
1911,4,110601,256,31870.312,6.235
1912,1,110602,256,31874.525,5.973
1912,2,110602,256,31878.588,5.973
1912,3,110602,256,31882.794,5.973
1912,4,110602,256,31886.934,5.973
1913,1,110603,256,31891.099,5.076
1913,2,110603,256,31895.284,5.076
1913,3,110603,256,31899.635,5.076
1913,4,110603,256,31903.665,5.076
1914,1,110604,256,31907.900,6.324
1914,2,110604,256,31911.978,6.324
1914,3,110604,256,31916.086,6.324
1914,4,110604,256,31920.261,6.324
1915,1,110605,256,31924.487,6.211
1915,2,110605,256,31928.624,6.211
1915,3,110605,256,31932.780,6.211
1915,4,110605,256,31936.952,6.211
1916,1,110606,256,31941.094,5.838
1916,2,110606,256,31945.329,5.838
1916,3,110606,256,31949.421,5.838
1916,4,110606,256,31953.611,5.838
1917,1,110607,256,31957.800,6.143
1917,2,110607,256,31961.928,6.143
1917,3,110607,256,31966.113,6.143
1917,4,110607,256,31970.303,6.143
1918,1,110608,256,31974.428,5.658
1918,2,110608,256,31978.577,5.658
1918,3,110608,256,31982.760,5.658
1918,4,110608,256,31986.937,5.658
1919,1,110609,256,31991.181,5.921
1919,2,110609,256,31995.302,5.921
1919,3,110609,256,31999.413,5.921
1919,4,110609,256,32003.610,5.921
1920,1,110610,256,32007.810,6.264
1920,2,110610,256,32011.913,6.264
1920,3,110610,256,32016.090,6.264
1920,4,110610,256,32020.423,6.264
1921,1,110611,256,32024.476,5.921
1921,2,110611,256,32028.570,5.921
1921,3,110611,256,32032.738,5.921
1921,4,110611,256,32036.929,5.921
1922,1,110612,256,32041.120,6.209
1922,2,110612,256,32045.266,6.209
1922,3,110612,256,32049.563,6.209
1922,4,110612,256,32053.899,6.209
1923,1,110613,256,32057.923,5.859
1923,2,110613,256,32062.233,5.859
1923,3,110613,256,32066.266,5.859
1923,4,110613,256,32070.309,5.859
1924,1,110614,256,32074.587,5.314
1924,2,110614,256,32079.479,5.314
1924,3,110614,256,32083.343,5.314
1924,4,110614,256,32087.258,5.314
1925,1,110615,256,32091.219,5.760
1925,2,110615,256,32095.503,5.760
1925,3,110615,256,32099.741,5.760
1925,4,110615,256,32104.567,5.760
1926,1,110616,256,32108.534,5.432
1926,2,110616,256,32112.757,5.432
1926,3,110616,256,32116.941,5.432
1926,4,110616,256,32121.094,5.432
1927,1,110617,256,32125.319,6.524
1927,2,110617,256,32129.375,6.524
1927,3,110617,256,32133.435,6.524
1927,4,110617,256,32137.454,6.524
1928,1,110618,256,32141.601,5.803
1928,2,110618,256,32145.895,5.803
1928,3,110618,256,32149.953,5.803
1928,4,110618,256,32153.988,5.803
1929,1,110619,256,32158.169,5.847
1929,2,110619,256,32162.431,5.847
1929,3,110619,256,32166.567,5.847
1929,4,110619,256,32170.749,5.847
1930,1,110620,256,32174.916,7.476
1930,2,110620,256,32178.931,7.476
1930,3,110620,256,32183.214,7.476
1930,4,110620,256,32187.336,7.476
1931,1,110621,256,32191.461,6.110
1931,2,110621,256,32195.562,6.110
1931,3,110621,256,32199.617,6.110
1931,4,110621,256,32203.770,6.110
1932,1,110622,256,32207.941,6.684
1932,2,110622,256,32212.085,6.684
1932,3,110622,256,32216.214,6.684
1932,4,110622,256,32220.368,6.684
1933,1,110623,256,32224.527,5.934
1933,2,110623,256,32228.725,5.934
1933,3,110623,256,32232.860,5.934
1933,4,110623,256,32237.084,5.934
1934,1,110624,256,32241.349,5.864
1934,2,110624,256,32245.455,5.864
1934,3,110624,256,32249.570,5.864
1934,4,110624,256,32253.689,5.864
1935,1,110625,256,32258.043,6.125
1935,2,110625,256,32262.052,6.125
1935,3,110625,256,32266.145,6.125
1935,4,110625,256,32270.927,6.125
1936,1,110626,256,32275.328,5.513
1936,2,110626,256,32279.149,5.513
1936,3,110626,256,32283.189,5.513
1936,4,110626,256,32287.481,5.513
1937,1,110627,256,32291.659,5.572
1937,2,110627,256,32295.683,5.572
1937,3,110627,256,32299.778,5.572
1937,4,110627,256,32303.834,5.572
1938,1,110628,256,32308.123,6.404
1938,2,110628,256,32312.116,6.404
1938,3,110628,256,32316.224,6.404
1938,4,110628,256,32320.380,6.404
1939,1,110629,256,32324.607,5.778
1939,2,110629,256,32328.763,5.778
1939,3,110629,256,32332.835,5.778
1939,4,110629,256,32337.073,5.778
1940,1,110630,256,32341.108,5.319
1940,2,110630,256,32345.292,5.319
1940,3,110630,256,32349.448,5.319
1940,4,110630,256,32353.590,5.319
1941,1,110631,256,32357.850,5.761
1941,2,110631,256,32361.965,5.761
1941,3,110631,256,32366.101,5.761
1941,4,110631,256,32370.304,5.761
1942,1,110632,256,32374.434,5.321
1942,2,110632,256,32378.611,5.321
1942,3,110632,256,32382.876,5.321
1942,4,110632,256,32386.959,5.321
1943,1,110633,256,32391.111,5.775
1943,2,110633,256,32395.346,5.775
1943,3,110633,256,32399.568,5.775
1943,4,110633,256,32403.588,5.775
1944,1,110634,256,32407.823,5.956
1944,2,110634,256,32412.028,5.956
1944,3,110634,256,32416.177,5.956
1944,4,110634,256,32420.394,5.956
1945,1,110635,256,32424.443,5.461
1945,2,110635,256,32428.589,5.461
1945,3,110635,256,32432.751,5.461
1945,4,110635,256,32436.946,5.461
1946,1,110636,256,32441.095,6.154
1946,2,110636,256,32445.280,6.154
1946,3,110636,256,32449.433,6.154
1946,4,110636,256,32453.584,6.154
1947,1,110637,256,32457.944,5.923
1947,2,110637,256,32462.020,5.923
1947,3,110637,256,32466.252,5.923
1947,4,110637,256,32470.286,5.923
1948,1,110638,256,32474.553,5.695
1948,2,110638,256,32478.601,5.695
1948,3,110638,256,32482.904,5.695
1948,4,110638,256,32486.975,5.695
1949,1,110639,256,32491.102,5.622
1949,2,110639,256,32495.291,5.622
1949,3,110639,256,32499.418,5.622
1949,4,110639,256,32503.765,5.622
1950,1,110640,256,32507.776,6.514
1950,2,110640,256,32511.922,6.514
1950,3,110640,256,32516.098,6.514
1950,4,110640,256,32520.497,6.514
1951,1,110641,256,32524.553,5.995
1951,2,110641,256,32528.636,5.995
1951,3,110641,256,32532.747,5.995
1951,4,110641,256,32536.972,5.995
1952,1,110642,256,32541.162,5.922
1952,2,110642,256,32545.289,5.922
1952,3,110642,256,32549.445,5.922
1952,4,110642,256,32553.676,5.922
1953,1,110643,256,32557.985,6.190
1953,2,110643,256,32561.961,6.190
1953,3,110643,256,32566.135,6.190
1953,4,110643,256,32570.420,6.190
1954,1,110644,256,32574.443,7.174
1954,2,110644,256,32578.619,7.174
1954,3,110644,256,32582.953,7.174
1954,4,110644,256,32587.065,7.174
1955,1,110645,256,32591.125,5.856
1955,2,110645,256,32595.289,5.856
1955,3,110645,256,32599.429,5.856
1955,4,110645,256,32603.641,5.856
1956,1,110646,256,32607.796,6.042
1956,2,110646,256,32611.925,6.042
1956,3,110646,256,32616.122,6.042
1956,4,110646,256,32620.320,6.042
1957,1,110647,256,32624.526,5.995
1957,2,110647,256,32628.783,5.995
1957,3,110647,256,32632.908,5.995
1957,4,110647,256,32636.957,5.995
1958,1,110648,256,32641.351,5.461
1958,2,110648,256,32645.440,5.461
1958,3,110648,256,32649.635,5.461
1958,4,110648,256,32653.593,5.461
1959,1,110649,256,32657.856,5.746
1959,2,110649,256,32661.996,5.746
1959,3,110649,256,32666.127,5.746
1959,4,110649,256,32670.240,5.746
1960,1,110650,256,32674.508,5.349
1960,2,110650,256,32678.614,5.349
1960,3,110650,256,32682.805,5.349
1960,4,110650,256,32686.946,5.349
1961,1,110651,256,32691.352,5.404
1961,2,110651,256,32695.336,5.404
1961,3,110651,256,32699.463,5.404
1961,4,110651,256,32703.660,5.404
1962,1,110652,256,32707.878,6.189
1962,2,110652,256,32712.106,6.189
1962,3,110652,256,32716.162,6.189
1962,4,110652,256,32720.334,6.189
1963,1,110653,256,32724.630,6.246
1963,2,110653,256,32728.649,6.246
1963,3,110653,256,32732.791,6.246
1963,4,110653,256,32736.952,6.246
1964,1,110654,256,32741.338,6.133
1964,2,110654,256,32745.355,6.133
1964,3,110654,256,32749.441,6.133
1964,4,110654,256,32753.775,6.133
1965,1,110655,256,32757.929,5.657
1965,2,110655,256,32761.939,5.657
1965,3,110655,256,32766.085,5.657
1965,4,110655,256,32770.435,5.657
1966,1,110656,256,32774.461,5.995
1966,2,110656,256,32778.582,5.995
1966,3,110656,256,32782.779,5.995
1966,4,110656,256,32787.001,5.995
1967,1,110657,256,32791.372,6.033
1967,2,110657,256,32795.466,6.033
1967,3,110657,256,32799.510,6.033
1967,4,110657,256,32803.634,6.033
1968,1,110658,256,32807.859,5.623
1968,2,110658,256,32812.060,5.623
1968,3,110658,256,32816.136,5.623
1968,4,110658,256,32820.397,5.623
1969,1,110659,256,32824.582,5.568
1969,2,110659,256,32828.599,5.568
1969,3,110659,256,32832.931,5.568
1969,4,110659,256,32837.050,5.568
1970,1,110660,256,32841.321,5.817
1970,2,110660,256,32845.293,5.817
1970,3,110660,256,32849.421,5.817
1970,4,110660,256,32853.592,5.817
1971,1,110661,256,32857.980,5.794
1971,2,110661,256,32861.991,5.794
1971,3,110661,256,32866.141,5.794
1971,4,110661,256,32870.307,5.794
1972,1,110662,256,32874.704,5.167
1972,2,110662,256,32878.645,5.167
1972,3,110662,256,32882.788,5.167
1972,4,110662,256,32887.062,5.167
1973,1,110663,256,32891.215,5.363
1973,2,110663,256,32895.294,5.363
1973,3,110663,256,32899.577,5.363
1973,4,110663,256,32903.587,5.363
1974,1,110664,256,32907.966,5.960
1974,2,110664,256,32912.115,5.960
1974,3,110664,256,32916.266,5.960
1974,4,110664,256,32920.316,5.960
1975,1,110665,256,32924.738,5.311
1975,2,110665,256,32928.869,5.311
1975,3,110665,256,32932.866,5.311
1975,4,110665,256,32936.939,5.311
1976,1,110666,256,32941.330,5.723
1976,2,110666,256,32945.423,5.723
1976,3,110666,256,32949.450,5.723
1976,4,110666,256,32953.618,5.723
1977,1,110667,256,32957.944,5.485
1977,2,110667,256,32961.954,5.485
1977,3,110667,256,32966.125,5.485
1977,4,110667,256,32970.302,5.485
1978,1,110668,256,32974.541,5.424
1978,2,110668,256,32978.604,5.424
1978,3,110668,256,32982.768,5.424
1978,4,110668,256,32987.097,5.424
1979,1,110669,256,32991.300,6.183
1979,2,110669,256,32995.290,6.183
1979,3,110669,256,32999.420,6.183
1979,4,110669,256,33003.684,6.183
1980,1,110670,256,33007.981,6.228
1980,2,110670,256,33012.010,6.228
1980,3,110670,256,33016.131,6.228
1980,4,110670,256,33020.318,6.228
1981,1,110671,256,33024.479,5.337
1981,2,110671,256,33028.605,5.337
1981,3,110671,256,33032.739,5.337
1981,4,110671,256,33036.951,5.337
1982,1,110672,256,33041.264,6.103
1982,2,110672,256,33045.284,6.103
1982,3,110672,256,33049.785,6.103
1982,4,110672,256,33053.898,6.103
1983,1,110673,256,33058.089,5.839
1983,2,110673,256,33062.101,5.839
1983,3,110673,256,33066.469,5.839
1983,4,110673,256,33070.507,5.839
1984,1,110674,256,33074.679,5.740
1984,2,110674,256,33078.920,5.740
1984,3,110674,256,33082.960,5.740
1984,4,110674,256,33087.022,5.740
1985,1,110675,256,33091.355,5.887
1985,2,110675,256,33095.488,5.887
1985,3,110675,256,33099.554,5.887
1985,4,110675,256,33103.598,5.887
1986,1,110676,256,33107.977,5.453
1986,2,110676,256,33112.204,5.453
1986,3,110676,256,33116.357,5.453
1986,4,110676,256,33120.355,5.453
1987,1,110677,256,33124.620,5.635
1987,2,110677,256,33128.700,5.635
1987,3,110677,256,33132.876,5.635
1987,4,110677,256,33137.014,5.635
1988,1,110678,256,33141.546,5.552
1988,2,110678,256,33145.536,5.552
1988,3,110678,256,33149.594,5.552
1988,4,110678,256,33153.744,5.552
1989,1,110679,256,33158.071,5.522
1989,2,110679,256,33162.061,5.522
1989,3,110679,256,33166.192,5.522
1989,4,110679,256,33170.436,5.522
1990,1,110680,256,33174.630,5.534
1990,2,110680,256,33178.745,5.534
1990,3,110680,256,33182.923,5.534
1990,4,110680,256,33186.987,5.534
1991,1,110681,256,33191.307,5.489
1991,2,110681,256,33195.347,5.489
1991,3,110681,256,33199.498,5.489
1991,4,110681,256,33203.649,5.489
1992,1,110682,256,33207.926,5.686
1992,2,110682,256,33211.962,5.686
1992,3,110682,256,33216.131,5.686
1992,4,110682,256,33220.332,5.686
1993,1,110683,256,33224.594,5.360
1993,2,110683,256,33228.616,5.360
1993,3,110683,256,33232.779,5.360
1993,4,110683,256,33236.931,5.360
1994,1,110684,256,33241.239,5.458
1994,2,110684,256,33245.306,5.458
1994,3,110684,256,33249.433,5.458
1994,4,110684,256,33253.653,5.458
1995,1,110685,256,33258.007,5.384
1995,2,110685,256,33262.047,5.384
1995,3,110685,256,33266.219,5.384
1995,4,110685,256,33270.329,5.384
1996,1,110686,256,33274.503,5.265
1996,2,110686,256,33278.821,5.265
1996,3,110686,256,33282.957,5.265
1996,4,110686,256,33287.162,5.265
1997,1,110687,256,33291.287,5.370
1997,2,110687,256,33295.337,5.370
1997,3,110687,256,33299.490,5.370
1997,4,110687,256,33303.608,5.370
1998,1,110688,256,33308.009,6.140
1998,2,110688,256,33311.986,6.140
1998,3,110688,256,33316.105,6.140
1998,4,110688,256,33320.395,6.140
1999,1,110689,256,33324.439,5.321
1999,2,110689,256,33328.588,5.321
1999,3,110689,256,33332.780,5.321
1999,4,110689,256,33336.967,5.321
2000,1,110690,256,33341.120,5.876
2000,2,110690,256,33345.378,5.876
2000,3,110690,256,33349.435,5.876
2000,4,110690,256,33353.617,5.876
2001,1,110691,256,33357.952,5.820
2001,2,110691,256,33362.098,5.820
2001,3,110691,256,33366.267,5.820
2001,4,110691,256,33370.386,5.820
2002,1,110692,256,33374.696,5.907
2002,2,110692,256,33378.643,5.907
2002,3,110692,256,33382.811,5.907
2002,4,110692,256,33386.957,5.907
2003,1,110693,256,33391.287,5.282
2003,2,110693,256,33395.263,5.282
2003,3,110693,256,33399.430,5.282
2003,4,110693,256,33403.585,5.282
2004,1,110694,256,33407.968,5.925
2004,2,110694,256,33411.958,5.925
2004,3,110694,256,33416.135,5.925
2004,4,110694,256,33420.421,5.925
2005,1,110695,256,33424.685,5.385
2005,2,110695,256,33428.687,5.385
2005,3,110695,256,33432.829,5.385
2005,4,110695,256,33436.925,5.385
2006,1,110696,256,33441.291,5.569
2006,2,110696,256,33445.526,5.569
2006,3,110696,256,33449.500,5.569
2006,4,110696,256,33453.642,5.569
2007,1,110697,256,33457.926,5.517
2007,2,110697,256,33461.942,5.517
2007,3,110697,256,33466.086,5.517
2007,4,110697,256,33470.433,5.517
2008,1,110698,256,33474.667,6.247
2008,2,110698,256,33478.777,6.247
2008,3,110698,256,33482.765,6.247
2008,4,110698,256,33486.972,6.247
2009,1,110699,256,33491.386,5.450
2009,2,110699,256,33495.417,5.450
2009,3,110699,256,33499.475,5.450
2009,4,110699,256,33503.636,5.450
2010,1,110700,256,33507.995,5.388
2010,2,110700,256,33512.215,5.388
2010,3,110700,256,33516.156,5.388
2010,4,110700,256,33520.408,5.388
2011,1,110701,256,33524.531,5.518
2011,2,110701,256,33528.596,5.518
2011,3,110701,256,33532.800,5.518
2011,4,110701,256,33536.946,5.518
2012,1,110702,256,33541.420,5.762
2012,2,110702,256,33545.635,5.762
2012,3,110702,256,33549.507,5.762
2012,4,110702,256,33553.633,5.762
2013,1,110703,256,33557.791,6.044
2013,2,110703,256,33561.919,6.044
2013,3,110703,256,33566.199,6.044
2013,4,110703,256,33570.271,6.044
2014,1,110704,256,33574.684,5.849
2014,2,110704,256,33578.793,5.849
2014,3,110704,256,33583.023,5.849
2014,4,110704,256,33587.185,5.849
2015,1,110705,256,33591.420,5.220
2015,2,110705,256,33595.484,5.220
2015,3,110705,256,33599.610,5.220
2015,4,110705,256,33603.843,5.220
2016,1,110706,256,33607.995,5.807
2016,2,110706,256,33611.935,5.807
2016,3,110706,256,33616.096,5.807
2016,4,110706,256,33620.502,5.807
2017,1,110707,256,33624.639,5.983
2017,2,110707,256,33628.828,5.983
2017,3,110707,256,33632.886,5.983
2017,4,110707,256,33636.989,5.983
2018,1,110708,256,33641.563,6.298
2018,2,110708,256,33645.386,6.298
2018,3,110708,256,33649.640,6.298
2018,4,110708,256,33653.665,6.298
2019,1,110709,256,33658.016,6.411
2019,2,110709,256,33662.224,6.411
2019,3,110709,256,33666.139,6.411
2019,4,110709,256,33670.471,6.411
2020,1,110710,256,33674.643,5.933
2020,2,110710,256,33678.637,5.933
2020,3,110710,256,33682.785,5.933
2020,4,110710,256,33686.944,5.933
2021,1,110711,256,33691.330,6.114
2021,2,110711,256,33695.378,6.114
2021,3,110711,256,33699.482,6.114
2021,4,110711,256,33703.595,6.114
2022,1,110712,256,33707.849,5.633
2022,2,110712,256,33711.966,5.633
2022,3,110712,256,33716.112,5.633
2022,4,110712,256,33720.463,5.633
2023,1,110713,256,33724.587,5.392
2023,2,110713,256,33728.648,5.392
2023,3,110713,256,33732.922,5.392
2023,4,110713,256,33737.018,5.392
2024,1,110714,256,33741.344,5.790
2024,2,110714,256,33745.388,5.790
2024,3,110714,256,33749.448,5.790
2024,4,110714,256,33753.622,5.790
2025,1,110715,256,33758.029,5.478
2025,2,110715,256,33762.216,5.478
2025,3,110715,256,33766.135,5.478
2025,4,110715,256,33770.319,5.478
2026,1,110716,256,33774.617,5.576
2026,2,110716,256,33778.616,5.576
2026,3,110716,256,33782.827,5.576
2026,4,110716,256,33786.915,5.576
2027,1,110717,256,33791.337,5.964
2027,2,110717,256,33795.357,5.964
2027,3,110717,256,33799.590,5.964
2027,4,110717,256,33803.588,5.964
2028,1,110718,256,33807.854,5.330
2028,2,110718,256,33812.010,5.330
2028,3,110718,256,33816.097,5.330
2028,4,110718,256,33820.306,5.330
2029,1,110719,256,33824.621,5.314
2029,2,110719,256,33828.602,5.314
2029,3,110719,256,33832.905,5.314
2029,4,110719,256,33836.972,5.314
2030,1,110720,256,33841.309,5.862
2030,2,110720,256,33845.327,5.862
2030,3,110720,256,33849.459,5.862
2030,4,110720,256,33853.603,5.862
2031,1,110721,256,33858.027,5.781
2031,2,110721,256,33862.027,5.781
2031,3,110721,256,33866.114,5.781
2031,4,110721,256,33870.355,5.781
2032,1,110722,256,33874.642,5.191
2032,2,110722,256,33878.637,5.191
2032,3,110722,256,33882.835,5.191
2032,4,110722,256,33886.949,5.191
2033,1,110723,256,33891.361,6.130
2033,2,110723,256,33895.507,6.130
2033,3,110723,256,33899.583,6.130
2033,4,110723,256,33903.610,6.130
2034,1,110724,256,33907.928,5.465
2034,2,110724,256,33911.941,5.465
2034,3,110724,256,33916.134,5.465
2034,4,110724,256,33920.524,5.465
2035,1,110725,256,33924.641,5.729
2035,2,110725,256,33928.834,5.729
2035,3,110725,256,33932.805,5.729
2035,4,110725,256,33936.952,5.729
2036,1,110726,256,33941.646,5.510
2036,2,110726,256,33945.420,5.510
2036,3,110726,256,33949.538,5.510
2036,4,110726,256,33953.761,5.510
2037,1,110727,256,33957.974,5.999
2037,2,110727,256,33962.213,5.999
2037,3,110727,256,33966.185,5.999
2037,4,110727,256,33970.468,5.999
2038,1,110728,256,33974.622,5.935
2038,2,110728,256,33978.629,5.935
2038,3,110728,256,33982.800,5.935
2038,4,110728,256,33986.993,5.935
2039,1,110729,256,33991.306,5.650
2039,2,110729,256,33995.303,5.650
2039,3,110729,256,33999.658,5.650
2039,4,110729,256,34003.602,5.650
2040,1,110730,256,34008.035,5.861
2040,2,110730,256,34012.035,5.861
2040,3,110730,256,34016.192,5.861
2040,4,110730,256,34020.304,5.861
2041,1,110731,256,34024.575,5.138
2041,2,110731,256,34028.641,5.138
2041,3,110731,256,34032.838,5.138
2041,4,110731,256,34036.988,5.138
2042,1,110732,256,34041.304,5.309
2042,2,110732,256,34045.697,5.309
2042,3,110732,256,34049.698,5.309
2042,4,110732,256,34053.773,5.309
2043,1,110733,256,34057.991,5.748
2043,2,110733,256,34062.071,5.748
2043,3,110733,256,34066.191,5.748
2043,4,110733,256,34070.367,5.748
2044,1,110734,256,34074.681,5.888
2044,2,110734,256,34078.667,5.888
2044,3,110734,256,34082.854,5.888
2044,4,110734,256,34087.021,5.888
2045,1,110735,256,34091.345,5.600
2045,2,110735,256,34095.559,5.600
2045,3,110735,256,34099.651,5.600
2045,4,110735,256,34103.891,5.600
2046,1,110736,256,34108.119,5.595
2046,2,110736,256,34112.440,5.595
2046,3,110736,256,34116.210,5.595
2046,4,110736,256,34120.363,5.595
2047,1,110737,256,34124.840,5.850
2047,2,110737,256,34128.730,5.850
2047,3,110737,256,34132.888,5.850
2047,4,110737,256,34137.105,5.850
2048,1,110738,256,34141.518,6.272
2048,2,110738,256,34145.522,6.272
2048,3,110738,256,34149.636,6.272
2048,4,110738,256,34153.884,6.272
2049,1,110739,256,34158.140,5.914
2049,2,110739,256,34162.120,5.914
2049,3,110739,256,34166.305,5.914
2049,4,110739,256,34170.359,5.914
2050,1,110740,256,34174.892,5.660
2050,2,110740,256,34178.931,5.660
2050,3,110740,256,34183.105,5.660
2050,4,110740,256,34187.180,5.660
2051,1,110741,256,34191.371,5.656
2051,2,110741,256,34195.443,5.656
2051,3,110741,256,34199.550,5.656
2051,4,110741,256,34203.737,5.656
2052,1,110742,256,34207.984,5.414
2052,2,110742,256,34212.102,5.414
2052,3,110742,256,34216.200,5.414
2052,4,110742,256,34220.386,5.414
2053,1,110743,256,34224.624,5.412
2053,2,110743,256,34228.682,5.412
2053,3,110743,256,34233.448,5.412
2053,4,110743,256,34236.979,5.412
2054,1,110744,256,34241.295,5.144
2054,2,110744,256,34245.330,5.144
2054,3,110744,256,34249.498,5.144
2054,4,110744,256,34253.601,5.144
2055,1,110745,256,34257.897,5.240
2055,2,110745,256,34261.972,5.240
2055,3,110745,256,34266.169,5.240
2055,4,110745,256,34270.474,5.240
2056,1,110746,256,34274.507,5.314
2056,2,110746,256,34278.689,5.314
2056,3,110746,256,34283.059,5.314
2056,4,110746,256,34287.072,5.314
2057,1,110747,256,34291.980,5.599
2057,2,110747,256,34295.446,5.599
2057,3,110747,256,34299.499,5.599
2057,4,110747,256,34303.620,5.599
2058,1,110748,256,34307.983,6.009
2058,2,110748,256,34311.980,6.009
2058,3,110748,256,34316.185,6.009
2058,4,110748,256,34320.387,6.009
2059,1,110749,256,34324.599,5.374
2059,2,110749,256,34328.640,5.374
2059,3,110749,256,34332.766,5.374
2059,4,110749,256,34336.968,5.374
2060,1,110750,256,34341.300,5.751
2060,2,110750,256,34345.305,5.751
2060,3,110750,256,34349.440,5.751
2060,4,110750,256,34353.626,5.751
2061,1,110751,256,34357.892,5.665
2061,2,110751,256,34361.946,5.665
2061,3,110751,256,34366.411,5.665
2061,4,110751,256,34370.549,5.665
2062,1,110752,256,34374.872,5.838
2062,2,110752,256,34378.810,5.838
2062,3,110752,256,34383.129,5.838
2062,4,110752,256,34387.262,5.838
2063,1,110753,256,34391.404,5.856
2063,2,110753,256,34395.477,5.856
2063,3,110753,256,34399.599,5.856
2063,4,110753,256,34404.588,5.856
2064,1,110754,256,34408.262,5.710
2064,2,110754,256,34412.253,5.710
2064,3,110754,256,34416.444,5.710
2064,4,110754,256,34420.459,5.710
2065,1,110755,256,34424.794,5.939
2065,2,110755,256,34428.864,5.939
2065,3,110755,256,34433.037,5.939
2065,4,110755,256,34437.107,5.939
2066,1,110756,256,34441.438,5.884
2066,2,110756,256,34445.516,5.884
2066,3,110756,256,34450.272,5.884
2066,4,110756,256,34454.025,5.884
2067,1,110757,256,34458.319,5.827
2067,2,110757,256,34462.192,5.827
2067,3,110757,256,34466.379,5.827
2067,4,110757,256,34470.608,5.827
2068,1,110758,256,34474.825,5.869
2068,2,110758,256,34478.894,5.869
2068,3,110758,256,34483.084,5.869
2068,4,110758,256,34487.123,5.869
2069,1,110759,256,34491.753,5.832
2069,2,110759,256,34496.231,5.832
2069,3,110759,256,34499.818,5.832
2069,4,110759,256,34504.084,5.832
2070,1,110760,256,34508.687,5.827
2070,2,110760,256,34512.459,5.827
2070,3,110760,256,34517.019,5.827
2070,4,110760,256,34520.692,5.827
2071,1,110761,256,34525.012,6.001
2071,2,110761,256,34529.078,6.001
2071,3,110761,256,34533.358,6.001
2071,4,110761,256,34537.464,6.001
2072,1,110762,256,34541.743,7.353
2072,2,110762,256,34545.774,7.353
2072,3,110762,256,34549.914,7.353
2072,4,110762,256,34554.014,7.353
2073,1,110763,256,34558.416,6.037
2073,2,110763,256,34562.853,6.037
2073,3,110763,256,34566.598,6.037
2073,4,110763,256,34571.379,6.037
2074,1,110764,256,34575.089,6.403
2074,2,110764,256,34579.022,6.403
2074,3,110764,256,34583.553,6.403
2074,4,110764,256,34587.407,6.403
2075,1,110765,256,34591.617,6.109
2075,2,110765,256,34595.596,6.109
2075,3,110765,256,34600.132,6.109
2075,4,110765,256,34603.885,6.109
2076,1,110766,256,34608.362,6.728
2076,2,110766,256,34612.241,6.728
2076,3,110766,256,34616.978,6.728
2076,4,110766,256,34620.923,6.728
2077,1,110767,256,34625.088,5.799
2077,2,110767,256,34629.139,5.799
2077,3,110767,256,34633.264,5.799
2077,4,110767,256,34637.451,5.799
2078,1,110768,256,34641.654,5.878
2078,2,110768,256,34645.696,5.878
2078,3,110768,256,34649.845,5.878
2078,4,110768,256,34653.868,5.878
2079,1,110769,256,34658.303,6.293
2079,2,110769,256,34662.316,6.293
2079,3,110769,256,34666.443,6.293
2079,4,110769,256,34670.733,6.293
2080,1,110770,256,34674.792,5.793
2080,2,110770,256,34678.795,5.793
2080,3,110770,256,34682.945,5.793
2080,4,110770,256,34687.121,5.793
2081,1,110771,256,34691.416,5.459
2081,2,110771,256,34695.508,5.459
2081,3,110771,256,34699.613,5.459
2081,4,110771,256,34703.814,5.459
2082,1,110772,256,34708.086,5.981
2082,2,110772,256,34712.109,5.981
2082,3,110772,256,34716.359,5.981
2082,4,110772,256,34720.373,5.981
2083,1,110773,256,34724.739,5.892
2083,2,110773,256,34728.717,5.892
2083,3,110773,256,34733.052,5.892
2083,4,110773,256,34737.267,5.892
2084,1,110774,256,34741.534,5.541
2084,2,110774,256,34745.542,5.541
2084,3,110774,256,34749.874,5.541
2084,4,110774,256,34754.002,5.541
2085,1,110775,256,34758.278,6.066
2085,2,110775,256,34762.344,6.066
2085,3,110775,256,34766.430,6.066
2085,4,110775,256,34770.596,6.066
2086,1,110776,256,34774.775,6.066
2086,2,110776,256,34779.496,6.066
2086,3,110776,256,34783.261,6.066
2086,4,110776,256,34787.492,6.066
2087,1,110777,256,34791.695,6.136
2087,2,110777,256,34795.728,6.136
2087,3,110777,256,34800.355,6.136
2087,4,110777,256,34804.065,6.136
2088,1,110778,256,34808.398,6.515
2088,2,110778,256,34812.756,6.515
2088,3,110778,256,34816.930,6.515
2088,4,110778,256,34820.969,6.515
2089,1,110779,256,34825.124,5.886
2089,2,110779,256,34829.080,5.886
2089,3,110779,256,34833.306,5.886
2089,4,110779,256,34837.436,5.886
2090,1,110780,256,34841.601,6.994
2090,2,110780,256,34845.635,6.994
2090,3,110780,256,34849.696,6.994
2090,4,110780,256,34853.810,6.994
2091,1,110781,256,34858.467,6.158
2091,2,110781,256,34862.280,6.158
2091,3,110781,256,34866.320,6.158
2091,4,110781,256,34870.629,6.158
2092,1,110782,256,34874.738,5.772
2092,2,110782,256,34878.720,5.772
2092,3,110782,256,34882.902,5.772
2092,4,110782,256,34886.968,5.772
2093,1,110783,256,34891.323,5.862
2093,2,110783,256,34895.423,5.862
2093,3,110783,256,34899.528,5.862
2093,4,110783,256,34903.786,5.862
2094,1,110784,256,34907.968,5.314
2094,2,110784,256,34911.969,5.314
2094,3,110784,256,34916.107,5.314
2094,4,110784,256,34920.276,5.314
2095,1,110785,256,34924.872,5.673
2095,2,110785,256,34928.634,5.673
2095,3,110785,256,34932.860,5.673
2095,4,110785,256,34936.935,5.673
2096,1,110786,256,34941.340,5.340
2096,2,110786,256,34945.463,5.340
2096,3,110786,256,34949.550,5.340
2096,4,110786,256,34953.664,5.340
2097,1,110787,256,34958.172,5.429
2097,2,110787,256,34962.175,5.429
2097,3,110787,256,34966.120,5.429
2097,4,110787,256,34970.494,5.429
2098,1,110788,256,34975.104,5.468
2098,2,110788,256,34978.720,5.468
2098,3,110788,256,34982.815,5.468
2098,4,110788,256,34986.962,5.468
2099,1,110789,256,34991.312,5.367
2099,2,110789,256,34995.335,5.367
2099,3,110789,256,34999.452,5.367
2099,4,110789,256,35003.648,5.367
2100,1,110790,256,35007.953,5.655
2100,2,110790,256,35011.989,5.655
2100,3,110790,256,35016.128,5.655
2100,4,110790,256,35020.410,5.655
2101,1,110791,256,35024.519,5.705
2101,2,110791,256,35028.674,5.705
2101,3,110791,256,35032.821,5.705
2101,4,110791,256,35036.928,5.705
2102,1,110792,256,35041.283,5.248
2102,2,110792,256,35046.008,5.248
2102,3,110792,256,35049.717,5.248
2102,4,110792,256,35053.771,5.248
2103,1,110793,256,35058.129,5.412
2103,2,110793,256,35061.965,5.412
2103,3,110793,256,35066.120,5.412
2103,4,110793,256,35070.323,5.412
2104,1,110794,256,35074.652,6.349
2104,2,110794,256,35078.695,6.349
2104,3,110794,256,35082.832,6.349
2104,4,110794,256,35087.098,6.349
2105,1,110795,256,35091.326,5.701
2105,2,110795,256,35095.446,5.701
2105,3,110795,256,35099.455,5.701
2105,4,110795,256,35103.635,5.701
2106,1,110796,256,35107.946,5.436
2106,2,110796,256,35111.946,5.436
2106,3,110796,256,35116.362,5.436
2106,4,110796,256,35120.316,5.436
2107,1,110797,256,35124.632,5.707
2107,2,110797,256,35128.660,5.707
2107,3,110797,256,35132.961,5.707
2107,4,110797,256,35137.028,5.707
2108,1,110798,256,35141.405,5.268
2108,2,110798,256,35145.374,5.268
2108,3,110798,256,35149.543,5.268
2108,4,110798,256,35154.254,5.268
2109,1,110799,256,35158.331,5.465
2109,2,110799,256,35162.234,5.465
2109,3,110799,256,35166.396,5.465
2109,4,110799,256,35170.530,5.465
2110,1,110800,256,35174.784,5.397
2110,2,110800,256,35178.804,5.397
2110,3,110800,256,35183.103,5.397
2110,4,110800,256,35187.047,5.397
2111,1,110801,256,35191.353,5.255
2111,2,110801,256,35195.390,5.255
2111,3,110801,256,35199.858,5.255
2111,4,110801,256,35203.792,5.255
2112,1,110802,256,35207.973,5.485
2112,2,110802,256,35211.979,5.485
2112,3,110802,256,35216.171,5.485
2112,4,110802,256,35220.303,5.485
2113,1,110803,256,35224.617,5.577
2113,2,110803,256,35228.711,5.577
2113,3,110803,256,35232.933,5.577
2113,4,110803,256,35236.960,5.577
2114,1,110804,256,35241.332,5.115
2114,2,110804,256,35245.348,5.115
2114,3,110804,256,35249.464,5.115
2114,4,110804,256,35253.596,5.115
2115,1,110805,256,35257.986,5.665
2115,2,110805,256,35262.011,5.665
2115,3,110805,256,35266.176,5.665
2115,4,110805,256,35270.287,5.665
2116,1,110806,256,35274.554,5.229
2116,2,110806,256,35278.768,5.229
2116,3,110806,256,35282.794,5.229
2116,4,110806,256,35286.953,5.229
2117,1,110807,256,35291.327,5.254
2117,2,110807,256,35295.314,5.254
2117,3,110807,256,35299.430,5.254
2117,4,110807,256,35303.637,5.254
2118,1,110808,256,35307.825,5.976
2118,2,110808,256,35311.957,5.976
2118,3,110808,256,35316.103,5.976
2118,4,110808,256,35320.445,5.976
2119,1,110809,256,35324.654,5.915
2119,2,110809,256,35328.749,5.915
2119,3,110809,256,35332.828,5.915
2119,4,110809,256,35336.962,5.915
2120,1,110810,256,35341.281,5.547
2120,2,110810,256,35345.321,5.547
2120,3,110810,256,35349.576,5.547
2120,4,110810,256,35353.658,5.547
2121,1,110811,256,35357.939,6.287
2121,2,110811,256,35361.955,6.287
2121,3,110811,256,35366.104,6.287
2121,4,110811,256,35370.446,6.287
2122,1,110812,256,35374.722,5.678
2122,2,110812,256,35378.679,5.678
2122,3,110812,256,35382.806,5.678
2122,4,110812,256,35387.102,5.678
2123,1,110813,256,35391.303,5.691
2123,2,110813,256,35395.293,5.691
2123,3,110813,256,35399.442,5.691
2123,4,110813,256,35403.639,5.691
2124,1,110814,256,35407.948,5.692
2124,2,110814,256,35411.955,5.692
2124,3,110814,256,35416.099,5.692
2124,4,110814,256,35420.388,5.692
2125,1,110815,256,35424.697,5.545
2125,2,110815,256,35428.771,5.545
2125,3,110815,256,35432.909,5.545
2125,4,110815,256,35436.976,5.545
2126,1,110816,256,35441.126,5.142
2126,2,110816,256,35445.465,5.142
2126,3,110816,256,35449.520,5.142
2126,4,110816,256,35453.651,5.142
2127,1,110817,256,35457.776,5.580
2127,2,110817,256,35461.954,5.580
2127,3,110817,256,35466.151,5.580
2127,4,110817,256,35470.446,5.580
2128,1,110818,256,35474.519,5.585
2128,2,110818,256,35478.663,5.585
2128,3,110818,256,35482.804,5.585
2128,4,110818,256,35486.960,5.585
2129,1,110819,256,35491.122,5.147
2129,2,110819,256,35495.946,5.147
2129,3,110819,256,35499.656,5.147
2129,4,110819,256,35503.655,5.147
2130,1,110820,256,35507.992,5.648
2130,2,110820,256,35512.062,5.648
2130,3,110820,256,35516.166,5.648
2130,4,110820,256,35520.317,5.648
2131,1,110821,256,35524.469,5.439
2131,2,110821,256,35528.634,5.439
2131,3,110821,256,35532.791,5.439
2131,4,110821,256,35536.939,5.439
2132,1,110822,256,35541.333,5.549
2132,2,110822,256,35545.380,5.549
2132,3,110822,256,35549.490,5.549
2132,4,110822,256,35553.639,5.549
2133,1,110823,256,35557.792,5.402
2133,2,110823,256,35561.930,5.402
2133,3,110823,256,35566.186,5.402
2133,4,110823,256,35570.279,5.402
2134,1,110824,256,35574.730,5.671
2134,2,110824,256,35578.727,5.671
2134,3,110824,256,35583.030,5.671
2134,4,110824,256,35587.105,5.671
2135,1,110825,256,35591.568,5.768
2135,2,110825,256,35595.491,5.768
2135,3,110825,256,35599.507,5.768
2135,4,110825,256,35603.691,5.768
2136,1,110826,256,35608.000,5.744
2136,2,110826,256,35611.942,5.744
2136,3,110826,256,35616.317,5.744
2136,4,110826,256,35620.476,5.744
2137,1,110827,256,35624.784,6.067
2137,2,110827,256,35628.726,6.067
2137,3,110827,256,35633.004,6.067
2137,4,110827,256,35637.124,6.067
2138,1,110828,256,35642.046,5.454
2138,2,110828,256,35645.345,5.454
2138,3,110828,256,35649.490,5.454
2138,4,110828,256,35654.299,5.454
2139,1,110829,256,35658.017,5.885
2139,2,110829,256,35662.157,5.885
2139,3,110829,256,35666.318,5.885
2139,4,110829,256,35670.327,5.885
2140,1,110830,256,35674.697,5.716
2140,2,110830,256,35678.765,5.716
2140,3,110830,256,35682.951,5.716
2140,4,110830,256,35686.969,5.716
2141,1,110831,256,35691.223,5.267
2141,2,110831,256,35695.302,5.267
2141,3,110831,256,35699.600,5.267
2141,4,110831,256,35703.597,5.267
2142,1,110832,256,35707.996,5.497
2142,2,110832,256,35712.012,5.497
2142,3,110832,256,35716.135,5.497
2142,4,110832,256,35720.308,5.497
2143,1,110833,256,35724.649,5.255
2143,2,110833,256,35728.612,5.255
2143,3,110833,256,35732.811,5.255
2143,4,110833,256,35736.968,5.255
2144,1,110834,256,35741.307,5.660
2144,2,110834,256,35745.467,5.660
2144,3,110834,256,35749.464,5.660
2144,4,110834,256,35753.596,5.660
2145,1,110835,256,35758.115,5.501
2145,2,110835,256,35762.160,5.501
2145,3,110835,256,35766.253,5.501
2145,4,110835,256,35770.282,5.501
2146,1,110836,256,35774.474,5.303
2146,2,110836,256,35778.634,5.303
2146,3,110836,256,35782.775,5.303
2146,4,110836,256,35786.965,5.303
2147,1,110837,256,35791.350,5.468
2147,2,110837,256,35795.350,5.468
2147,3,110837,256,35799.564,5.468
2147,4,110837,256,35803.613,5.468
2148,1,110838,256,35807.883,5.483
2148,2,110838,256,35812.193,5.483
2148,3,110838,256,35816.145,5.483
2148,4,110838,256,35820.272,5.483
2149,1,110839,256,35824.700,5.664
2149,2,110839,256,35828.654,5.664
2149,3,110839,256,35832.902,5.664
2149,4,110839,256,35836.950,5.664
2150,1,110840,256,35841.360,5.456
2150,2,110840,256,35845.303,5.456
2150,3,110840,256,35849.495,5.456
2150,4,110840,256,35853.782,5.456
2151,1,110841,256,35857.959,5.320
2151,2,110841,256,35861.953,5.320
2151,3,110841,256,35866.154,5.320
2151,4,110841,256,35870.315,5.320
2152,1,110842,256,35874.599,5.664
2152,2,110842,256,35878.612,5.664
2152,3,110842,256,35882.779,5.664
2152,4,110842,256,35886.987,5.664
2153,1,110843,256,35891.315,5.704
2153,2,110843,256,35895.346,5.704
2153,3,110843,256,35899.562,5.704
2153,4,110843,256,35903.653,5.704
2154,1,110844,256,35907.995,5.432
2154,2,110844,256,35911.961,5.432
2154,3,110844,256,35916.105,5.432
2154,4,110844,256,35920.330,5.432
2155,1,110845,256,35924.618,5.647
2155,2,110845,256,35928.621,5.647
2155,3,110845,256,35932.837,5.647
2155,4,110845,256,35936.959,5.647
2156,1,110846,256,35941.274,5.761
2156,2,110846,256,35945.307,5.761
2156,3,110846,256,35949.472,5.761
2156,4,110846,256,35953.604,5.761
2157,1,110847,256,35957.976,5.327
2157,2,110847,256,35962.027,5.327
2157,3,110847,256,35966.206,5.327
2157,4,110847,256,35970.408,5.327
2158,1,110848,256,35974.454,5.627
2158,2,110848,256,35978.648,5.627
2158,3,110848,256,35982.853,5.627
2158,4,110848,256,35986.969,5.627
2159,1,110849,256,35991.253,5.704
2159,2,110849,256,35995.352,5.704
2159,3,110849,256,35999.628,5.704
2159,4,110849,256,36003.651,5.704
2160,1,110850,256,36007.799,5.278
2160,2,110850,256,36011.961,5.278
2160,3,110850,256,36016.103,5.278
2160,4,110850,256,36020.304,5.278
2161,1,110851,256,36024.482,6.036
2161,2,110851,256,36028.607,6.036
2161,3,110851,256,36032.816,6.036
2161,4,110851,256,36036.952,6.036
2162,1,110852,256,36041.248,6.108
2162,2,110852,256,36045.292,6.108
2162,3,110852,256,36049.544,6.108
2162,4,110852,256,36053.720,6.108
2163,1,110853,256,36058.116,6.116
2163,2,110853,256,36062.190,6.116
2163,3,110853,256,36066.354,6.116
2163,4,110853,256,36070.382,6.116
2164,1,110854,256,36074.479,6.402
2164,2,110854,256,36078.660,6.402
2164,3,110854,256,36082.807,6.402
2164,4,110854,256,36086.942,6.402
2165,1,110855,256,36091.590,5.724
2165,2,110855,256,36095.414,5.724
2165,3,110855,256,36099.667,5.724
2165,4,110855,256,36103.690,5.724
2166,1,110856,256,36107.981,6.141
2166,2,110856,256,36112.160,6.141
2166,3,110856,256,36116.149,6.141
2166,4,110856,256,36120.450,6.141
2167,1,110857,256,36124.546,5.784
2167,2,110857,256,36128.739,5.784
2167,3,110857,256,36133.019,5.784
2167,4,110857,256,36136.971,5.784
2168,1,110858,256,36141.205,5.818
2168,2,110858,256,36145.313,5.818
2168,3,110858,256,36149.661,5.818
2168,4,110858,256,36154.588,5.818
2169,1,110859,256,36158.485,5.666
2169,2,110859,256,36162.395,5.666
2169,3,110859,256,36166.794,5.666
2169,4,110859,256,36170.729,5.666
2170,1,110860,256,36174.878,5.709
2170,2,110860,256,36178.956,5.709
2170,3,110860,256,36183.251,5.709
2170,4,110860,256,36187.157,5.709
2171,1,110861,256,36191.490,5.890
2171,2,110861,256,36195.466,5.890
2171,3,110861,256,36199.662,5.890
2171,4,110861,256,36203.753,5.890
2172,1,110862,256,36207.958,5.965
2172,2,110862,256,36212.156,5.965
2172,3,110862,256,36216.361,5.965
2172,4,110862,256,36220.480,5.965
2173,1,110863,256,36224.507,5.635
2173,2,110863,256,36228.706,5.635
2173,3,110863,256,36232.832,5.635
2173,4,110863,256,36236.986,5.635
2174,1,110864,256,36241.166,5.953
2174,2,110864,256,36245.312,5.953
2174,3,110864,256,36249.486,5.953
2174,4,110864,256,36253.654,5.953
2175,1,110865,256,36257.872,6.028
2175,2,110865,256,36261.941,6.028
2175,3,110865,256,36266.262,6.028
2175,4,110865,256,36270.313,6.028
2176,1,110866,256,36274.507,6.061
2176,2,110866,256,36278.691,6.061
2176,3,110866,256,36282.793,6.061
2176,4,110866,256,36286.963,6.061
2177,1,110867,256,36291.163,6.280
2177,2,110867,256,36295.382,6.280
2177,3,110867,256,36299.588,6.280
2177,4,110867,256,36303.601,6.280
2178,1,110868,256,36307.886,5.847
2178,2,110868,256,36311.988,5.847
2178,3,110868,256,36316.107,5.847
2178,4,110868,256,36320.987,5.847
2179,1,110869,256,36324.497,5.475
2179,2,110869,256,36328.620,5.475
2179,3,110869,256,36332.791,5.475
2179,4,110869,256,36337.368,5.475
2180,1,110870,256,36341.256,6.221
2180,2,110870,256,36345.389,6.221
2180,3,110870,256,36349.475,6.221
2180,4,110870,256,36353.847,6.221
2181,1,110871,256,36357.821,5.834
2181,2,110871,256,36361.972,5.834
2181,3,110871,256,36366.135,5.834
2181,4,110871,256,36370.459,5.834
2182,1,110872,256,36374.482,5.952
2182,2,110872,256,36378.630,5.952
2182,3,110872,256,36382.791,5.952
2182,4,110872,256,36386.987,5.952
2183,1,110873,256,36391.130,5.967
2183,2,110873,256,36395.302,5.967
2183,3,110873,256,36399.603,5.967
2183,4,110873,256,36403.659,5.967
2184,1,110874,256,36407.821,6.002
2184,2,110874,256,36411.951,6.002
2184,3,110874,256,36416.306,6.002
2184,4,110874,256,36420.310,6.002
2185,1,110875,256,36424.477,6.042
2185,2,110875,256,36428.634,6.042
2185,3,110875,256,36433.008,6.042
2185,4,110875,256,36437.146,6.042
2186,1,110876,256,36441.192,5.582
2186,2,110876,256,36445.345,5.582
2186,3,110876,256,36449.526,5.582
2186,4,110876,256,36453.626,5.582
2187,1,110877,256,36457.864,6.130
2187,2,110877,256,36462.032,6.130
2187,3,110877,256,36466.161,6.130
2187,4,110877,256,36470.419,6.130
2188,1,110878,256,36474.463,5.614
2188,2,110878,256,36478.620,5.614
2188,3,110878,256,36482.788,5.614
2188,4,110878,256,36486.931,5.614
2189,1,110879,256,36491.196,5.892
2189,2,110879,256,36495.423,5.892
2189,3,110879,256,36499.598,5.892
2189,4,110879,256,36503.640,5.892
2190,1,110880,256,36507.810,5.206
2190,2,110880,256,36512.010,5.206
2190,3,110880,256,36516.141,5.206
2190,4,110880,256,36520.316,5.206
2191,1,110881,256,36524.531,5.947
2191,2,110881,256,36528.688,5.947
2191,3,110881,256,36532.859,5.947
2191,4,110881,256,36537.012,5.947
2192,1,110882,256,36541.528,6.068
2192,2,110882,256,36545.433,6.068
2192,3,110882,256,36549.541,6.068
2192,4,110882,256,36553.648,6.068
2193,1,110883,256,36557.887,5.854
2193,2,110883,256,36562.152,5.854
2193,3,110883,256,36566.332,5.854
2193,4,110883,256,36570.372,5.854
2194,1,110884,256,36574.510,5.682
2194,2,110884,256,36578.632,5.682
2194,3,110884,256,36582.966,5.682
2194,4,110884,256,36587.135,5.682
2195,1,110885,256,36591.236,5.824
2195,2,110885,256,36595.392,5.824
2195,3,110885,256,36599.526,5.824
2195,4,110885,256,36603.669,5.824
2196,1,110886,256,36607.852,5.846
2196,2,110886,256,36612.000,5.846
2196,3,110886,256,36616.162,5.846
2196,4,110886,256,36620.497,5.846
2197,1,110887,256,36624.571,5.272
2197,2,110887,256,36628.707,5.272
2197,3,110887,256,36632.964,5.272
2197,4,110887,256,36637.061,5.272
2198,1,110888,256,36641.431,5.279
2198,2,110888,256,36645.435,5.279
2198,3,110888,256,36649.651,5.279
2198,4,110888,256,36653.691,5.279
2199,1,110889,256,36657.859,5.348
2199,2,110889,256,36661.977,5.348
2199,3,110889,256,36666.174,5.348
2199,4,110889,256,36670.293,5.348
2200,1,110890,256,36674.543,5.844
2200,2,110890,256,36678.687,5.844
2200,3,110890,256,36682.834,5.844
2200,4,110890,256,36686.987,5.844
2201,1,110891,256,36691.146,5.225
2201,2,110891,256,36695.295,5.225
2201,3,110891,256,36699.579,5.225
2201,4,110891,256,36703.625,5.225
2202,1,110892,256,36707.912,5.619
2202,2,110892,256,36712.694,5.619
2202,3,110892,256,36716.276,5.619
2202,4,110892,256,36720.474,5.619
2203,1,110893,256,36724.531,5.813
2203,2,110893,256,36728.729,5.813
2203,3,110893,256,36732.843,5.813
2203,4,110893,256,36736.974,5.813
2204,1,110894,256,36741.310,5.739
2204,2,110894,256,36745.350,5.739
2204,3,110894,256,36749.501,5.739
2204,4,110894,256,36753.657,5.739
2205,1,110895,256,36757.899,5.638
2205,2,110895,256,36761.958,5.638
2205,3,110895,256,36766.139,5.638
2205,4,110895,256,36770.410,5.638
2206,1,110896,256,36774.476,5.665
2206,2,110896,256,36778.618,5.665
2206,3,110896,256,36782.785,5.665
2206,4,110896,256,36786.969,5.665
2207,1,110897,256,36791.334,6.062
2207,2,110897,256,36795.314,6.062
2207,3,110897,256,36799.491,6.062
2207,4,110897,256,36803.625,6.062
2208,1,110898,256,36807.821,5.980
2208,2,110898,256,36811.967,5.980
2208,3,110898,256,36816.133,5.980
2208,4,110898,256,36820.320,5.980
2209,1,110899,256,36824.834,5.623
2209,2,110899,256,36828.760,5.623
2209,3,110899,256,36832.831,5.623
2209,4,110899,256,36836.953,5.623
2210,1,110900,256,36841.518,5.762
2210,2,110900,256,36845.400,5.762
2210,3,110900,256,36849.469,5.762
2210,4,110900,256,36853.596,5.762
2211,1,110901,256,36858.001,5.562
2211,2,110901,256,36862.057,5.562
2211,3,110901,256,36866.136,5.562
2211,4,110901,256,36870.319,5.562
2212,1,110902,256,36874.680,5.642
2212,2,110902,256,36878.750,5.642
2212,3,110902,256,36882.808,5.642
2212,4,110902,256,36886.982,5.642
2213,1,110903,256,36891.306,5.536
2213,2,110903,256,36895.293,5.536
2213,3,110903,256,36899.612,5.536
2213,4,110903,256,36903.644,5.536
2214,1,110904,256,36907.896,5.570
2214,2,110904,256,36911.945,5.570
2214,3,110904,256,36916.215,5.570
2214,4,110904,256,36920.315,5.570
2215,1,110905,256,36924.712,5.534
2215,2,110905,256,36928.686,5.534
2215,3,110905,256,36933.043,5.534
2215,4,110905,256,36936.978,5.534
2216,1,110906,256,36941.209,5.315
2216,2,110906,256,36945.304,5.315
2216,3,110906,256,36949.447,5.315
2216,4,110906,256,36953.649,5.315
2217,1,110907,256,36957.842,5.644
2217,2,110907,256,36962.602,5.644
2217,3,110907,256,36966.362,5.644
2217,4,110907,256,36970.308,5.644
2218,1,110908,256,36974.647,5.253
2218,2,110908,256,36978.677,5.253
2218,3,110908,256,36982.803,5.253
2218,4,110908,256,36986.982,5.253
2219,1,110909,256,36991.213,5.617
2219,2,110909,256,36995.300,5.617
2219,3,110909,256,36999.444,5.617
2219,4,110909,256,37003.643,5.617
2220,1,110910,256,37007.910,5.707
2220,2,110910,256,37012.073,5.707
2220,3,110910,256,37016.601,5.707
2220,4,110910,256,37020.536,5.707
2221,1,110911,256,37024.591,5.827
2221,2,110911,256,37028.701,5.827
2221,3,110911,256,37032.903,5.827
2221,4,110911,256,37036.979,5.827
2222,1,110912,256,37041.321,6.006
2222,2,110912,256,37045.346,6.006
2222,3,110912,256,37049.628,6.006
2222,4,110912,256,37053.654,6.006
2223,1,110913,256,37058.214,5.761
2223,2,110913,256,37062.235,5.761
2223,3,110913,256,37066.236,5.761
2223,4,110913,256,37070.276,5.761
2224,1,110914,256,37074.590,5.816
2224,2,110914,256,37078.895,5.816
2224,3,110914,256,37082.815,5.816
2224,4,110914,256,37086.974,5.816
2225,1,110915,256,37091.209,5.512
2225,2,110915,256,37095.405,5.512
2225,3,110915,256,37099.478,5.512
2225,4,110915,256,37103.810,5.512
2226,1,110916,256,37107.810,5.674
2226,2,110916,256,37111.956,5.674
2226,3,110916,256,37116.211,5.674
2226,4,110916,256,37120.577,5.674
2227,1,110917,256,37124.978,5.757
2227,2,110917,256,37128.702,5.757
2227,3,110917,256,37132.894,5.757
2227,4,110917,256,37136.973,5.757
2228,1,110918,256,37141.392,6.291
2228,2,110918,256,37145.409,6.291
2228,3,110918,256,37149.509,6.291
2228,4,110918,256,37153.660,6.291
2229,1,110919,256,37157.848,5.858
2229,2,110919,256,37162.059,5.858
2229,3,110919,256,37166.248,5.858
2229,4,110919,256,37170.350,5.858
2230,1,110920,256,37174.652,5.682
2230,2,110920,256,37178.688,5.682
2230,3,110920,256,37182.917,5.682
2230,4,110920,256,37187.080,5.682
2231,1,110921,256,37191.340,5.197
2231,2,110921,256,37195.570,5.197
2231,3,110921,256,37199.522,5.197
2231,4,110921,256,37203.841,5.197
2232,1,110922,256,37207.839,5.557
2232,2,110922,256,37212.146,5.557
2232,3,110922,256,37216.301,5.557
2232,4,110922,256,37220.355,5.557
2233,1,110923,256,37224.489,5.404
2233,2,110923,256,37228.735,5.404
2233,3,110923,256,37232.848,5.404
2233,4,110923,256,37236.936,5.404
2234,1,110924,256,37241.191,5.581
2234,2,110924,256,37245.412,5.581
2234,3,110924,256,37249.598,5.581
2234,4,110924,256,37253.640,5.581
2235,1,110925,256,37257.835,5.435
2235,2,110925,256,37261.989,5.435
2235,3,110925,256,37266.182,5.435
2235,4,110925,256,37270.296,5.435
2236,1,110926,256,37274.552,5.756
2236,2,110926,256,37278.868,5.756
2236,3,110926,256,37282.832,5.756
2236,4,110926,256,37286.934,5.756
2237,1,110927,256,37291.635,5.378
2237,2,110927,256,37295.430,5.378
2237,3,110927,256,37299.616,5.378
2237,4,110927,256,37303.684,5.378
2238,1,110928,256,37307.938,5.349
2238,2,110928,256,37311.968,5.349
2238,3,110928,256,37316.129,5.349
2238,4,110928,256,37320.275,5.349
2239,1,110929,256,37324.493,5.514
2239,2,110929,256,37328.660,5.514
2239,3,110929,256,37332.823,5.514
2239,4,110929,256,37336.975,5.514
2240,1,110930,256,37341.353,5.449
2240,2,110930,256,37345.304,5.449
2240,3,110930,256,37349.455,5.449
2240,4,110930,256,37353.651,5.449
2241,1,110931,256,37357.901,5.540
2241,2,110931,256,37362.053,5.540
2241,3,110931,256,37366.224,5.540
2241,4,110931,256,37370.493,5.540
2242,1,110932,256,37374.584,5.305
2242,2,110932,256,37378.746,5.305
2242,3,110932,256,37383.009,5.305
2242,4,110932,256,37387.020,5.305
2243,1,110933,256,37391.135,5.430
2243,2,110933,256,37395.301,5.430
2243,3,110933,256,37399.458,5.430
2243,4,110933,256,37403.632,5.430
2244,1,110934,256,37407.917,5.570
2244,2,110934,256,37412.197,5.570
2244,3,110934,256,37416.173,5.570
2244,4,110934,256,37420.325,5.570
2245,1,110935,256,37424.463,5.406
2245,2,110935,256,37428.620,5.406
2245,3,110935,256,37432.959,5.406
2245,4,110935,256,37436.937,5.406
2246,1,110936,256,37441.113,5.461
2246,2,110936,256,37445.300,5.461
2246,3,110936,256,37449.455,5.461
2246,4,110936,256,37453.631,5.461
2247,1,110937,256,37457.830,5.578
2247,2,110937,256,37461.968,5.578
2247,3,110937,256,37466.239,5.578
2247,4,110937,256,37470.306,5.578
2248,1,110938,256,37474.469,5.392
2248,2,110938,256,37478.614,5.392
2248,3,110938,256,37482.953,5.392
2248,4,110938,256,37486.965,5.392
2249,1,110939,256,37491.130,5.561
2249,2,110939,256,37495.336,5.561
2249,3,110939,256,37499.485,5.561
2249,4,110939,256,37503.605,5.561
2250,1,110940,256,37507.843,5.556
2250,2,110940,256,37512.118,5.556
2250,3,110940,256,37516.145,5.556
2250,4,110940,256,37520.414,5.556
2251,1,110941,256,37524.502,5.161
2251,2,110941,256,37528.620,5.161
2251,3,110941,256,37532.796,5.161
2251,4,110941,256,37536.971,5.161
2252,1,110942,256,37541.451,5.603
2252,2,110942,256,37545.349,5.603
2252,3,110942,256,37549.499,5.603
2252,4,110942,256,37553.607,5.603
2253,1,110943,256,37557.842,6.290
2253,2,110943,256,37562.136,6.290
2253,3,110943,256,37566.348,6.290
2253,4,110943,256,37570.294,6.290
2254,1,110944,256,37574.469,5.528
2254,2,110944,256,37578.857,5.528
2254,3,110944,256,37582.997,5.528
2254,4,110944,256,37587.043,5.528
2255,1,110945,256,37591.360,5.936
2255,2,110945,256,37595.391,5.936
2255,3,110945,256,37599.485,5.936
2255,4,110945,256,37603.906,5.936
2256,1,110946,256,37607.840,6.495
2256,2,110946,256,37612.146,6.495
2256,3,110946,256,37616.234,6.495
2256,4,110946,256,37620.484,6.495
2257,1,110947,256,37624.520,6.219
2257,2,110947,256,37628.664,6.219
2257,3,110947,256,37632.886,6.219
2257,4,110947,256,37636.962,6.219
2258,1,110948,256,37641.281,5.704
2258,2,110948,256,37645.411,5.704
2258,3,110948,256,37649.658,5.704
2258,4,110948,256,37653.612,5.704
2259,1,110949,256,37657.848,5.497
2259,2,110949,256,37662.006,5.497
2259,3,110949,256,37666.353,5.497
2259,4,110949,256,37670.326,5.497
2260,1,110950,256,37674.488,5.218
2260,2,110950,256,37678.623,5.218
2260,3,110950,256,37682.810,5.218
2260,4,110950,256,37686.990,5.218
2261,1,110951,256,37691.199,5.982
2261,2,110951,256,37695.304,5.982
2261,3,110951,256,37699.446,5.982
2261,4,110951,256,37703.620,5.982
2262,1,110952,256,37707.811,5.807
2262,2,110952,256,37712.137,5.807
2262,3,110952,256,37716.339,5.807
2262,4,110952,256,37720.342,5.807
2263,1,110953,256,37724.498,5.454
2263,2,110953,256,37728.728,5.454
2263,3,110953,256,37732.832,5.454
2263,4,110953,256,37736.980,5.454
2264,1,110954,256,37741.198,5.846
2264,2,110954,256,37745.342,5.846
2264,3,110954,256,37749.453,5.846
2264,4,110954,256,37753.640,5.846
2265,1,110955,256,37757.819,5.347
2265,2,110955,256,37761.974,5.347
2265,3,110955,256,37766.122,5.347
2265,4,110955,256,37770.417,5.347
2266,1,110956,256,37774.518,5.613
2266,2,110956,256,37778.668,5.613
2266,3,110956,256,37782.811,5.613
2266,4,110956,256,37786.982,5.613
2267,1,110957,256,37791.221,5.926
2267,2,110957,256,37795.304,5.926
2267,3,110957,256,37799.575,5.926
2267,4,110957,256,37803.624,5.926
2268,1,110958,256,37807.846,5.986
2268,2,110958,256,37812.034,5.986
2268,3,110958,256,37816.160,5.986
2268,4,110958,256,37820.316,5.986
2269,1,110959,256,37824.480,5.244
2269,2,110959,256,37828.667,5.244
2269,3,110959,256,37832.786,5.244
2269,4,110959,256,37837.011,5.244
2270,1,110960,256,37841.332,5.673
2270,2,110960,256,37845.383,5.673
2270,3,110960,256,37849.658,5.673
2270,4,110960,256,37853.790,5.673
2271,1,110961,256,37857.817,5.980
2271,2,110961,256,37861.954,5.980
2271,3,110961,256,37866.219,5.980
2271,4,110961,256,37870.315,5.980
2272,1,110962,256,37874.471,5.766
2272,2,110962,256,37878.622,5.766
2272,3,110962,256,37882.798,5.766
2272,4,110962,256,37887.001,5.766
2273,1,110963,256,37891.127,5.569
2273,2,110963,256,37895.292,5.569
2273,3,110963,256,37899.575,5.569
2273,4,110963,256,37903.632,5.569
2274,1,110964,256,37907.890,5.988
2274,2,110964,256,37912.035,5.988
2274,3,110964,256,37916.328,5.988
2274,4,110964,256,37920.316,5.988
2275,1,110965,256,37924.511,5.275
2275,2,110965,256,37928.616,5.275
2275,3,110965,256,37932.917,5.275
2275,4,110965,256,37937.035,5.275
2276,1,110966,256,37941.215,5.392
2276,2,110966,256,37945.305,5.392
2276,3,110966,256,37949.474,5.392
2276,4,110966,256,37953.646,5.392
2277,1,110967,256,37957.815,5.643
2277,2,110967,256,37962.182,5.643
2277,3,110967,256,37966.164,5.643
2277,4,110967,256,37970.281,5.643
2278,1,110968,256,37974.523,5.971
2278,2,110968,256,37978.741,5.971
2278,3,110968,256,37982.836,5.971
2278,4,110968,256,37987.032,5.971
2279,1,110969,256,37991.302,5.051
2279,2,110969,256,37995.382,5.051
2279,3,110969,256,37999.498,5.051
2279,4,110969,256,38003.633,5.051
2280,1,110970,256,38007.868,5.362
2280,2,110970,256,38011.960,5.362
2280,3,110970,256,38016.125,5.362
2280,4,110970,256,38020.329,5.362
2281,1,110971,256,38024.506,5.787
2281,2,110971,256,38028.630,5.787
2281,3,110971,256,38032.810,5.787
2281,4,110971,256,38036.991,5.787
2282,1,110972,256,38041.254,5.698
2282,2,110972,256,38045.328,5.698
2282,3,110972,256,38050.049,5.698
2282,4,110972,256,38053.703,5.698
2283,1,110973,256,38057.917,5.993
2283,2,110973,256,38062.070,5.993
2283,3,110973,256,38066.210,5.993
2283,4,110973,256,38070.365,5.993
2284,1,110974,256,38074.537,6.148
2284,2,110974,256,38078.673,6.148
2284,3,110974,256,38082.851,6.148
2284,4,110974,256,38087.013,6.148
2285,1,110975,256,38091.257,5.577
2285,2,110975,256,38095.461,5.577
2285,3,110975,256,38099.764,5.577
2285,4,110975,256,38103.673,5.577
2286,1,110976,256,38107.954,5.224
2286,2,110976,256,38112.007,5.224
2286,3,110976,256,38116.274,5.224
2286,4,110976,256,38120.316,5.224
2287,1,110977,256,38124.579,5.470
2287,2,110977,256,38128.678,5.470
2287,3,110977,256,38132.874,5.470
2287,4,110977,256,38137.106,5.470
2288,1,110978,256,38141.292,5.879
2288,2,110978,256,38145.477,5.879
2288,3,110978,256,38149.759,5.879
2288,4,110978,256,38153.779,5.879
2289,1,110979,256,38157.822,5.611
2289,2,110979,256,38162.058,5.611
2289,3,110979,256,38166.490,5.611
2289,4,110979,256,38170.608,5.611
2290,1,110980,256,38174.656,5.982
2290,2,110980,256,38178.907,5.982
2290,3,110980,256,38182.968,5.982
2290,4,110980,256,38187.128,5.982
2291,1,110981,256,38191.300,6.017
2291,2,110981,256,38195.652,6.017
2291,3,110981,256,38199.831,6.017
2291,4,110981,256,38203.960,6.017
2292,1,110982,256,38208.220,5.633
2292,2,110982,256,38212.311,5.633
2292,3,110982,256,38216.321,5.633
2292,4,110982,256,38220.444,5.633
2293,1,110983,256,38224.696,5.718
2293,2,110983,256,38228.842,5.718
2293,3,110983,256,38233.053,5.718
2293,4,110983,256,38237.026,5.718
2294,1,110984,256,38241.273,5.393
2294,2,110984,256,38245.441,5.393
2294,3,110984,256,38249.469,5.393
2294,4,110984,256,38253.664,5.393
2295,1,110985,256,38257.790,5.601
2295,2,110985,256,38261.973,5.601
2295,3,110985,256,38266.275,5.601
2295,4,110985,256,38270.290,5.601
2296,1,110986,256,38274.642,5.874
2296,2,110986,256,38278.691,5.874
2296,3,110986,256,38282.815,5.874
2296,4,110986,256,38286.946,5.874
2297,1,110987,256,38291.346,5.552
2297,2,110987,256,38295.473,5.552
2297,3,110987,256,38299.486,5.552
2297,4,110987,256,38303.724,5.552
2298,1,110988,256,38307.905,5.387
2298,2,110988,256,38312.006,5.387
2298,3,110988,256,38316.298,5.387
2298,4,110988,256,38320.473,5.387
2299,1,110989,256,38324.522,5.832
2299,2,110989,256,38328.657,5.832
2299,3,110989,256,38332.809,5.832
2299,4,110989,256,38337.181,5.832
2300,1,110990,256,38341.157,6.275
2300,2,110990,256,38345.312,6.275
2300,3,110990,256,38349.498,6.275
2300,4,110990,256,38353.662,6.275
2301,1,110991,256,38357.847,5.977
2301,2,110991,256,38361.988,5.977
2301,3,110991,256,38366.268,5.977
2301,4,110991,256,38370.299,5.977
2302,1,110992,256,38374.545,5.846
2302,2,110992,256,38378.682,5.846
2302,3,110992,256,38383.067,5.846
2302,4,110992,256,38387.027,5.846
2303,1,110993,256,38391.184,5.642
2303,2,110993,256,38395.348,5.642
2303,3,110993,256,38399.664,5.642
2303,4,110993,256,38403.662,5.642
2304,1,110994,256,38407.819,5.653
2304,2,110994,256,38412.173,5.653
2304,3,110994,256,38416.219,5.653
2304,4,110994,256,38420.384,5.653
2305,1,110995,256,38424.706,5.508
2305,2,110995,256,38428.994,5.508
2305,3,110995,256,38433.065,5.508
2305,4,110995,256,38437.061,5.508
2306,1,110996,256,38441.261,5.743
2306,2,110996,256,38445.478,5.743
2306,3,110996,256,38449.605,5.743
2306,4,110996,256,38453.917,5.743
2307,1,110997,256,38457.906,5.653
2307,2,110997,256,38462.106,5.653
2307,3,110997,256,38466.346,5.653
2307,4,110997,256,38470.502,5.653
2308,1,110998,256,38475.631,5.591
2308,2,110998,256,38479.097,5.591
2308,3,110998,256,38483.184,5.591
2308,4,110998,256,38487.212,5.591
2309,1,110999,256,38491.462,5.840
2309,2,110999,256,38495.557,5.840
2309,3,110999,256,38499.700,5.840
2309,4,110999,256,38503.753,5.840
2310,1,111000,256,38507.898,5.887
2310,2,111000,256,38512.146,5.887
2310,3,111000,256,38516.371,5.887
2310,4,111000,256,38520.537,5.887
2311,1,111001,256,38524.846,6.693
2311,2,111001,256,38529.028,6.693
2311,3,111001,256,38533.036,6.693
2311,4,111001,256,38537.196,6.693
2312,1,111002,256,38541.391,5.751
2312,2,111002,256,38545.584,5.751
2312,3,111002,256,38549.700,5.751
2312,4,111002,256,38553.792,5.751
2313,1,111003,256,38557.923,6.040
2313,2,111003,256,38562.065,6.040
2313,3,111003,256,38566.234,6.040
2313,4,111003,256,38570.483,6.040
2314,1,111004,256,38574.618,6.358
2314,2,111004,256,38578.780,6.358
2314,3,111004,256,38583.098,6.358
2314,4,111004,256,38587.098,6.358
2315,1,111005,256,38591.344,5.992
2315,2,111005,256,38595.420,5.992
2315,3,111005,256,38599.564,5.992
2315,4,111005,256,38603.836,5.992
2316,1,111006,256,38607.889,6.458
2316,2,111006,256,38612.030,6.458
2316,3,111006,256,38616.245,6.458
2316,4,111006,256,38620.612,6.458
2317,1,111007,256,38624.625,6.475
2317,2,111007,256,38628.946,6.475
2317,3,111007,256,38633.137,6.475
2317,4,111007,256,38637.215,6.475
2318,1,111008,256,38641.294,6.154
2318,2,111008,256,38645.452,6.154
2318,3,111008,256,38649.642,6.154
2318,4,111008,256,38653.721,6.154
2319,1,111009,256,38657.939,6.348
2319,2,111009,256,38662.156,6.348
2319,3,111009,256,38666.430,6.348
2319,4,111009,256,38670.456,6.348
2320,1,111010,256,38674.486,6.019
2320,2,111010,256,38678.647,6.019
2320,3,111010,256,38682.969,6.019
2320,4,111010,256,38686.964,6.019
2321,1,111011,256,38691.450,5.970
2321,2,111011,256,38695.539,5.970
2321,3,111011,256,38699.509,5.970
2321,4,111011,256,38703.689,5.970
2322,1,111012,256,38708.010,5.580
2322,2,111012,256,38712.212,5.580
2322,3,111012,256,38716.417,5.580
2322,4,111012,256,38720.380,5.580
2323,1,111013,256,38724.729,5.736
2323,2,111013,256,38728.660,5.736
2323,3,111013,256,38732.804,5.736
2323,4,111013,256,38737.074,5.736
2324,1,111014,256,38741.245,5.774
2324,2,111014,256,38745.313,5.774
2324,3,111014,256,38749.455,5.774
2324,4,111014,256,38753.714,5.774
2325,1,111015,256,38757.824,5.722
2325,2,111015,256,38761.980,5.722
2325,3,111015,256,38766.120,5.722
2325,4,111015,256,38770.465,5.722
2326,1,111016,256,38774.486,5.679
2326,2,111016,256,38778.629,5.679
2326,3,111016,256,38782.821,5.679
2326,4,111016,256,38787.005,5.679
2327,1,111017,256,38791.433,5.598
2327,2,111017,256,38795.339,5.598
2327,3,111017,256,38799.634,5.598
2327,4,111017,256,38803.672,5.598
2328,1,111018,256,38807.802,5.808
2328,2,111018,256,38811.978,5.808
2328,3,111018,256,38816.287,5.808
2328,4,111018,256,38820.339,5.808
2329,1,111019,256,38824.573,5.586
2329,2,111019,256,38828.660,5.586
2329,3,111019,256,38833.188,5.586
2329,4,111019,256,38837.243,5.586
2330,1,111020,256,38841.368,5.495
2330,2,111020,256,38845.461,5.495
2330,3,111020,256,38849.524,5.495
2330,4,111020,256,38853.810,5.495
2331,1,111021,256,38858.008,5.681
2331,2,111021,256,38862.020,5.681
2331,3,111021,256,38866.162,5.681
2331,4,111021,256,38870.424,5.681
2332,1,111022,256,38874.494,5.709
2332,2,111022,256,38878.702,5.709
2332,3,111022,256,38882.839,5.709
2332,4,111022,256,38886.995,5.709
2333,1,111023,256,38891.168,5.544
2333,2,111023,256,38895.339,5.544
2333,3,111023,256,38899.611,5.544
2333,4,111023,256,38903.755,5.544
2334,1,111024,256,38907.826,5.559
2334,2,111024,256,38911.963,5.559
2334,3,111024,256,38916.135,5.559
2334,4,111024,256,38920.329,5.559
2335,1,111025,256,38924.519,5.948
2335,2,111025,256,38928.631,5.948
2335,3,111025,256,38932.923,5.948
2335,4,111025,256,38937.021,5.948
2336,1,111026,256,38941.319,5.876
2336,2,111026,256,38945.450,5.876
2336,3,111026,256,38949.486,5.876
2336,4,111026,256,38953.666,5.876
2337,1,111027,256,38957.975,5.309
2337,2,111027,256,38962.005,5.309
2337,3,111027,256,38966.168,5.309
2337,4,111027,256,38970.328,5.309
2338,1,111028,256,38974.641,5.586
2338,2,111028,256,38978.642,5.586
2338,3,111028,256,38982.804,5.586
2338,4,111028,256,38987.170,5.586
2339,1,111029,256,38991.256,5.746
2339,2,111029,256,38995.310,5.746
2339,3,111029,256,38999.452,5.746
2339,4,111029,256,39003.673,5.746
2340,1,111030,256,39008.022,5.459
2340,2,111030,256,39012.037,5.459
2340,3,111030,256,39016.298,5.459
2340,4,111030,256,39020.289,5.459
2341,1,111031,256,39024.563,5.080
2341,2,111031,256,39028.687,5.080
2341,3,111031,256,39032.879,5.080
2341,4,111031,256,39036.995,5.080
2342,1,111032,256,39041.191,5.108
2342,2,111032,256,39045.334,5.108
2342,3,111032,256,39049.688,5.108
2342,4,111032,256,39053.777,5.108
2343,1,111033,256,39058.110,5.544
2343,2,111033,256,39062.088,5.544
2343,3,111033,256,39066.256,5.544
2343,4,111033,256,39070.402,5.544
2344,1,111034,256,39074.512,6.330
2344,2,111034,256,39078.672,6.330
2344,3,111034,256,39082.855,6.330
2344,4,111034,256,39087.138,6.330
2345,1,111035,256,39091.318,5.421
2345,2,111035,256,39095.324,5.421
2345,3,111035,256,39099.770,5.421
2345,4,111035,256,39103.692,5.421
2346,1,111036,256,39107.938,5.709
2346,2,111036,256,39112.217,5.709
2346,3,111036,256,39116.204,5.709
2346,4,111036,256,39120.341,5.709
2347,1,111037,256,39124.495,5.530
2347,2,111037,256,39128.723,5.530
2347,3,111037,256,39132.995,5.530
2347,4,111037,256,39137.003,5.530
2348,1,111038,256,39141.363,5.739
2348,2,111038,256,39145.480,5.739
2348,3,111038,256,39149.647,5.739
2348,4,111038,256,39153.778,5.739
2349,1,111039,256,39157.836,5.927
2349,2,111039,256,39162.026,5.927
2349,3,111039,256,39166.186,5.927
2349,4,111039,256,39170.302,5.927
2350,1,111040,256,39174.518,5.905
2350,2,111040,256,39178.858,5.905
2350,3,111040,256,39182.977,5.905
2350,4,111040,256,39187.118,5.905
2351,1,111041,256,39191.317,5.205
2351,2,111041,256,39195.491,5.205
2351,3,111041,256,39199.683,5.205
2351,4,111041,256,39203.795,5.205
2352,1,111042,256,39207.992,5.458
2352,2,111042,256,39212.287,5.458
2352,3,111042,256,39216.424,5.458
2352,4,111042,256,39220.461,5.458
2353,1,111043,256,39224.559,5.573
2353,2,111043,256,39228.754,5.573
2353,3,111043,256,39232.851,5.573
2353,4,111043,256,39237.183,5.573
2354,1,111044,256,39241.173,5.792
2354,2,111044,256,39245.356,5.792
2354,3,111044,256,39249.578,5.792
2354,4,111044,256,39253.700,5.792
2355,1,111045,256,39258.033,5.529
2355,2,111045,256,39262.114,5.529
2355,3,111045,256,39266.297,5.529
2355,4,111045,256,39270.344,5.529
2356,1,111046,256,39274.574,5.748
2356,2,111046,256,39278.686,5.748
2356,3,111046,256,39282.842,5.748
2356,4,111046,256,39287.186,5.748
2357,1,111047,256,39291.226,6.089
2357,2,111047,256,39295.314,6.089
2357,3,111047,256,39299.486,6.089
2357,4,111047,256,39303.670,6.089
2358,1,111048,256,39307.908,5.437
2358,2,111048,256,39312.048,5.437
2358,3,111048,256,39316.317,5.437
2358,4,111048,256,39320.441,5.437
2359,1,111049,256,39324.489,5.389
2359,2,111049,256,39328.670,5.389
2359,3,111049,256,39332.982,5.389
2359,4,111049,256,39337.033,5.389
2360,1,111050,256,39341.191,5.818
2360,2,111050,256,39345.325,5.818
2360,3,111050,256,39349.467,5.818
2360,4,111050,256,39353.645,5.818
2361,1,111051,256,39357.805,5.790
2361,2,111051,256,39361.963,5.790
2361,3,111051,256,39366.117,5.790
2361,4,111051,256,39370.376,5.790
2362,1,111052,256,39374.470,5.475
2362,2,111052,256,39378.695,5.475
2362,3,111052,256,39382.855,5.475
2362,4,111052,256,39386.951,5.475
2363,1,111053,256,39391.313,6.108
2363,2,111053,256,39395.472,6.108
2363,3,111053,256,39399.625,6.108
2363,4,111053,256,39403.620,6.108
2364,1,111054,256,39407.919,5.189
2364,2,111054,256,39412.088,5.189
2364,3,111054,256,39416.296,5.189
2364,4,111054,256,39420.340,5.189
2365,1,111055,256,39424.480,5.308
2365,2,111055,256,39428.827,5.308
2365,3,111055,256,39432.861,5.308
2365,4,111055,256,39436.958,5.308
2366,1,111056,256,39441.792,5.662
2366,2,111056,256,39445.408,5.662
2366,3,111056,256,39449.479,5.662
2366,4,111056,256,39453.791,5.662
2367,1,111057,256,39457.852,5.815
2367,2,111057,256,39461.983,5.815
2367,3,111057,256,39466.113,5.815
2367,4,111057,256,39470.296,5.815
2368,1,111058,256,39474.533,5.945
2368,2,111058,256,39478.698,5.945
2368,3,111058,256,39482.929,5.945
2368,4,111058,256,39487.010,5.945
2369,1,111059,256,39491.178,5.688
2369,2,111059,256,39495.324,5.688
2369,3,111059,256,39499.514,5.688
2369,4,111059,256,39503.626,5.688
2370,1,111060,256,39508.101,5.489
2370,2,111060,256,39512.040,5.489
2370,3,111060,256,39516.168,5.489
2370,4,111060,256,39520.477,5.489
2371,1,111061,256,39524.488,5.725
2371,2,111061,256,39528.646,5.725
2371,3,111061,256,39533.252,5.725
2371,4,111061,256,39537.105,5.725
2372,1,111062,256,39541.395,5.440
2372,2,111062,256,39545.416,5.440
2372,3,111062,256,39550.348,5.440
2372,4,111062,256,39553.963,5.440
2373,1,111063,256,39558.150,5.965
2373,2,111063,256,39562.332,5.965
2373,3,111063,256,39566.451,5.965
2373,4,111063,256,39570.537,5.965
2374,1,111064,256,39574.625,5.668
2374,2,111064,256,39578.815,5.668
2374,3,111064,256,39582.964,5.668
2374,4,111064,256,39587.118,5.668
2375,1,111065,256,39591.304,5.705
2375,2,111065,256,39595.433,5.705
2375,3,111065,256,39599.578,5.705
2375,4,111065,256,39603.683,5.705
2376,1,111066,256,39607.915,6.116
2376,2,111066,256,39612.073,6.116
2376,3,111066,256,39616.198,6.116
2376,4,111066,256,39620.504,6.116
2377,1,111067,256,39624.495,5.382
2377,2,111067,256,39628.690,5.382
2377,3,111067,256,39632.883,5.382
2377,4,111067,256,39637.177,5.382
2378,1,111068,256,39641.249,5.254
2378,2,111068,256,39645.452,5.254
2378,3,111068,256,39649.696,5.254
2378,4,111068,256,39653.733,5.254
2379,1,111069,256,39657.834,5.622
2379,2,111069,256,39662.037,5.622
2379,3,111069,256,39666.230,5.622
2379,4,111069,256,39670.490,5.622
2380,1,111070,256,39674.510,5.146
2380,2,111070,256,39678.645,5.146
2380,3,111070,256,39682.919,5.146
2380,4,111070,256,39686.997,5.146
2381,1,111071,256,39691.185,5.824
2381,2,111071,256,39695.320,5.824
2381,3,111071,256,39699.511,5.824
2381,4,111071,256,39703.616,5.824
2382,1,111072,256,39707.901,5.832
2382,2,111072,256,39712.111,5.832
2382,3,111072,256,39716.272,5.832
2382,4,111072,256,39720.351,5.832
2383,1,111073,256,39724.485,5.391
2383,2,111073,256,39728.654,5.391
2383,3,111073,256,39732.813,5.391
2383,4,111073,256,39737.008,5.391
2384,1,111074,256,39741.175,6.660
2384,2,111074,256,39745.366,6.660
2384,3,111074,256,39749.486,6.660
2384,4,111074,256,39753.685,6.660
2385,1,111075,256,39757.967,5.645
2385,2,111075,256,39762.276,5.645
2385,3,111075,256,39766.515,5.645
2385,4,111075,256,39770.628,5.645
2386,1,111076,256,39774.749,5.787
2386,2,111076,256,39778.984,5.787
2386,3,111076,256,39783.316,5.787
2386,4,111076,256,39787.562,5.787
2387,1,111077,256,39791.630,5.580
2387,2,111077,256,39795.999,5.580
2387,3,111077,256,39800.123,5.580
2387,4,111077,256,39804.287,5.580
2388,1,111078,256,39808.277,5.831
2388,2,111078,256,39812.511,5.831
2388,3,111078,256,39816.707,5.831
2388,4,111078,256,39821.048,5.831
2389,1,111079,256,39825.357,6.392
2389,2,111079,256,39828.898,6.392
2389,3,111079,256,39833.156,6.392
2389,4,111079,256,39837.619,6.392
2390,1,111080,256,39841.595,5.678
2390,2,111080,256,39845.554,5.678
2390,3,111080,256,39849.981,5.678
2390,4,111080,256,39854.145,5.678
2391,1,111081,256,39858.301,6.033
2391,2,111081,256,39862.771,6.033
2391,3,111081,256,39866.606,6.033
2391,4,111081,256,39870.831,6.033
2392,1,111082,256,39874.946,6.046
2392,2,111082,256,39879.083,6.046
2392,3,111082,256,39883.274,6.046
2392,4,111082,256,39887.384,6.046
2393,1,111083,256,39891.369,5.820
2393,2,111083,256,39895.632,5.820
2393,3,111083,256,39899.743,5.820
2393,4,111083,256,39903.995,5.820
2394,1,111084,256,39908.130,6.115
2394,2,111084,256,39912.157,6.115
2394,3,111084,256,39916.442,6.115
2394,4,111084,256,39920.574,6.115
2395,1,111085,256,39924.865,6.594
2395,2,111085,256,39928.964,6.594
2395,3,111085,256,39932.970,6.594
2395,4,111085,256,39937.126,6.594
2396,1,111086,256,39941.300,5.768
2396,2,111086,256,39945.840,5.768
2396,3,111086,256,39949.765,5.768
2396,4,111086,256,39953.819,5.768
2397,1,111087,256,39957.960,6.086
2397,2,111087,256,39962.277,6.086
2397,3,111087,256,39966.418,6.086
2397,4,111087,256,39970.526,6.086
2398,1,111088,256,39974.557,6.142
2398,2,111088,256,39978.729,6.142
2398,3,111088,256,39983.077,6.142
2398,4,111088,256,39987.256,6.142
2399,1,111089,256,39991.287,5.781
2399,2,111089,256,39995.423,5.781
2399,3,111089,256,39999.676,5.781
2399,4,111089,256,40003.635,5.781
2400,1,111090,256,40007.879,5.690
2400,2,111090,256,40012.220,5.690
2400,3,111090,256,40016.218,5.690
2400,4,111090,256,40020.354,5.690
2401,1,111091,256,40024.565,5.311
2401,2,111091,256,40028.656,5.311
2401,3,111091,256,40032.959,5.311
2401,4,111091,256,40037.004,5.311
2402,1,111092,256,40041.158,5.880
2402,2,111092,256,40045.372,5.880
2402,3,111092,256,40049.497,5.880
2402,4,111092,256,40053.843,5.880
2403,1,111093,256,40057.853,5.847
2403,2,111093,256,40062.105,5.847
2403,3,111093,256,40066.196,5.847
2403,4,111093,256,40070.585,5.847
2404,1,111094,256,40074.539,5.888
2404,2,111094,256,40078.748,5.888
2404,3,111094,256,40083.081,5.888
2404,4,111094,256,40087.042,5.888
2405,1,111095,256,40091.221,5.215
2405,2,111095,256,40095.649,5.215
2405,3,111095,256,40099.582,5.215
2405,4,111095,256,40103.674,5.215
2406,1,111096,256,40108.018,6.269
2406,2,111096,256,40112.171,6.269
2406,3,111096,256,40116.302,6.269
2406,4,111096,256,40120.354,6.269
2407,1,111097,256,40124.519,5.648
2407,2,111097,256,40128.685,5.648
2407,3,111097,256,40132.986,5.648
2407,4,111097,256,40137.294,5.648
2408,1,111098,256,40141.212,5.582
2408,2,111098,256,40145.362,5.582
2408,3,111098,256,40149.542,5.582
2408,4,111098,256,40153.818,5.582
2409,1,111099,256,40157.817,5.594
2409,2,111099,256,40161.991,5.594
2409,3,111099,256,40166.170,5.594
2409,4,111099,256,40170.316,5.594
2410,1,111100,256,40174.498,5.928
2410,2,111100,256,40178.639,5.928
2410,3,111100,256,40182.813,5.928
2410,4,111100,256,40188.284,5.928
2411,1,111101,256,40191.949,5.552
2411,2,111101,256,40195.893,5.552
2411,3,111101,256,40200.042,5.552
2411,4,111101,256,40204.216,5.552
2412,1,111102,256,40208.287,5.884
2412,2,111102,256,40212.486,5.884
2412,3,111102,256,40216.661,5.884
2412,4,111102,256,40220.818,5.884
2413,1,111103,256,40224.757,6.028
2413,2,111103,256,40229.048,6.028
2413,3,111103,256,40233.241,6.028
2413,4,111103,256,40237.124,6.028
2414,1,111104,256,40241.425,5.373
2414,2,111104,256,40245.531,5.373
2414,3,111104,256,40249.699,5.373
2414,4,111104,256,40253.726,5.373
2415,1,111105,256,40257.879,5.600
2415,2,111105,256,40261.969,5.600
2415,3,111105,256,40266.153,5.600
2415,4,111105,256,40270.329,5.600
2416,1,111106,256,40274.534,5.824
2416,2,111106,256,40278.687,5.824
2416,3,111106,256,40282.918,5.824
2416,4,111106,256,40286.963,5.824
2417,1,111107,256,40291.220,5.493
2417,2,111107,256,40295.424,5.493
2417,3,111107,256,40299.507,5.493
2417,4,111107,256,40303.663,5.493
2418,1,111108,256,40307.874,5.457
2418,2,111108,256,40311.987,5.457
2418,3,111108,256,40316.288,5.457
2418,4,111108,256,40320.324,5.457
2419,1,111109,256,40324.499,5.685
2419,2,111109,256,40328.639,5.685
2419,3,111109,256,40332.806,5.685
2419,4,111109,256,40337.013,5.685
2420,1,111110,256,40341.220,5.861
2420,2,111110,256,40345.334,5.861
2420,3,111110,256,40349.475,5.861
2420,4,111110,256,40353.670,5.861
2421,1,111111,256,40357.825,5.964
2421,2,111111,256,40361.989,5.964
2421,3,111111,256,40366.539,5.964
2421,4,111111,256,40370.375,5.964
2422,1,111112,256,40374.533,5.792
2422,2,111112,256,40378.698,5.792
2422,3,111112,256,40382.817,5.792
2422,4,111112,256,40387.158,5.792
2423,1,111113,256,40391.154,6.341
2423,2,111113,256,40395.329,6.341
2423,3,111113,256,40399.474,6.341
2423,4,111113,256,40403.803,6.341
2424,1,111114,256,40407.824,5.933
2424,2,111114,256,40411.970,5.933
2424,3,111114,256,40416.164,5.933
2424,4,111114,256,40420.470,5.933
2425,1,111115,256,40424.492,6.056
2425,2,111115,256,40428.643,6.056
2425,3,111115,256,40433.017,6.056
2425,4,111115,256,40437.437,6.056
2426,1,111116,256,40441.173,5.332
2426,2,111116,256,40445.317,5.332
2426,3,111116,256,40449.478,5.332
2426,4,111116,256,40453.674,5.332
2427,1,111117,256,40457.826,5.321
2427,2,111117,256,40462.003,5.321
2427,3,111117,256,40466.300,5.321
2427,4,111117,256,40470.329,5.321
2428,1,111118,256,40474.513,5.572
2428,2,111118,256,40478.653,5.572
2428,3,111118,256,40482.864,5.572
2428,4,111118,256,40486.974,5.572
2429,1,111119,256,40491.224,5.925
2429,2,111119,256,40495.383,5.925
2429,3,111119,256,40499.654,5.925
2429,4,111119,256,40503.651,5.925
2430,1,111120,256,40507.825,5.566
2430,2,111120,256,40511.983,5.566
2430,3,111120,256,40516.206,5.566
2430,4,111120,256,40520.334,5.566
2431,1,111121,256,40524.500,5.737
2431,2,111121,256,40528.693,5.737
2431,3,111121,256,40532.825,5.737
2431,4,111121,256,40537.025,5.737
2432,1,111122,256,40541.216,5.477
2432,2,111122,256,40545.480,5.477
2432,3,111122,256,40549.556,5.477
2432,4,111122,256,40553.662,5.477
2433,1,111123,256,40557.844,5.712
2433,2,111123,256,40562.086,5.712
2433,3,111123,256,40566.437,5.712
2433,4,111123,256,40570.497,5.712
2434,1,111124,256,40575.169,5.890
2434,2,111124,256,40579.013,5.890
2434,3,111124,256,40583.298,5.890
2434,4,111124,256,40587.566,5.890
2435,1,111125,256,40591.591,6.012
2435,2,111125,256,40595.690,6.012
2435,3,111125,256,40599.703,6.012
2435,4,111125,256,40603.926,6.012
2436,1,111126,256,40608.033,5.808
2436,2,111126,256,40612.256,5.808
2436,3,111126,256,40616.399,5.808
2436,4,111126,256,40620.466,5.808
2437,1,111127,256,40624.578,5.655
2437,2,111127,256,40628.710,5.655
2437,3,111127,256,40632.996,5.655
2437,4,111127,256,40637.318,5.655
2438,1,111128,256,40641.286,5.607
2438,2,111128,256,40645.446,5.607
2438,3,111128,256,40649.575,5.607
2438,4,111128,256,40653.855,5.607
2439,1,111129,256,40657.860,5.955
2439,2,111129,256,40661.980,5.955
2439,3,111129,256,40666.265,5.955
2439,4,111129,256,40670.446,5.955
2440,1,111130,256,40674.476,5.858
2440,2,111130,256,40678.638,5.858
2440,3,111130,256,40682.808,5.858
2440,4,111130,256,40687.152,5.858
2441,1,111131,256,40691.200,5.872
2441,2,111131,256,40695.322,5.872
2441,3,111131,256,40699.463,5.872
2441,4,111131,256,40703.659,5.872
2442,1,111132,256,40707.805,5.922
2442,2,111132,256,40712.238,5.922
2442,3,111132,256,40716.304,5.922
2442,4,111132,256,40720.339,5.922
2443,1,111133,256,40724.585,5.524
2443,2,111133,256,40728.738,5.524
2443,3,111133,256,40733.111,5.524
2443,4,111133,256,40737.153,5.524
2444,1,111134,256,40741.245,5.783
2444,2,111134,256,40745.317,5.783
2444,3,111134,256,40749.495,5.783
2444,4,111134,256,40753.624,5.783
2445,1,111135,256,40757.844,5.950
2445,2,111135,256,40762.079,5.950
2445,3,111135,256,40766.169,5.950
2445,4,111135,256,40770.430,5.950
2446,1,111136,256,40774.494,5.129
2446,2,111136,256,40778.684,5.129
2446,3,111136,256,40782.807,5.129
2446,4,111136,256,40787.014,5.129
2447,1,111137,256,40791.345,5.765
2447,2,111137,256,40795.527,5.765
2447,3,111137,256,40799.568,5.765
2447,4,111137,256,40803.630,5.765
2448,1,111138,256,40807.863,5.794
2448,2,111138,256,40812.055,5.794
2448,3,111138,256,40816.173,5.794
2448,4,111138,256,40820.339,5.794
2449,1,111139,256,40824.512,5.258
2449,2,111139,256,40828.663,5.258
2449,3,111139,256,40832.851,5.258
2449,4,111139,256,40837.161,5.258
2450,1,111140,256,40841.223,5.627
2450,2,111140,256,40845.358,5.627
2450,3,111140,256,40849.543,5.627
2450,4,111140,256,40853.616,5.627
2451,1,111141,256,40857.928,5.716
2451,2,111141,256,40862.119,5.716
2451,3,111141,256,40866.202,5.716
2451,4,111141,256,40870.389,5.716
2452,1,111142,256,40874.529,5.259
2452,2,111142,256,40878.673,5.259
2452,3,111142,256,40882.813,5.259
2452,4,111142,256,40887.098,5.259
2453,1,111143,256,40891.215,5.716
2453,2,111143,256,40895.434,5.716
2453,3,111143,256,40899.687,5.716
2453,4,111143,256,40903.798,5.716
2454,1,111144,256,40907.810,5.188
2454,2,111144,256,40911.984,5.188
2454,3,111144,256,40916.173,5.188
2454,4,111144,256,40920.365,5.188
2455,1,111145,256,40924.506,5.458
2455,2,111145,256,40928.629,5.458
2455,3,111145,256,40932.813,5.458
2455,4,111145,256,40936.990,5.458
2456,1,111146,256,40941.204,5.539
2456,2,111146,256,40945.398,5.539
2456,3,111146,256,40949.644,5.539
2456,4,111146,256,40953.703,5.539
2457,1,111147,256,40957.861,5.603
2457,2,111147,256,40962.028,5.603
2457,3,111147,256,40966.390,5.603
2457,4,111147,256,40970.446,5.603
2458,1,111148,256,40974.560,5.495
2458,2,111148,256,40978.710,5.495
2458,3,111148,256,40982.871,5.495
2458,4,111148,256,40986.969,5.495
2459,1,111149,256,40991.183,5.535
2459,2,111149,256,40995.311,5.535
2459,3,111149,256,40999.503,5.535
2459,4,111149,256,41003.617,5.535
2460,1,111150,256,41007.869,5.620
2460,2,111150,256,41012.061,5.620
2460,3,111150,256,41016.161,5.620
2460,4,111150,256,41020.342,5.620
2461,1,111151,256,41024.520,5.138
2461,2,111151,256,41028.671,5.138
2461,3,111151,256,41032.805,5.138
2461,4,111151,256,41036.989,5.138
2462,1,111152,256,41041.173,5.481
2462,2,111152,256,41045.401,5.481
2462,3,111152,256,41049.495,5.481
2462,4,111152,256,41053.824,5.481
2463,1,111153,256,41057.890,5.626
2463,2,111153,256,41062.185,5.626
2463,3,111153,256,41066.236,5.626
2463,4,111153,256,41070.302,5.626
2464,1,111154,256,41074.667,5.700
2464,2,111154,256,41078.684,5.700
2464,3,111154,256,41082.857,5.700
2464,4,111154,256,41086.979,5.700
2465,1,111155,256,41091.388,5.894
2465,2,111155,256,41096.284,5.894
2465,3,111155,256,41100.021,5.894
2465,4,111155,256,41104.010,5.894
2466,1,111156,256,41108.190,5.971
2466,2,111156,256,41112.302,5.971
2466,3,111156,256,41116.437,5.971
2466,4,111156,256,41120.596,5.971
2467,1,111157,256,41124.584,5.765
2467,2,111157,256,41128.695,5.765
2467,3,111157,256,41132.845,5.765
2467,4,111157,256,41137.239,5.765
2468,1,111158,256,41141.207,5.647
2468,2,111158,256,41145.369,5.647
2468,3,111158,256,41149.630,5.647
2468,4,111158,256,41153.696,5.647
2469,1,111159,256,41157.854,6.343
2469,2,111159,256,41161.989,6.343
2469,3,111159,256,41166.349,6.343
2469,4,111159,256,41170.575,6.343
2470,1,111160,256,41174.523,5.749
2470,2,111160,256,41178.702,5.749
2470,3,111160,256,41182.927,5.749
2470,4,111160,256,41187.082,5.749
2471,1,111161,256,41191.526,5.829
2471,2,111161,256,41195.636,5.829
2471,3,111161,256,41199.838,5.829
2471,4,111161,256,41203.995,5.829
2472,1,111162,256,41208.087,6.088
2472,2,111162,256,41212.312,6.088
2472,3,111162,256,41216.424,6.088
2472,4,111162,256,41220.631,6.088
2473,1,111163,256,41224.574,5.781
2473,2,111163,256,41228.690,5.781
2473,3,111163,256,41232.897,5.781
2473,4,111163,256,41237.194,5.781
2474,1,111164,256,41241.465,5.970
2474,2,111164,256,41245.777,5.970
2474,3,111164,256,41249.606,5.970
2474,4,111164,256,41253.773,5.970
2475,1,111165,256,41257.832,5.823
2475,2,111165,256,41262.196,5.823
2475,3,111165,256,41266.402,5.823
2475,4,111165,256,41270.415,5.823
2476,1,111166,256,41274.652,5.743
2476,2,111166,256,41278.949,5.743
2476,3,111166,256,41283.083,5.743
2476,4,111166,256,41287.202,5.743
2477,1,111167,256,41291.231,5.708
2477,2,111167,256,41295.455,5.708
2477,3,111167,256,41299.495,5.708
2477,4,111167,256,41303.662,5.708
2478,1,111168,256,41308.132,5.768
2478,2,111168,256,41312.147,5.768
2478,3,111168,256,41316.330,5.768
2478,4,111168,256,41320.424,5.768
2479,1,111169,256,41324.505,5.457
2479,2,111169,256,41328.654,5.457
2479,3,111169,256,41332.803,5.457
2479,4,111169,256,41337.010,5.457
2480,1,111170,256,41341.514,5.962
2480,2,111170,256,41345.322,5.962
2480,3,111170,256,41349.493,5.962
2480,4,111170,256,41353.695,5.962
2481,1,111171,256,41358.055,5.802
2481,2,111171,256,41362.065,5.802
2481,3,111171,256,41366.155,5.802
2481,4,111171,256,41370.360,5.802
2482,1,111172,256,41374.579,5.174
2482,2,111172,256,41378.636,5.174
2482,3,111172,256,41382.935,5.174
2482,4,111172,256,41387.148,5.174
2483,1,111173,256,41391.333,5.619
2483,2,111173,256,41395.345,5.619
2483,3,111173,256,41399.624,5.619
2483,4,111173,256,41403.657,5.619
2484,1,111174,256,41407.973,5.823
2484,2,111174,256,41411.964,5.823
2484,3,111174,256,41416.177,5.823
2484,4,111174,256,41420.289,5.823
2485,1,111175,256,41424.695,5.703
2485,2,111175,256,41428.704,5.703
2485,3,111175,256,41432.815,5.703
2485,4,111175,256,41437.007,5.703
2486,1,111176,256,41441.419,5.270
2486,2,111176,256,41445.312,5.270
2486,3,111176,256,41449.617,5.270
2486,4,111176,256,41453.636,5.270
2487,1,111177,256,41457.964,5.846
2487,2,111177,256,41462.047,5.846
2487,3,111177,256,41466.361,5.846
2487,4,111177,256,41470.451,5.846
2488,1,111178,256,41474.615,5.417
2488,2,111178,256,41478.679,5.417
2488,3,111178,256,41482.812,5.417
2488,4,111178,256,41486.994,5.417
2489,1,111179,256,41491.317,5.732
2489,2,111179,256,41495.310,5.732
2489,3,111179,256,41499.505,5.732
2489,4,111179,256,41503.655,5.732
2490,1,111180,256,41507.963,5.946
2490,2,111180,256,41512.199,5.946
2490,3,111180,256,41516.279,5.946
2490,4,111180,256,41520.330,5.946
2491,1,111181,256,41524.505,5.814
2491,2,111181,256,41528.653,5.814
2491,3,111181,256,41532.816,5.814
2491,4,111181,256,41536.991,5.814
2492,1,111182,256,41541.855,5.867
2492,2,111182,256,41545.497,5.867
2492,3,111182,256,41549.715,5.867
2492,4,111182,256,41553.794,5.867
2493,1,111183,256,41557.872,5.556
2493,2,111183,256,41561.976,5.556
2493,3,111183,256,41566.210,5.556
2493,4,111183,256,41570.366,5.556
2494,1,111184,256,41574.792,5.914
2494,2,111184,256,41578.806,5.914
2494,3,111184,256,41583.063,5.914
2494,4,111184,256,41587.118,5.914
2495,1,111185,256,41591.600,5.562
2495,2,111185,256,41595.664,5.562
2495,3,111185,256,41599.856,5.562
2495,4,111185,256,41604.013,5.562
2496,1,111186,256,41608.274,6.225
2496,2,111186,256,41612.277,6.225
2496,3,111186,256,41617.001,6.225
2496,4,111186,256,41620.788,6.225
2497,1,111187,256,41624.982,6.157
2497,2,111187,256,41628.857,6.157
2497,3,111187,256,41632.980,6.157
2497,4,111187,256,41637.229,6.157
2498,1,111188,256,41641.386,6.608
2498,2,111188,256,41645.495,6.608
2498,3,111188,256,41649.704,6.608
2498,4,111188,256,41653.759,6.608
2499,1,111189,256,41657.976,5.892
2499,2,111189,256,41661.985,5.892
2499,3,111189,256,41666.185,5.892
2499,4,111189,256,41670.320,5.892
2500,1,111190,256,41674.732,5.767
2500,2,111190,256,41678.685,5.767
2500,3,111190,256,41682.989,5.767
2500,4,111190,256,41686.990,5.767
2501,1,111191,256,41691.500,5.359
2501,2,111191,256,41695.471,5.359
2501,3,111191,256,41699.616,5.359
2501,4,111191,256,41703.726,5.359
2502,1,111192,256,41708.020,5.776
2502,2,111192,256,41712.036,5.776
2502,3,111192,256,41716.147,5.776
2502,4,111192,256,41720.339,5.776
2503,1,111193,256,41724.637,6.296
2503,2,111193,256,41728.669,6.296
2503,3,111193,256,41732.821,6.296
2503,4,111193,256,41737.054,6.296
2504,1,111194,256,41741.759,5.962
2504,2,111194,256,41745.485,5.962
2504,3,111194,256,41749.658,5.962
2504,4,111194,256,41753.691,5.962
2505,1,111195,256,41758.207,5.506
2505,2,111195,256,41762.228,5.506
2505,3,111195,256,41766.200,5.506
2505,4,111195,256,41770.356,5.506
2506,1,111196,256,41774.766,5.520
2506,2,111196,256,41778.697,5.520
2506,3,111196,256,41782.983,5.520
2506,4,111196,256,41787.007,5.520
2507,1,111197,256,41791.328,5.603
2507,2,111197,256,41795.319,5.603
2507,3,111197,256,41799.464,5.603
2507,4,111197,256,41803.666,5.603
2508,1,111198,256,41807.818,5.759
2508,2,111198,256,41811.966,5.759
2508,3,111198,256,41816.169,5.759
2508,4,111198,256,41820.333,5.759
2509,1,111199,256,41824.632,5.801
2509,2,111199,256,41828.652,5.801
2509,3,111199,256,41832.836,5.801
2509,4,111199,256,41837.151,5.801
2510,1,111200,256,41841.261,6.159
2510,2,111200,256,41845.313,6.159
2510,3,111200,256,41849.474,6.159
2510,4,111200,256,41853.677,6.159
2511,1,111201,256,41858.092,5.917
2511,2,111201,256,41862.000,5.917
2511,3,111201,256,41866.151,5.917
2511,4,111201,256,41870.487,5.917
2512,1,111202,256,41874.736,5.575
2512,2,111202,256,41878.718,5.575
2512,3,111202,256,41882.839,5.575
2512,4,111202,256,41887.013,5.575
2513,1,111203,256,41891.377,5.563
2513,2,111203,256,41895.388,5.563
2513,3,111203,256,41899.641,5.563
2513,4,111203,256,41903.668,5.563
2514,1,111204,256,41908.107,5.293
2514,2,111204,256,41912.079,5.293
2514,3,111204,256,41916.316,5.293
2514,4,111204,256,41920.336,5.293
2515,1,111205,256,41924.604,5.214
2515,2,111205,256,41928.630,5.214
2515,3,111205,256,41932.981,5.214
2515,4,111205,256,41937.120,5.214
2516,1,111206,256,41941.329,5.749
2516,2,111206,256,41945.314,5.749
2516,3,111206,256,41949.500,5.749
2516,4,111206,256,41953.685,5.749
2517,1,111207,256,41957.984,5.641
2517,2,111207,256,41962.018,5.641
2517,3,111207,256,41966.163,5.641
2517,4,111207,256,41970.352,5.641
2518,1,111208,256,41974.694,5.778
2518,2,111208,256,41978.726,5.778
2518,3,111208,256,41982.908,5.778
2518,4,111208,256,41986.977,5.778
2519,1,111209,256,41991.369,6.147
2519,2,111209,256,41995.534,6.147
2519,3,111209,256,41999.519,6.147
2519,4,111209,256,42003.663,6.147
2520,1,111210,256,42007.920,5.387
2520,2,111210,256,42012.413,5.387
2520,3,111210,256,42016.264,5.387
2520,4,111210,256,42020.336,5.387
2521,1,111211,256,42024.528,6.055
2521,2,111211,256,42028.637,6.055
2521,3,111211,256,42032.930,6.055
2521,4,111211,256,42036.986,6.055
2522,1,111212,256,42041.541,5.763
2522,2,111212,256,42045.318,5.763
2522,3,111212,256,42049.484,5.763
2522,4,111212,256,42053.845,5.763
2523,1,111213,256,42057.988,6.041
2523,2,111213,256,42062.203,6.041
2523,3,111213,256,42066.222,6.041
2523,4,111213,256,42070.365,6.041
2524,1,111214,256,42074.655,6.261
2524,2,111214,256,42078.681,6.261
2524,3,111214,256,42082.931,6.261
2524,4,111214,256,42087.060,6.261
2525,1,111215,256,42091.483,6.070
2525,2,111215,256,42095.501,6.070
2525,3,111215,256,42099.700,6.070
2525,4,111215,256,42103.835,6.070
2526,1,111216,256,42108.350,5.695
2526,2,111216,256,42112.008,5.695
2526,3,111216,256,42116.151,5.695
2526,4,111216,256,42120.368,5.695
2527,1,111217,256,42125.369,6.159
2527,2,111217,256,42129.348,6.159
2527,3,111217,256,42133.497,6.159
2527,4,111217,256,42137.357,6.159
2528,1,111218,256,42141.590,5.983
2528,2,111218,256,42145.628,5.983
2528,3,111218,256,42149.914,5.983
2528,4,111218,256,42154.004,5.983
2529,1,111219,256,42158.177,5.982
2529,2,111219,256,42162.171,5.982
2529,3,111219,256,42166.587,5.982
2529,4,111219,256,42170.751,5.982
2530,1,111220,256,42175.152,5.876
2530,2,111220,256,42179.074,5.876
2530,3,111220,256,42183.145,5.876
2530,4,111220,256,42187.353,5.876
2531,1,111221,256,42191.630,5.989
2531,2,111221,256,42195.701,5.989
2531,3,111221,256,42200.328,5.989
2531,4,111221,256,42204.276,5.989
2532,1,111222,256,42208.436,6.223
2532,2,111222,256,42212.480,6.223
2532,3,111222,256,42216.630,6.223
2532,4,111222,256,42220.799,6.223
2533,1,111223,256,42225.028,6.213
2533,2,111223,256,42229.335,6.213
2533,3,111223,256,42233.229,6.213
2533,4,111223,256,42237.402,6.213
2534,1,111224,256,42241.679,5.920
2534,2,111224,256,42245.855,5.920
2534,3,111224,256,42249.937,5.920
2534,4,111224,256,42253.922,5.920
2535,1,111225,256,42258.299,5.438
2535,2,111225,256,42262.260,5.438
2535,3,111225,256,42266.415,5.438
2535,4,111225,256,42270.405,5.438
2536,1,111226,256,42274.630,5.353
2536,2,111226,256,42279.827,5.353
2536,3,111226,256,42283.282,5.353
2536,4,111226,256,42287.394,5.353
2537,1,111227,256,42291.682,5.453
2537,2,111227,256,42295.804,5.453
2537,3,111227,256,42299.978,5.453
2537,4,111227,256,42304.042,5.453
2538,1,111228,256,42308.537,5.871
2538,2,111228,256,42312.451,5.871
2538,3,111228,256,42316.516,5.871
2538,4,111228,256,42320.638,5.871
2539,1,111229,256,42324.918,6.343
2539,2,111229,256,42328.814,6.343
2539,3,111229,256,42332.950,6.343
2539,4,111229,256,42337.258,6.343
2540,1,111230,256,42341.383,5.551
2540,2,111230,256,42345.415,5.551
2540,3,111230,256,42349.679,5.551
2540,4,111230,256,42353.905,5.551
2541,1,111231,256,42357.873,5.745
2541,2,111231,256,42362.037,5.745
2541,3,111231,256,42366.202,5.745
2541,4,111231,256,42370.509,5.745
2542,1,111232,256,42374.536,5.960
2542,2,111232,256,42378.646,5.960
2542,3,111232,256,42382.822,5.960
2542,4,111232,256,42386.970,5.960
2543,1,111233,256,42391.151,6.097
2543,2,111233,256,42395.412,6.097
2543,3,111233,256,42399.615,6.097
2543,4,111233,256,42403.672,6.097
2544,1,111234,256,42407.832,5.510
2544,2,111234,256,42411.961,5.510
2544,3,111234,256,42416.189,5.510
2544,4,111234,256,42420.344,5.510
2545,1,111235,256,42424.510,6.119
2545,2,111235,256,42428.641,6.119
2545,3,111235,256,42432.831,6.119
2545,4,111235,256,42437.112,6.119
2546,1,111236,256,42441.152,6.070
2546,2,111236,256,42445.309,6.070
2546,3,111236,256,42449.474,6.070
2546,4,111236,256,42453.657,6.070
2547,1,111237,256,42457.842,5.862
2547,2,111237,256,42462.160,5.862
2547,3,111237,256,42466.339,5.862
2547,4,111237,256,42470.457,5.862
2548,1,111238,256,42474.501,5.774
2548,2,111238,256,42478.725,5.774
2548,3,111238,256,42482.821,5.774
2548,4,111238,256,42487.001,5.774
2549,1,111239,256,42491.165,5.796
2549,2,111239,256,42495.368,5.796
2549,3,111239,256,42499.482,5.796
2549,4,111239,256,42503.673,5.796
2550,1,111240,256,42507.819,5.785
2550,2,111240,256,42511.964,5.785
2550,3,111240,256,42516.155,5.785
2550,4,111240,256,42520.335,5.785
2551,1,111241,256,42524.510,5.909
2551,2,111241,256,42528.637,5.909
2551,3,111241,256,42532.811,5.909
2551,4,111241,256,42536.970,5.909
2552,1,111242,256,42541.240,6.217
2552,2,111242,256,42545.365,6.217
2552,3,111242,256,42549.513,6.217
2552,4,111242,256,42553.635,6.217
2553,1,111243,256,42557.936,6.091
2553,2,111243,256,42562.035,6.091
2553,3,111243,256,42566.164,6.091
2553,4,111243,256,42570.359,6.091
2554,1,111244,256,42574.524,5.348
2554,2,111244,256,42578.644,5.348
2554,3,111244,256,42582.823,5.348
2554,4,111244,256,42587.195,5.348
2555,1,111245,256,42591.275,5.902
2555,2,111245,256,42595.606,5.902
2555,3,111245,256,42599.590,5.902
2555,4,111245,256,42603.839,5.902
2556,1,111246,256,42607.813,5.781
2556,2,111246,256,42611.977,5.781
2556,3,111246,256,42616.164,5.781
2556,4,111246,256,42620.495,5.781
2557,1,111247,256,42624.491,6.104
2557,2,111247,256,42628.967,6.104
2557,3,111247,256,42632.959,6.104
2557,4,111247,256,42637.205,6.104
2558,1,111248,256,42641.200,5.904
2558,2,111248,256,42645.346,5.904
2558,3,111248,256,42649.514,5.904
2558,4,111248,256,42653.704,5.904
2559,1,111249,256,42657.852,6.210
2559,2,111249,256,42661.997,6.210
2559,3,111249,256,42666.161,6.210
2559,4,111249,256,42670.368,6.210
2560,1,111250,256,42674.528,5.688
2560,2,111250,256,42678.855,5.688
2560,3,111250,256,42682.935,5.688
2560,4,111250,256,42686.975,5.688
2561,1,111251,256,42691.226,5.904
2561,2,111251,256,42695.442,5.904
2561,3,111251,256,42699.630,5.904
2561,4,111251,256,42703.673,5.904
2562,1,111252,256,42707.818,5.586
2562,2,111252,256,42712.016,5.586
2562,3,111252,256,42716.147,5.586
2562,4,111252,256,42720.348,5.586
2563,1,111253,256,42724.486,6.126
2563,2,111253,256,42728.648,6.126
2563,3,111253,256,42732.973,6.126
2563,4,111253,256,42737.088,6.126
2564,1,111254,256,42741.237,6.172
2564,2,111254,256,42745.440,6.172
2564,3,111254,256,42749.630,6.172
2564,4,111254,256,42753.698,6.172
2565,1,111255,256,42757.857,6.079
2565,2,111255,256,42761.974,6.079
2565,3,111255,256,42766.171,6.079
2565,4,111255,256,42770.378,6.079
2566,1,111256,256,42774.541,5.938
2566,2,111256,256,42778.747,5.938
2566,3,111256,256,42783.052,5.938
2566,4,111256,256,42787.199,5.938
2567,1,111257,256,42791.182,6.268
2567,2,111257,256,42795.336,6.268
2567,3,111257,256,42799.475,6.268
2567,4,111257,256,42803.662,6.268
2568,1,111258,256,42807.848,6.112
2568,2,111258,256,42811.974,6.112
2568,3,111258,256,42816.155,6.112
2568,4,111258,256,42820.396,6.112
2569,1,111259,256,42824.493,6.181
2569,2,111259,256,42828.708,6.181
2569,3,111259,256,42833.036,6.181
2569,4,111259,256,42837.121,6.181
2570,1,111260,256,42841.160,5.460
2570,2,111260,256,42845.312,5.460
2570,3,111260,256,42849.522,5.460
2570,4,111260,256,42853.693,5.460
2571,1,111261,256,42857.829,6.066
2571,2,111261,256,42861.999,6.066
2571,3,111261,256,42866.176,6.066
2571,4,111261,256,42870.367,6.066
2572,1,111262,256,42874.524,6.093
2572,2,111262,256,42878.702,6.093
2572,3,111262,256,42882.947,6.093
2572,4,111262,256,42886.991,6.093
2573,1,111263,256,42891.183,5.643
2573,2,111263,256,42895.424,5.643
2573,3,111263,256,42899.516,5.643
2573,4,111263,256,42903.672,5.643
2574,1,111264,256,42907.935,6.255
2574,2,111264,256,42912.076,6.255
2574,3,111264,256,42916.197,6.255
2574,4,111264,256,42920.392,6.255
2575,1,111265,256,42924.518,5.246
2575,2,111265,256,42928.658,5.246
2575,3,111265,256,42932.855,5.246
2575,4,111265,256,42937.119,5.246
2576,1,111266,256,42941.360,6.041
2576,2,111266,256,42945.323,6.041
2576,3,111266,256,42949.529,6.041
2576,4,111266,256,42953.645,6.041
2577,1,111267,256,42957.917,6.068
2577,2,111267,256,42962.085,6.068
2577,3,111267,256,42966.287,6.068
2577,4,111267,256,42970.389,6.068
2578,1,111268,256,42974.517,5.210
2578,2,111268,256,42978.849,5.210
2578,3,111268,256,42982.870,5.210
2578,4,111268,256,42987.024,5.210
2579,1,111269,256,42991.290,5.809
2579,2,111269,256,42995.456,5.809
2579,3,111269,256,42999.530,5.809
2579,4,111269,256,43003.698,5.809
2580,1,111270,256,43007.818,5.479
2580,2,111270,256,43012.002,5.479
2580,3,111270,256,43016.166,5.479
2580,4,111270,256,43020.522,5.479
2581,1,111271,256,43024.507,5.836
2581,2,111271,256,43028.651,5.836
2581,3,111271,256,43032.955,5.836
2581,4,111271,256,43037.011,5.836
2582,1,111272,256,43041.177,5.579
2582,2,111272,256,43045.338,5.579
2582,3,111272,256,43049.569,5.579
2582,4,111272,256,43053.707,5.579
2583,1,111273,256,43058.024,5.589
2583,2,111273,256,43062.389,5.589
2583,3,111273,256,43066.573,5.589
2583,4,111273,256,43070.526,5.589
2584,1,111274,256,43074.858,5.804
2584,2,111274,256,43078.773,5.804
2584,3,111274,256,43082.933,5.804
2584,4,111274,256,43087.239,5.804
2585,1,111275,256,43091.332,5.906
2585,2,111275,256,43095.466,5.906
2585,3,111275,256,43099.646,5.906
2585,4,111275,256,43103.658,5.906
2586,1,111276,256,43107.888,5.350
2586,2,111276,256,43112.058,5.350
2586,3,111276,256,43116.285,5.350
2586,4,111276,256,43120.392,5.350
2587,1,111277,256,43124.553,5.303
2587,2,111277,256,43128.741,5.303
2587,3,111277,256,43132.907,5.303
2587,4,111277,256,43137.014,5.303
2588,1,111278,256,43141.247,5.201
2588,2,111278,256,43145.595,5.201
2588,3,111278,256,43149.542,5.201
2588,4,111278,256,43153.667,5.201
2589,1,111279,256,43157.897,5.154
2589,2,111279,256,43162.124,5.154
2589,3,111279,256,43166.303,5.154
2589,4,111279,256,43170.372,5.154
2590,1,111280,256,43174.580,5.355
2590,2,111280,256,43178.975,5.355
2590,3,111280,256,43183.065,5.355
2590,4,111280,256,43187.112,5.355
2591,1,111281,256,43191.319,6.244
2591,2,111281,256,43195.452,6.244
2591,3,111281,256,43199.558,6.244
2591,4,111281,256,43203.680,6.244
2592,1,111282,256,43208.379,5.315
2592,2,111282,256,43212.264,5.315
2592,3,111282,256,43216.283,5.315
2592,4,111282,256,43220.459,5.315
2593,1,111283,256,43224.645,5.861
2593,2,111283,256,43228.770,5.861
2593,3,111283,256,43232.941,5.861
2593,4,111283,256,43237.107,5.861
2594,1,111284,256,43241.289,5.737
2594,2,111284,256,43245.512,5.737
2594,3,111284,256,43249.707,5.737
2594,4,111284,256,43253.991,5.737
2595,1,111285,256,43257.890,5.430
2595,2,111285,256,43262.032,5.430
2595,3,111285,256,43266.179,5.430
2595,4,111285,256,43270.363,5.430
2596,1,111286,256,43274.808,6.364
2596,2,111286,256,43278.967,6.364
2596,3,111286,256,43282.968,6.364
2596,4,111286,256,43287.344,6.364
2597,1,111287,256,43291.312,6.442
2597,2,111287,256,43295.476,6.442
2597,3,111287,256,43299.570,6.442
2597,4,111287,256,43303.793,6.442
2598,1,111288,256,43308.651,6.439
2598,2,111288,256,43312.143,6.439
2598,3,111288,256,43316.268,6.439
2598,4,111288,256,43320.543,6.439
2599,1,111289,256,43324.567,6.118
2599,2,111289,256,43329.457,6.118
2599,3,111289,256,43332.911,6.118
2599,4,111289,256,43337.270,6.118
2600,1,111290,256,43341.311,5.864
2600,2,111290,256,43345.495,5.864
2600,3,111290,256,43349.565,5.864
2600,4,111290,256,43353.743,5.864
2601,1,111291,256,43357.847,5.630
2601,2,111291,256,43362.655,5.630
2601,3,111291,256,43366.251,5.630
2601,4,111291,256,43370.390,5.630
2602,1,111292,256,43374.531,5.851
2602,2,111292,256,43378.781,5.851
2602,3,111292,256,43383.059,5.851
2602,4,111292,256,43387.136,5.851
2603,1,111293,256,43391.384,5.893
2603,2,111293,256,43395.455,5.893
2603,3,111293,256,43399.729,5.893
2603,4,111293,256,43403.662,5.893
2604,1,111294,256,43407.867,5.392
2604,2,111294,256,43412.077,5.392
2604,3,111294,256,43416.214,5.392
2604,4,111294,256,43420.336,5.392
2605,1,111295,256,43424.538,5.430
2605,2,111295,256,43428.701,5.430
2605,3,111295,256,43432.896,5.430
2605,4,111295,256,43436.981,5.430
2606,1,111296,256,43441.169,5.091
2606,2,111296,256,43445.395,5.091
2606,3,111296,256,43449.510,5.091
2606,4,111296,256,43453.633,5.091
2607,1,111297,256,43457.808,5.219
2607,2,111297,256,43462.126,5.219
2607,3,111297,256,43466.162,5.219
2607,4,111297,256,43470.348,5.219
2608,1,111298,256,43474.476,5.500
2608,2,111298,256,43478.637,5.500
2608,3,111298,256,43482.961,5.500
2608,4,111298,256,43487.128,5.500
2609,1,111299,256,43491.160,5.636
2609,2,111299,256,43495.618,5.636
2609,3,111299,256,43499.628,5.636
2609,4,111299,256,43503.662,5.636
2610,1,111300,256,43508.220,5.638
2610,2,111300,256,43512.050,5.638
2610,3,111300,256,43516.183,5.638
2610,4,111300,256,43520.321,5.638
2611,1,111301,256,43524.662,5.267
2611,2,111301,256,43528.811,5.267
2611,3,111301,256,43533.096,5.267
2611,4,111301,256,43537.050,5.267
2612,1,111302,256,43541.390,6.061
2612,2,111302,256,43545.526,6.061
2612,3,111302,256,43549.585,6.061
2612,4,111302,256,43553.660,6.061
2613,1,111303,256,43557.912,6.174
2613,2,111303,256,43562.332,6.174
2613,3,111303,256,43566.323,6.174
2613,4,111303,256,43570.522,6.174
2614,1,111304,256,43574.556,5.876
2614,2,111304,256,43579.228,5.876
2614,3,111304,256,43583.066,5.876
2614,4,111304,256,43587.139,5.876
2615,1,111305,256,43591.282,5.518
2615,2,111305,256,43595.463,5.518
2615,3,111305,256,43599.713,5.518
2615,4,111305,256,43603.751,5.518
2616,1,111306,256,43607.928,5.812
2616,2,111306,256,43612.214,5.812
2616,3,111306,256,43616.266,5.812
2616,4,111306,256,43620.605,5.812
2617,1,111307,256,43624.618,5.754
2617,2,111307,256,43628.848,5.754
2617,3,111307,256,43633.369,5.754
2617,4,111307,256,43637.159,5.754
2618,1,111308,256,43641.329,5.694
2618,2,111308,256,43645.497,5.694
2618,3,111308,256,43649.752,5.694
2618,4,111308,256,43653.962,5.694
2619,1,111309,256,43657.986,6.281
2619,2,111309,256,43662.138,6.281
2619,3,111309,256,43666.281,6.281
2619,4,111309,256,43670.584,6.281
2620,1,111310,256,43674.550,6.502
2620,2,111310,256,43678.746,6.502
2620,3,111310,256,43682.931,6.502
2620,4,111310,256,43687.201,6.502
2621,1,111311,256,43691.192,6.332
2621,2,111311,256,43695.395,6.332
2621,3,111311,256,43699.532,6.332
2621,4,111311,256,43703.661,6.332
2622,1,111312,256,43707.894,5.713
2622,2,111312,256,43712.185,5.713
2622,3,111312,256,43716.164,5.713
2622,4,111312,256,43720.346,5.713
2623,1,111313,256,43724.484,5.146
2623,2,111313,256,43728.651,5.146
2623,3,111313,256,43732.821,5.146
2623,4,111313,256,43737.122,5.146
2624,1,111314,256,43741.203,5.745
2624,2,111314,256,43745.355,5.745
2624,3,111314,256,43749.492,5.745
2624,4,111314,256,43753.644,5.745
2625,1,111315,256,43757.927,6.133
2625,2,111315,256,43762.091,6.133
2625,3,111315,256,43766.177,6.133
2625,4,111315,256,43770.330,6.133
2626,1,111316,256,43774.620,5.572
2626,2,111316,256,43778.727,5.572
2626,3,111316,256,43782.827,5.572
2626,4,111316,256,43786.974,5.572
2627,1,111317,256,43791.137,5.486
2627,2,111317,256,43795.517,5.486
2627,3,111317,256,43799.492,5.486
2627,4,111317,256,43803.650,5.486
2628,1,111318,256,43807.882,6.056
2628,2,111318,256,43812.051,6.056
2628,3,111318,256,43816.164,6.056
2628,4,111318,256,43820.349,6.056
2629,1,111319,256,43824.549,5.603
2629,2,111319,256,43828.659,5.603
2629,3,111319,256,43832.821,5.603
2629,4,111319,256,43837.213,5.603
2630,1,111320,256,43841.183,5.839
2630,2,111320,256,43845.464,5.839
2630,3,111320,256,43849.502,5.839
2630,4,111320,256,43853.720,5.839
2631,1,111321,256,43857.834,5.769
2631,2,111321,256,43862.416,5.769
2631,3,111321,256,43866.211,5.769
2631,4,111321,256,43870.478,5.769
2632,1,111322,256,43874.490,5.858
2632,2,111322,256,43878.652,5.858
2632,3,111322,256,43882.837,5.858
2632,4,111322,256,43886.982,5.858
2633,1,111323,256,43891.180,5.770
2633,2,111323,256,43895.327,5.770
2633,3,111323,256,43899.511,5.770
2633,4,111323,256,43903.670,5.770
2634,1,111324,256,43907.980,5.663
2634,2,111324,256,43912.256,5.663
2634,3,111324,256,43916.364,5.663
2634,4,111324,256,43920.376,5.663
2635,1,111325,256,43924.527,5.444
2635,2,111325,256,43928.662,5.444
2635,3,111325,256,43932.870,5.444
2635,4,111325,256,43936.999,5.444
2636,1,111326,256,43941.261,5.929
2636,2,111326,256,43945.414,5.929
2636,3,111326,256,43949.501,5.929
2636,4,111326,256,43953.803,5.929
2637,1,111327,256,43958.120,5.430
2637,2,111327,256,43962.230,5.430
2637,3,111327,256,43966.296,5.430
2637,4,111327,256,43970.362,5.430
2638,1,111328,256,43974.647,5.369
2638,2,111328,256,43978.757,5.369
2638,3,111328,256,43982.937,5.369
2638,4,111328,256,43987.151,5.369
2639,1,111329,256,43991.385,5.770
2639,2,111329,256,43995.463,5.770
2639,3,111329,256,43999.543,5.770
2639,4,111329,256,44003.694,5.770
2640,1,111330,256,44007.982,5.282
2640,2,111330,256,44012.031,5.282
2640,3,111330,256,44016.161,5.282
2640,4,111330,256,44020.441,5.282
2641,1,111331,256,44024.963,6.158
2641,2,111331,256,44028.661,6.158
2641,3,111331,256,44032.817,6.158
2641,4,111331,256,44037.024,6.158
2642,1,111332,256,44041.536,6.212
2642,2,111332,256,44045.323,6.212
2642,3,111332,256,44049.495,6.212
2642,4,111332,256,44053.684,6.212
2643,1,111333,256,44058.097,5.770
2643,2,111333,256,44062.233,5.770
2643,3,111333,256,44066.326,5.770
2643,4,111333,256,44070.567,5.770
2644,1,111334,256,44074.552,6.351
2644,2,111334,256,44078.688,6.351
2644,3,111334,256,44082.853,6.351
2644,4,111334,256,44087.236,6.351
2645,1,111335,256,44091.213,6.542
2645,2,111335,256,44095.330,6.542
2645,3,111335,256,44099.703,6.542
2645,4,111335,256,44103.723,6.542
2646,1,111336,256,44107.936,6.062
2646,2,111336,256,44112.106,6.062
2646,3,111336,256,44116.325,6.062
2646,4,111336,256,44120.445,6.062
2647,1,111337,256,44124.646,6.106
2647,2,111337,256,44128.765,6.106
2647,3,111337,256,44133.195,6.106
2647,4,111337,256,44137.002,6.106
2648,1,111338,256,44141.266,5.790
2648,2,111338,256,44145.431,5.790
2648,3,111338,256,44149.640,5.790
2648,4,111338,256,44153.686,5.790
2649,1,111339,256,44157.885,5.295
2649,2,111339,256,44162.214,5.295
2649,3,111339,256,44166.354,5.295
2649,4,111339,256,44170.371,5.295
2650,1,111340,256,44174.502,6.086
2650,2,111340,256,44178.693,6.086
2650,3,111340,256,44183.187,6.086
2650,4,111340,256,44188.016,6.086
2651,1,111341,256,44191.401,6.391
2651,2,111341,256,44195.372,6.391
2651,3,111341,256,44199.494,6.391
2651,4,111341,256,44203.673,6.391
2652,1,111342,256,44208.030,6.838
2652,2,111342,256,44212.253,6.838
2652,3,111342,256,44216.493,6.838
2652,4,111342,256,44220.526,6.838
2653,1,111343,256,44224.631,5.910
2653,2,111343,256,44228.831,5.910
2653,3,111343,256,44232.989,5.910
2653,4,111343,256,44237.224,5.910
2654,1,111344,256,44241.274,5.537
2654,2,111344,256,44245.594,5.537
2654,3,111344,256,44249.641,5.537
2654,4,111344,256,44253.783,5.537
2655,1,111345,256,44257.984,5.569
2655,2,111345,256,44262.164,5.569
2655,3,111345,256,44266.284,5.569
2655,4,111345,256,44270.426,5.569
2656,1,111346,256,44274.658,6.191
2656,2,111346,256,44278.739,6.191
2656,3,111346,256,44282.914,6.191
2656,4,111346,256,44287.191,6.191
2657,1,111347,256,44291.350,5.507
2657,2,111347,256,44295.478,5.507
2657,3,111347,256,44299.552,5.507
2657,4,111347,256,44303.684,5.507
2658,1,111348,256,44307.875,5.742
2658,2,111348,256,44311.998,5.742
2658,3,111348,256,44316.185,5.742
2658,4,111348,256,44320.333,5.742
2659,1,111349,256,44324.743,5.843
2659,2,111349,256,44328.880,5.843
2659,3,111349,256,44333.001,5.843
2659,4,111349,256,44337.318,5.843
2660,1,111350,256,44341.279,6.540
2660,2,111350,256,44345.425,6.540
2660,3,111350,256,44349.579,6.540
2660,4,111350,256,44353.771,6.540
2661,1,111351,256,44358.075,6.197
2661,2,111351,256,44362.115,6.197
2661,3,111351,256,44366.187,6.197
2661,4,111351,256,44370.385,6.197
2662,1,111352,256,44374.657,5.463
2662,2,111352,256,44378.664,5.463
2662,3,111352,256,44382.957,5.463
2662,4,111352,256,44387.132,5.463
2663,1,111353,256,44391.243,5.870
2663,2,111353,256,44395.443,5.870
2663,3,111353,256,44399.647,5.870
2663,4,111353,256,44403.659,5.870
2664,1,111354,256,44407.895,5.192
2664,2,111354,256,44412.082,5.192
2664,3,111354,256,44416.344,5.192
2664,4,111354,256,44420.353,5.192
2665,1,111355,256,44424.524,5.625
2665,2,111355,256,44428.663,5.625
2665,3,111355,256,44432.844,5.625
2665,4,111355,256,44437.117,5.625
2666,1,111356,256,44441.175,5.779
2666,2,111356,256,44445.432,5.779
2666,3,111356,256,44449.556,5.779
2666,4,111356,256,44453.686,5.779
2667,1,111357,256,44458.040,5.288
2667,2,111357,256,44462.006,5.288
2667,3,111357,256,44466.202,5.288
2667,4,111357,256,44470.356,5.288
2668,1,111358,256,44474.508,5.862
2668,2,111358,256,44478.700,5.862
2668,3,111358,256,44482.829,5.862
2668,4,111358,256,44487.070,5.862
2669,1,111359,256,44491.328,6.085
2669,2,111359,256,44495.470,6.085
2669,3,111359,256,44499.807,6.085
2669,4,111359,256,44503.681,6.085
2670,1,111360,256,44507.847,5.481
2670,2,111360,256,44512.252,5.481
2670,3,111360,256,44516.183,5.481
2670,4,111360,256,44520.357,5.481
2671,1,111361,256,44524.534,5.901
2671,2,111361,256,44528.656,5.901
2671,3,111361,256,44532.829,5.901
2671,4,111361,256,44537.105,5.901
2672,1,111362,256,44541.457,5.819
2672,2,111362,256,44545.423,5.819
2672,3,111362,256,44549.518,5.819
2672,4,111362,256,44553.694,5.819
2673,1,111363,256,44557.898,5.855
2673,2,111363,256,44561.986,5.855
2673,3,111363,256,44566.194,5.855
2673,4,111363,256,44570.344,5.855
2674,1,111364,256,44574.595,6.182
2674,2,111364,256,44578.689,6.182
2674,3,111364,256,44582.935,6.182
2674,4,111364,256,44587.225,6.182
2675,1,111365,256,44591.435,5.883
2675,2,111365,256,44595.418,5.883
2675,3,111365,256,44599.594,5.883
2675,4,111365,256,44603.872,5.883
2676,1,111366,256,44608.102,5.776
2676,2,111366,256,44612.206,5.776
2676,3,111366,256,44616.296,5.776
2676,4,111366,256,44620.389,5.776
2677,1,111367,256,44624.762,5.701
2677,2,111367,256,44628.838,5.701
2677,3,111367,256,44633.152,5.701
2677,4,111367,256,44637.117,5.701
2678,1,111368,256,44641.397,5.875
2678,2,111368,256,44645.477,5.875
2678,3,111368,256,44649.627,5.875
2678,4,111368,256,44653.683,5.875
2679,1,111369,256,44657.957,5.715
2679,2,111369,256,44662.018,5.715
2679,3,111369,256,44666.359,5.715
2679,4,111369,256,44670.370,5.715
2680,1,111370,256,44674.665,5.709
2680,2,111370,256,44678.672,5.709
2680,3,111370,256,44682.885,5.709
2680,4,111370,256,44687.157,5.709
2681,1,111371,256,44691.407,5.826
2681,2,111371,256,44695.433,5.826
2681,3,111371,256,44699.529,5.826
2681,4,111371,256,44703.690,5.826
2682,1,111372,256,44708.033,5.526
2682,2,111372,256,44712.044,5.526
2682,3,111372,256,44716.163,5.526
2682,4,111372,256,44720.349,5.526
2683,1,111373,256,44724.644,5.917
2683,2,111373,256,44728.647,5.917
2683,3,111373,256,44732.836,5.917
2683,4,111373,256,44737.143,5.917
2684,1,111374,256,44741.359,6.138
2684,2,111374,256,44745.433,6.138
2684,3,111374,256,44749.561,6.138
2684,4,111374,256,44753.679,6.138
2685,1,111375,256,44758.072,5.676
2685,2,111375,256,44762.119,5.676
2685,3,111375,256,44766.316,5.676
2685,4,111375,256,44770.374,5.676
2686,1,111376,256,44774.576,5.535
2686,2,111376,256,44778.734,5.535
2686,3,111376,256,44782.852,5.535
2686,4,111376,256,44787.199,5.535
2687,1,111377,256,44791.419,5.613
2687,2,111377,256,44795.356,5.613
2687,3,111377,256,44799.483,5.613
2687,4,111377,256,44803.680,5.613
2688,1,111378,256,44807.831,6.032
2688,2,111378,256,44812.002,6.032
2688,3,111378,256,44816.157,6.032
2688,4,111378,256,44820.344,6.032
2689,1,111379,256,44824.578,6.015
2689,2,111379,256,44828.651,6.015
2689,3,111379,256,44832.815,6.015
2689,4,111379,256,44837.180,6.015
2690,1,111380,256,44841.357,6.098
2690,2,111380,256,44845.330,6.098
2690,3,111380,256,44849.481,6.098
2690,4,111380,256,44853.710,6.098
2691,1,111381,256,44858.027,6.178
2691,2,111381,256,44861.989,6.178
2691,3,111381,256,44866.167,6.178
2691,4,111381,256,44870.457,6.178
2692,1,111382,256,44874.821,5.936
2692,2,111382,256,44878.815,5.936
2692,3,111382,256,44883.336,5.936
2692,4,111382,256,44887.209,5.936
2693,1,111383,256,44891.504,5.441
2693,2,111383,256,44895.503,5.441
2693,3,111383,256,44899.661,5.441
2693,4,111383,256,44903.667,5.441
2694,1,111384,256,44908.015,5.832
2694,2,111384,256,44912.082,5.832
2694,3,111384,256,44916.225,5.832
2694,4,111384,256,44920.388,5.832
2695,1,111385,256,44924.695,5.327
2695,2,111385,256,44928.701,5.327
2695,3,111385,256,44933.069,5.327
2695,4,111385,256,44937.097,5.327
2696,1,111386,256,44941.471,5.484
2696,2,111386,256,44945.424,5.484
2696,3,111386,256,44949.527,5.484
2696,4,111386,256,44953.662,5.484
2697,1,111387,256,44958.045,5.282
2697,2,111387,256,44962.084,5.282
2697,3,111387,256,44966.180,5.282
2697,4,111387,256,44970.379,5.282
2698,1,111388,256,44974.668,6.044
2698,2,111388,256,44978.721,6.044
2698,3,111388,256,44982.861,6.044
2698,4,111388,256,44987.199,6.044
2699,1,111389,256,44991.368,5.778
2699,2,111389,256,44995.565,5.778
2699,3,111389,256,44999.570,5.778
2699,4,111389,256,45003.696,5.778
2700,1,111390,256,45007.975,5.184
2700,2,111390,256,45012.082,5.184
2700,3,111390,256,45016.189,5.184
2700,4,111390,256,45020.377,5.184
2701,1,111391,256,45024.592,5.832
2701,2,111391,256,45028.737,5.832
2701,3,111391,256,45032.892,5.832
2701,4,111391,256,45037.137,5.832
2702,1,111392,256,45041.433,5.273
2702,2,111392,256,45045.435,5.273
2702,3,111392,256,45049.508,5.273
2702,4,111392,256,45053.690,5.273
2703,1,111393,256,45058.178,5.433
2703,2,111393,256,45062.115,5.433
2703,3,111393,256,45066.251,5.433
2703,4,111393,256,45070.438,5.433
2704,1,111394,256,45075.197,5.458
2704,2,111394,256,45078.721,5.458
2704,3,111394,256,45082.953,5.458
2704,4,111394,256,45087.077,5.458
2705,1,111395,256,45091.357,5.637
2705,2,111395,256,45095.493,5.637
2705,3,111395,256,45099.600,5.637
2705,4,111395,256,45103.824,5.637
2706,1,111396,256,45108.150,5.532
2706,2,111396,256,45112.070,5.532
2706,3,111396,256,45116.198,5.532
2706,4,111396,256,45120.327,5.532
2707,1,111397,256,45124.723,5.760
2707,2,111397,256,45128.670,5.760
2707,3,111397,256,45133.056,5.760
2707,4,111397,256,45137.512,5.760
2708,1,111398,256,45141.587,5.341
2708,2,111398,256,45145.719,5.341
2708,3,111398,256,45149.922,5.341
2708,4,111398,256,45153.912,5.341
2709,1,111399,256,45158.262,5.487
2709,2,111399,256,45162.232,5.487
2709,3,111399,256,45166.242,5.487
2709,4,111399,256,45170.362,5.487
2710,1,111400,256,45174.705,5.422
2710,2,111400,256,45178.667,5.422
2710,3,111400,256,45183.011,5.422
2710,4,111400,256,45187.015,5.422
2711,1,111401,256,45191.421,5.638
2711,2,111401,256,45195.458,5.638
2711,3,111401,256,45199.635,5.638
2711,4,111401,256,45203.678,5.638
2712,1,111402,256,45207.934,5.630
2712,2,111402,256,45212.167,5.630
2712,3,111402,256,45216.190,5.630
2712,4,111402,256,45220.545,5.630
2713,1,111403,256,45224.805,6.037
2713,2,111403,256,45229.116,6.037
2713,3,111403,256,45233.136,6.037
2713,4,111403,256,45237.057,6.037
2714,1,111404,256,45241.708,5.751
2714,2,111404,256,45245.477,5.751
2714,3,111404,256,45249.609,5.751
2714,4,111404,256,45253.760,5.751
2715,1,111405,256,45258.084,5.535
2715,2,111405,256,45262.302,5.535
2715,3,111405,256,45266.256,5.535
2715,4,111405,256,45270.371,5.535
2716,1,111406,256,45274.610,5.802
2716,2,111406,256,45278.758,5.802
2716,3,111406,256,45283.035,5.802
2716,4,111406,256,45287.170,5.802
2717,1,111407,256,45291.313,5.741
2717,2,111407,256,45295.355,5.741
2717,3,111407,256,45299.523,5.741
2717,4,111407,256,45303.830,5.741
2718,1,111408,256,45308.059,6.112
2718,2,111408,256,45312.077,6.112
2718,3,111408,256,45316.186,6.112
2718,4,111408,256,45320.545,6.112
2719,1,111409,256,45324.652,6.060
2719,2,111409,256,45328.683,6.060
2719,3,111409,256,45332.842,6.060
2719,4,111409,256,45337.274,6.060
2720,1,111410,256,45341.459,6.102
2720,2,111410,256,45345.509,6.102
2720,3,111410,256,45349.536,6.102
2720,4,111410,256,45353.677,6.102
2721,1,111411,256,45358.071,5.644
2721,2,111411,256,45362.253,5.644
2721,3,111411,256,45366.323,5.644
2721,4,111411,256,45370.379,5.644
2722,1,111412,256,45374.680,5.151
2722,2,111412,256,45378.736,5.151
2722,3,111412,256,45383.020,5.151
2722,4,111412,256,45387.082,5.151
2723,1,111413,256,45391.411,5.220
2723,2,111413,256,45395.463,5.220
2723,3,111413,256,45399.583,5.220
2723,4,111413,256,45403.687,5.220
2724,1,111414,256,45408.546,5.583
2724,2,111414,256,45412.107,5.583
2724,3,111414,256,45416.332,5.583
2724,4,111414,256,45420.392,5.583
2725,1,111415,256,45424.656,5.912
2725,2,111415,256,45428.664,5.912
2725,3,111415,256,45433.051,5.912
2725,4,111415,256,45436.992,5.912
2726,1,111416,256,45441.328,5.858
2726,2,111416,256,45445.351,5.858
2726,3,111416,256,45449.493,5.858
2726,4,111416,256,45453.639,5.858
2727,1,111417,256,45458.033,5.807
2727,2,111417,256,45462.186,5.807
2727,3,111417,256,45466.169,5.807
2727,4,111417,256,45470.316,5.807
2728,1,111418,256,45474.720,5.374
2728,2,111418,256,45478.768,5.374
2728,3,111418,256,45482.880,5.374
2728,4,111418,256,45487.157,5.374
2729,1,111419,256,45491.351,5.221
2729,2,111419,256,45495.352,5.221
2729,3,111419,256,45499.504,5.221
2729,4,111419,256,45503.664,5.221
2730,1,111420,256,45508.090,6.104
2730,2,111420,256,45512.029,6.104
2730,3,111420,256,45516.309,6.104
2730,4,111420,256,45520.365,6.104
2731,1,111421,256,45524.519,5.536
2731,2,111421,256,45528.658,5.536
2731,3,111421,256,45532.824,5.536
2731,4,111421,256,45537.063,5.536
2732,1,111422,256,45541.373,5.780
2732,2,111422,256,45545.403,5.780
2732,3,111422,256,45549.509,5.780
2732,4,111422,256,45553.657,5.780
2733,1,111423,256,45558.077,5.615
2733,2,111423,256,45562.053,5.615
2733,3,111423,256,45566.263,5.615
2733,4,111423,256,45570.527,5.615
2734,1,111424,256,45574.765,5.803
2734,2,111424,256,45579.392,5.803
2734,3,111424,256,45583.160,5.803
2734,4,111424,256,45587.168,5.803
2735,1,111425,256,45591.625,5.902
2735,2,111425,256,45595.665,5.902
2735,3,111425,256,45599.628,5.902
2735,4,111425,256,45603.937,5.902
2736,1,111426,256,45608.090,5.696
2736,2,111426,256,45612.144,5.696
2736,3,111426,256,45616.251,5.696
2736,4,111426,256,45620.492,5.696
2737,1,111427,256,45624.791,6.325
2737,2,111427,256,45628.889,6.325
2737,3,111427,256,45633.049,6.325
2737,4,111427,256,45637.336,6.325
2738,1,111428,256,45641.466,5.630
2738,2,111428,256,45645.502,5.630
2738,3,111428,256,45649.650,5.630
2738,4,111428,256,45653.736,5.630
2739,1,111429,256,45658.132,6.173
2739,2,111429,256,45662.137,6.173
2739,3,111429,256,45666.216,6.173
2739,4,111429,256,45670.361,6.173
2740,1,111430,256,45674.677,5.441
2740,2,111430,256,45678.779,5.441
2740,3,111430,256,45682.881,5.441
2740,4,111430,256,45687.099,5.441
2741,1,111431,256,45691.327,5.317
2741,2,111431,256,45695.413,5.317
2741,3,111431,256,45699.569,5.317
2741,4,111431,256,45703.676,5.317
2742,1,111432,256,45708.078,5.303
2742,2,111432,256,45712.243,5.303
2742,3,111432,256,45716.183,5.303
2742,4,111432,256,45720.469,5.303
2743,1,111433,256,45724.619,5.491
2743,2,111433,256,45728.757,5.491
2743,3,111433,256,45732.880,5.491
2743,4,111433,256,45737.072,5.491
2744,1,111434,256,45741.399,5.462
2744,2,111434,256,45745.410,5.462
2744,3,111434,256,45749.539,5.462
2744,4,111434,256,45753.686,5.462
2745,1,111435,256,45757.995,5.215
2745,2,111435,256,45762.104,5.215
2745,3,111435,256,45766.201,5.215
2745,4,111435,256,45770.393,5.215
2746,1,111436,256,45774.977,5.663
2746,2,111436,256,45778.682,5.663
2746,3,111436,256,45782.868,5.663
2746,4,111436,256,45787.105,5.663
2747,1,111437,256,45791.547,6.282
2747,2,111437,256,45795.553,6.282
2747,3,111437,256,45799.605,6.282
2747,4,111437,256,45803.736,6.282
2748,1,111438,256,45808.116,5.670
2748,2,111438,256,45812.293,5.670
2748,3,111438,256,45816.236,5.670
2748,4,111438,256,45820.390,5.670
2749,1,111439,256,45824.637,5.722
2749,2,111439,256,45828.685,5.722
2749,3,111439,256,45832.861,5.722
2749,4,111439,256,45837.190,5.722
2750,1,111440,256,45841.325,5.614
2750,2,111440,256,45845.428,5.614
2750,3,111440,256,45849.558,5.614
2750,4,111440,256,45853.714,5.614
2751,1,111441,256,45857.976,5.168
2751,2,111441,256,45862.090,5.168
2751,3,111441,256,45866.174,5.168
2751,4,111441,256,45870.378,5.168
2752,1,111442,256,45874.505,5.552
2752,2,111442,256,45878.659,5.552
2752,3,111442,256,45882.883,5.552
2752,4,111442,256,45887.161,5.552
2753,1,111443,256,45891.291,5.963
2753,2,111443,256,45895.519,5.963
2753,3,111443,256,45899.701,5.963
2753,4,111443,256,45903.658,5.963
2754,1,111444,256,45907.934,5.447
2754,2,111444,256,45912.224,5.447
2754,3,111444,256,45916.196,5.447
2754,4,111444,256,45920.363,5.447
2755,1,111445,256,45924.501,5.707
2755,2,111445,256,45928.666,5.707
2755,3,111445,256,45932.872,5.707
2755,4,111445,256,45937.036,5.707
2756,1,111446,256,45941.284,6.113
2756,2,111446,256,45945.406,6.113
2756,3,111446,256,45949.508,6.113
2756,4,111446,256,45953.722,6.113
2757,1,111447,256,45957.861,5.318
2757,2,111447,256,45962.134,5.318
2757,3,111447,256,45966.204,5.318
2757,4,111447,256,45970.405,5.318
2758,1,111448,256,45974.522,6.116
2758,2,111448,256,45978.693,6.116
2758,3,111448,256,45982.859,6.116
2758,4,111448,256,45987.074,6.116
2759,1,111449,256,45991.335,5.918
2759,2,111449,256,45995.534,5.918
2759,3,111449,256,45999.581,5.918
2759,4,111449,256,46003.701,5.918
2760,1,111450,256,46007.879,5.464
2760,2,111450,256,46012.050,5.464
2760,3,111450,256,46016.226,5.464
2760,4,111450,256,46020.404,5.464
2761,1,111451,256,46024.550,5.787
2761,2,111451,256,46028.671,5.787
2761,3,111451,256,46032.825,5.787
2761,4,111451,256,46037.153,5.787
2762,1,111452,256,46041.268,6.060
2762,2,111452,256,46045.389,6.060
2762,3,111452,256,46049.521,6.060
2762,4,111452,256,46053.832,6.060
2763,1,111453,256,46058.094,5.202
2763,2,111453,256,46062.301,5.202
2763,3,111453,256,46066.516,5.202
2763,4,111453,256,46070.467,5.202
2764,1,111454,256,46074.630,5.944
2764,2,111454,256,46078.712,5.944
2764,3,111454,256,46082.891,5.944
2764,4,111454,256,46087.210,5.944
2765,1,111455,256,46091.234,6.569
2765,2,111455,256,46095.415,6.569
2765,3,111455,256,46099.583,6.569
2765,4,111455,256,46103.768,6.569
2766,1,111456,256,46108.067,6.190
2766,2,111456,256,46112.130,6.190
2766,3,111456,256,46116.278,6.190
2766,4,111456,256,46120.564,6.190
2767,1,111457,256,46124.583,6.363
2767,2,111457,256,46128.710,6.363
2767,3,111457,256,46132.903,6.363
2767,4,111457,256,46137.331,6.363
2768,1,111458,256,46141.215,6.087
2768,2,111458,256,46145.605,6.087
2768,3,111458,256,46149.722,6.087
2768,4,111458,256,46153.737,6.087
2769,1,111459,256,46158.091,5.125
2769,2,111459,256,46162.119,5.125
2769,3,111459,256,46166.255,5.125
2769,4,111459,256,46170.608,5.125
2770,1,111460,256,46174.842,5.109
2770,2,111460,256,46178.881,5.109
2770,3,111460,256,46183.020,5.109
2770,4,111460,256,46187.111,5.109
2771,1,111461,256,46191.378,5.918
2771,2,111461,256,46195.435,5.918
2771,3,111461,256,46199.586,5.918
2771,4,111461,256,46203.697,5.918
2772,1,111462,256,46208.103,5.700
2772,2,111462,256,46212.222,5.700
2772,3,111462,256,46216.206,5.700
2772,4,111462,256,46220.350,5.700
2773,1,111463,256,46225.297,5.163
2773,2,111463,256,46228.790,5.163
2773,3,111463,256,46233.041,5.163
2773,4,111463,256,46236.998,5.163
2774,1,111464,256,46241.353,5.551
2774,2,111464,256,46245.495,5.551
2774,3,111464,256,46249.642,5.551
2774,4,111464,256,46253.766,5.551
2775,1,111465,256,46258.190,5.724
2775,2,111465,256,46262.156,5.724
2775,3,111465,256,46266.278,5.724
2775,4,111465,256,46270.447,5.724
2776,1,111466,256,46274.837,5.614
2776,2,111466,256,46278.878,5.614
2776,3,111466,256,46283.222,5.614
2776,4,111466,256,46287.136,5.614
2777,1,111467,256,46291.551,6.172
2777,2,111467,256,46295.594,6.172
2777,3,111467,256,46299.674,6.172
2777,4,111467,256,46303.872,6.172
2778,1,111468,256,46308.722,5.646
2778,2,111468,256,46312.074,5.646
2778,3,111468,256,46316.205,5.646
2778,4,111468,256,46320.501,5.646
2779,1,111469,256,46324.784,5.694
2779,2,111469,256,46328.713,5.694
2779,3,111469,256,46333.490,5.694
2779,4,111469,256,46337.131,5.694
2780,1,111470,256,46341.378,6.120
2780,2,111470,256,46345.457,6.120
2780,3,111470,256,46349.715,6.120
2780,4,111470,256,46353.845,6.120
2781,1,111471,256,46358.105,5.598
2781,2,111471,256,46362.052,5.598
2781,3,111471,256,46366.202,5.598
2781,4,111471,256,46370.518,5.598
2782,1,111472,256,46374.702,6.158
2782,2,111472,256,46378.715,6.158
2782,3,111472,256,46382.912,6.158
2782,4,111472,256,46387.025,6.158
2783,1,111473,256,46391.432,5.968
2783,2,111473,256,46395.550,5.968
2783,3,111473,256,46399.536,5.968
2783,4,111473,256,46403.707,5.968
2784,1,111474,256,46408.050,5.265
2784,2,111474,256,46412.112,5.265
2784,3,111474,256,46416.187,5.265
2784,4,111474,256,46420.387,5.265
2785,1,111475,256,46424.770,5.177
2785,2,111475,256,46428.976,5.177
2785,3,111475,256,46433.048,5.177
2785,4,111475,256,46437.767,5.177
2786,1,111476,256,46441.455,5.616
2786,2,111476,256,46445.537,5.616
2786,3,111476,256,46449.637,5.616
2786,4,111476,256,46453.713,5.616
2787,1,111477,256,46458.185,5.743
2787,2,111477,256,46462.049,5.743
2787,3,111477,256,46466.211,5.743
2787,4,111477,256,46470.369,5.743
2788,1,111478,256,46474.697,5.852
2788,2,111478,256,46478.664,5.852
2788,3,111478,256,46482.884,5.852
2788,4,111478,256,46487.051,5.852
2789,1,111479,256,46491.437,6.123
2789,2,111479,256,46495.384,6.123
2789,3,111479,256,46499.559,6.123
2789,4,111479,256,46503.671,6.123
2790,1,111480,256,46508.097,5.713
2790,2,111480,256,46512.105,5.713
2790,3,111480,256,46516.199,5.713
2790,4,111480,256,46520.387,5.713
2791,1,111481,256,46524.580,5.171
2791,2,111481,256,46528.725,5.171
2791,3,111481,256,46532.882,5.171
2791,4,111481,256,46536.988,5.171
2792,1,111482,256,46541.398,5.378
2792,2,111482,256,46545.531,5.378
2792,3,111482,256,46549.683,5.378
2792,4,111482,256,46553.747,5.378
2793,1,111483,256,46558.092,5.606
2793,2,111483,256,46562.235,5.606
2793,3,111483,256,46566.226,5.606
2793,4,111483,256,46570.529,5.606
2794,1,111484,256,46574.611,5.422
2794,2,111484,256,46578.661,5.422
2794,3,111484,256,46582.918,5.422
2794,4,111484,256,46587.300,5.422
2795,1,111485,256,46591.438,5.841
2795,2,111485,256,46595.432,5.841
2795,3,111485,256,46599.576,5.841
2795,4,111485,256,46603.753,5.841
2796,1,111486,256,46608.117,5.557
2796,2,111486,256,46612.195,5.557
2796,3,111486,256,46616.284,5.557
2796,4,111486,256,46620.428,5.557
2797,1,111487,256,46624.792,5.240
2797,2,111487,256,46628.759,5.240
2797,3,111487,256,46633.095,5.240
2797,4,111487,256,46637.161,5.240
2798,1,111488,256,46641.428,5.352
2798,2,111488,256,46645.570,5.352
2798,3,111488,256,46649.715,5.352
2798,4,111488,256,46653.729,5.352
2799,1,111489,256,46657.938,5.321
2799,2,111489,256,46662.034,5.321
2799,3,111489,256,46666.217,5.321
2799,4,111489,256,46670.381,5.321
2800,1,111490,256,46674.564,5.801
2800,2,111490,256,46678.949,5.801
2800,3,111490,256,46682.910,5.801
2800,4,111490,256,46687.085,5.801
2801,1,111491,256,46691.432,6.025
2801,2,111491,256,46695.569,6.025
2801,3,111491,256,46699.545,6.025
2801,4,111491,256,46703.704,6.025
2802,1,111492,256,46708.120,5.402
2802,2,111492,256,46712.232,5.402
2802,3,111492,256,46716.312,5.402
2802,4,111492,256,46720.395,5.402
2803,1,111493,256,46724.654,5.328
2803,2,111493,256,46728.666,5.328
2803,3,111493,256,46732.867,5.328
2803,4,111493,256,46737.048,5.328
2804,1,111494,256,46741.320,5.683
2804,2,111494,256,46745.355,5.683
2804,3,111494,256,46749.549,5.683
2804,4,111494,256,46753.721,5.683
2805,1,111495,256,46758.215,5.612
2805,2,111495,256,46762.096,5.612
2805,3,111495,256,46766.357,5.612
2805,4,111495,256,46770.523,5.612
2806,1,111496,256,46774.560,5.890
2806,2,111496,256,46778.710,5.890
2806,3,111496,256,46782.892,5.890
2806,4,111496,256,46787.044,5.890
2807,1,111497,256,46791.339,5.985
2807,2,111497,256,46795.369,5.985
2807,3,111497,256,46799.505,5.985
2807,4,111497,256,46803.799,5.985
2808,1,111498,256,46808.505,6.033
2808,2,111498,256,46812.545,6.033
2808,3,111498,256,46816.180,6.033
2808,4,111498,256,46820.503,6.033
2809,1,111499,256,46824.593,6.240
2809,2,111499,256,46828.675,6.240
2809,3,111499,256,46832.868,6.240
2809,4,111499,256,46837.082,6.240
2810,1,111500,256,46841.346,5.837
2810,2,111500,256,46845.348,5.837
2810,3,111500,256,46849.498,5.837
2810,4,111500,256,46853.715,5.837
2811,1,111501,256,46858.072,6.088
2811,2,111501,256,46862.052,6.088
2811,3,111501,256,46866.208,6.088
2811,4,111501,256,46870.383,6.088
2812,1,111502,256,46874.654,5.936
2812,2,111502,256,46878.686,5.936
2812,3,111502,256,46883.008,5.936
2812,4,111502,256,46887.050,5.936
2813,1,111503,256,46891.393,5.709
2813,2,111503,256,46895.370,5.709
2813,3,111503,256,46899.556,5.709
2813,4,111503,256,46903.746,5.709
2814,1,111504,256,46907.966,6.373
2814,2,111504,256,46912.620,6.373
2814,3,111504,256,46916.192,6.373
2814,4,111504,256,46920.342,6.373
2815,1,111505,256,46924.657,6.162
2815,2,111505,256,46928.706,6.162
2815,3,111505,256,46932.827,6.162
2815,4,111505,256,46937.091,6.162
2816,1,111506,256,46941.314,5.774
2816,2,111506,256,46945.388,5.774
2816,3,111506,256,46949.520,5.774
2816,4,111506,256,46953.726,5.774
2817,1,111507,256,46958.031,5.856
2817,2,111507,256,46962.098,5.856
2817,3,111507,256,46966.253,5.856
2817,4,111507,256,46970.402,5.856
2818,1,111508,256,46974.676,5.753
2818,2,111508,256,46978.822,5.753
2818,3,111508,256,46983.029,5.753
2818,4,111508,256,46987.047,5.753
2819,1,111509,256,46991.433,5.949
2819,2,111509,256,46995.435,5.949
2819,3,111509,256,46999.810,5.949
2819,4,111509,256,47003.873,5.949
2820,1,111510,256,47008.137,5.433
2820,2,111510,256,47012.136,5.433
2820,3,111510,256,47016.215,5.433
2820,4,111510,256,47020.555,5.433
2821,1,111511,256,47024.622,5.433
2821,2,111511,256,47028.799,5.433
2821,3,111511,256,47032.906,5.433
2821,4,111511,256,47037.040,5.433
2822,1,111512,256,47041.423,5.268
2822,2,111512,256,47045.520,5.268
2822,3,111512,256,47049.518,5.268
2822,4,111512,256,47053.714,5.268
2823,1,111513,256,47058.167,5.314
2823,2,111513,256,47062.745,5.314
2823,3,111513,256,47066.408,5.314
2823,4,111513,256,47070.464,5.314
2824,1,111514,256,47074.739,5.707
2824,2,111514,256,47078.777,5.707
2824,3,111514,256,47083.077,5.707
2824,4,111514,256,47087.058,5.707
2825,1,111515,256,47091.340,5.150
2825,2,111515,256,47095.391,5.150
2825,3,111515,256,47099.565,5.150
2825,4,111515,256,47103.693,5.150
2826,1,111516,256,47108.089,5.967
2826,2,111516,256,47112.089,5.967
2826,3,111516,256,47116.189,5.967
2826,4,111516,256,47120.370,5.967
2827,1,111517,256,47124.672,5.177
2827,2,111517,256,47128.683,5.177
2827,3,111517,256,47132.895,5.177
2827,4,111517,256,47137.042,5.177
2828,1,111518,256,47141.350,5.907
2828,2,111518,256,47145.435,5.907
2828,3,111518,256,47149.542,5.907
2828,4,111518,256,47153.689,5.907
2829,1,111519,256,47158.053,5.735
2829,2,111519,256,47162.095,5.735
2829,3,111519,256,47166.196,5.735
2829,4,111519,256,47170.375,5.735
2830,1,111520,256,47174.752,5.425
2830,2,111520,256,47178.727,5.425
2830,3,111520,256,47182.915,5.425
2830,4,111520,256,47187.043,5.425
2831,1,111521,256,47191.424,5.561
2831,2,111521,256,47195.420,5.561
2831,3,111521,256,47199.553,5.561
2831,4,111521,256,47203.710,5.561
2832,1,111522,256,47208.171,5.760
2832,2,111522,256,47212.046,5.760
2832,3,111522,256,47216.184,5.760
2832,4,111522,256,47220.378,5.760
2833,1,111523,256,47224.580,5.896
2833,2,111523,256,47228.674,5.896
2833,3,111523,256,47232.846,5.896
2833,4,111523,256,47237.045,5.896
2834,1,111524,256,47241.306,5.784
2834,2,111524,256,47245.488,5.784
2834,3,111524,256,47249.618,5.784
2834,4,111524,256,47253.992,5.784
2835,1,111525,256,47258.169,6.203
2835,2,111525,256,47262.215,6.203
2835,3,111525,256,47266.411,6.203
2835,4,111525,256,47270.505,6.203
2836,1,111526,256,47275.225,5.825
2836,2,111526,256,47278.882,5.825
2836,3,111526,256,47283.058,5.825
2836,4,111526,256,47287.226,5.825
2837,1,111527,256,47291.457,6.011
2837,2,111527,256,47295.511,6.011
2837,3,111527,256,47299.637,6.011
2837,4,111527,256,47303.857,6.011
2838,1,111528,256,47307.988,6.441
2838,2,111528,256,47312.130,6.441
2838,3,111528,256,47316.378,6.441
2838,4,111528,256,47320.394,6.441
2839,1,111529,256,47324.825,5.630
2839,2,111529,256,47328.766,5.630
2839,3,111529,256,47333.038,5.630
2839,4,111529,256,47337.207,5.630
2840,1,111530,256,47341.455,5.756
2840,2,111530,256,47345.412,5.756
2840,3,111530,256,47349.644,5.756
2840,4,111530,256,47353.732,5.756
2841,1,111531,256,47357.887,5.574
2841,2,111531,256,47362.032,5.574
2841,3,111531,256,47366.220,5.574
2841,4,111531,256,47370.393,5.574
2842,1,111532,256,47374.609,6.027
2842,2,111532,256,47378.815,6.027
2842,3,111532,256,47382.936,6.027
2842,4,111532,256,47387.025,6.027
2843,1,111533,256,47391.289,5.601
2843,2,111533,256,47395.547,5.601
2843,3,111533,256,47399.664,5.601
2843,4,111533,256,47403.683,5.601
2844,1,111534,256,47407.854,5.569
2844,2,111534,256,47412.109,5.569
2844,3,111534,256,47416.241,5.569
2844,4,111534,256,47420.383,5.569
2845,1,111535,256,47424.617,6.181
2845,2,111535,256,47428.752,6.181
2845,3,111535,256,47433.023,6.181
2845,4,111535,256,47437.062,6.181
2846,1,111536,256,47441.466,5.404
2846,2,111536,256,47445.428,5.404
2846,3,111536,256,47449.506,5.404
2846,4,111536,256,47453.696,5.404
2847,1,111537,256,47458.049,5.983
2847,2,111537,256,47462.026,5.983
2847,3,111537,256,47466.204,5.983
2847,4,111537,256,47470.399,5.983
2848,1,111538,256,47474.707,5.957
2848,2,111538,256,47478.745,5.957
2848,3,111538,256,47482.846,5.957
2848,4,111538,256,47487.051,5.957
2849,1,111539,256,47491.288,5.307
2849,2,111539,256,47495.351,5.307
2849,3,111539,256,47499.504,5.307
2849,4,111539,256,47503.871,5.307
2850,1,111540,256,47508.077,5.833
2850,2,111540,256,47512.110,5.833
2850,3,111540,256,47516.202,5.833
2850,4,111540,256,47520.539,5.833
2851,1,111541,256,47524.574,5.303
2851,2,111541,256,47528.673,5.303
2851,3,111541,256,47532.830,5.303
2851,4,111541,256,47537.016,5.303
2852,1,111542,256,47541.390,5.557
2852,2,111542,256,47545.544,5.557
2852,3,111542,256,47549.541,5.557
2852,4,111542,256,47553.728,5.557
2853,1,111543,256,47557.875,5.723
2853,2,111543,256,47562.041,5.723
2853,3,111543,256,47566.418,5.723
2853,4,111543,256,47570.373,5.723
2854,1,111544,256,47574.673,5.938
2854,2,111544,256,47578.717,5.938
2854,3,111544,256,47583.189,5.938
2854,4,111544,256,47587.231,5.938
2855,1,111545,256,47591.558,5.640
2855,2,111545,256,47595.519,5.640
2855,3,111545,256,47599.639,5.640
2855,4,111545,256,47603.810,5.640
2856,1,111546,256,47608.100,6.181
2856,2,111546,256,47612.169,6.181
2856,3,111546,256,47616.304,6.181
2856,4,111546,256,47620.388,6.181
2857,1,111547,256,47624.722,5.474
2857,2,111547,256,47628.730,5.474
2857,3,111547,256,47633.001,5.474
2857,4,111547,256,47637.048,5.474
2858,1,111548,256,47641.474,5.828
2858,2,111548,256,47645.465,5.828
2858,3,111548,256,47649.732,5.828
2858,4,111548,256,47653.710,5.828
2859,1,111549,256,47658.097,5.752
2859,2,111549,256,47662.236,5.752
2859,3,111549,256,47666.361,5.752
2859,4,111549,256,47670.388,5.752
2860,1,111550,256,47674.751,5.517
2860,2,111550,256,47678.728,5.517
2860,3,111550,256,47682.897,5.517
2860,4,111550,256,47687.057,5.517
2861,1,111551,256,47691.371,5.654
2861,2,111551,256,47695.401,5.654
2861,3,111551,256,47699.511,5.654
2861,4,111551,256,47703.757,5.654
2862,1,111552,256,47707.931,5.858
2862,2,111552,256,47712.105,5.858
2862,3,111552,256,47716.210,5.858
2862,4,111552,256,47720.401,5.858
2863,1,111553,256,47724.536,5.544
2863,2,111553,256,47728.685,5.544
2863,3,111553,256,47732.840,5.544
2863,4,111553,256,47737.057,5.544
2864,1,111554,256,47741.271,5.956
2864,2,111554,256,47745.349,5.956
2864,3,111554,256,47749.515,5.956
2864,4,111554,256,47753.665,5.956
2865,1,111555,256,47758.092,5.581
2865,2,111555,256,47762.089,5.581
2865,3,111555,256,47766.236,5.581
2865,4,111555,256,47770.417,5.581
2866,1,111556,256,47774.562,5.682
2866,2,111556,256,47778.694,5.682
2866,3,111556,256,47782.878,5.682
2866,4,111556,256,47787.057,5.682
2867,1,111557,256,47791.220,5.599
2867,2,111557,256,47795.348,5.599
2867,3,111557,256,47799.628,5.599
2867,4,111557,256,47803.670,5.599
2868,1,111558,256,47807.939,5.643
2868,2,111558,256,47812.257,5.643
2868,3,111558,256,47816.202,5.643
2868,4,111558,256,47820.370,5.643
2869,1,111559,256,47824.543,5.596
2869,2,111559,256,47828.717,5.596
2869,3,111559,256,47832.850,5.596
2869,4,111559,256,47837.031,5.596
2870,1,111560,256,47841.260,5.608
2870,2,111560,256,47845.397,5.608
2870,3,111560,256,47849.546,5.608
2870,4,111560,256,47853.694,5.608
2871,1,111561,256,47857.880,5.671
2871,2,111561,256,47862.015,5.671
2871,3,111561,256,47866.215,5.671
2871,4,111561,256,47870.344,5.671
2872,1,111562,256,47874.702,6.029
2872,2,111562,256,47878.749,6.029
2872,3,111562,256,47882.881,6.029
2872,4,111562,256,47887.143,6.029
2873,1,111563,256,47891.223,5.644
2873,2,111563,256,47895.363,5.644
2873,3,111563,256,47899.552,5.644
2873,4,111563,256,47903.697,5.644
2874,1,111564,256,47907.859,5.997
2874,2,111564,256,47912.023,5.997
2874,3,111564,256,47916.169,5.997
2874,4,111564,256,47920.552,5.997
2875,1,111565,256,47924.571,5.701
2875,2,111565,256,47928.750,5.701
2875,3,111565,256,47932.874,5.701
2875,4,111565,256,47937.205,5.701
2876,1,111566,256,47941.304,5.561
2876,2,111566,256,47945.357,5.561
2876,3,111566,256,47949.534,5.561
2876,4,111566,256,47953.745,5.561
2877,1,111567,256,47957.860,5.620
2877,2,111567,256,47962.253,5.620
2877,3,111567,256,47966.363,5.620
2877,4,111567,256,47970.353,5.620
2878,1,111568,256,47974.580,5.994
2878,2,111568,256,47978.726,5.994
2878,3,111568,256,47982.937,5.994
2878,4,111568,256,47987.057,5.994
2879,1,111569,256,47991.293,5.261
2879,2,111569,256,47995.411,5.261
2879,3,111569,256,47999.617,5.261
2879,4,111569,256,48003.757,5.261
2880,1,111570,256,48007.882,5.839
2880,2,111570,256,48012.082,5.839
2880,3,111570,256,48016.294,5.839
2880,4,111570,256,48020.388,5.839
2881,1,111571,256,48024.570,5.873
2881,2,111571,256,48028.772,5.873
2881,3,111571,256,48032.926,5.873
2881,4,111571,256,48037.096,5.873
2882,1,111572,256,48041.249,5.359
2882,2,111572,256,48045.989,5.359
2882,3,111572,256,48049.647,5.359
2882,4,111572,256,48053.683,5.359
2883,1,111573,256,48057.974,5.762
2883,2,111573,256,48062.326,5.762
2883,3,111573,256,48066.465,5.762
2883,4,111573,256,48070.631,5.762
2884,1,111574,256,48074.599,5.601
2884,2,111574,256,48078.734,5.601
2884,3,111574,256,48082.972,5.601
2884,4,111574,256,48087.117,5.601
2885,1,111575,256,48091.261,5.872
2885,2,111575,256,48095.613,5.872
2885,3,111575,256,48099.715,5.872
2885,4,111575,256,48103.901,5.872
2886,1,111576,256,48108.012,5.809
2886,2,111576,256,48112.150,5.809
2886,3,111576,256,48116.253,5.809
2886,4,111576,256,48120.437,5.809
2887,1,111577,256,48124.583,5.699
2887,2,111577,256,48128.690,5.699
2887,3,111577,256,48132.838,5.699
2887,4,111577,256,48137.252,5.699
2888,1,111578,256,48141.259,5.793
2888,2,111578,256,48145.546,5.793
2888,3,111578,256,48149.584,5.793
2888,4,111578,256,48153.672,5.793
2889,1,111579,256,48157.932,5.605
2889,2,111579,256,48162.108,5.605
2889,3,111579,256,48166.320,5.605
2889,4,111579,256,48170.396,5.605
2890,1,111580,256,48174.586,5.482
2890,2,111580,256,48178.777,5.482
2890,3,111580,256,48182.875,5.482
2890,4,111580,256,48187.130,5.482
2891,1,111581,256,48191.337,5.578
2891,2,111581,256,48195.518,5.578
2891,3,111581,256,48199.541,5.578
2891,4,111581,256,48203.692,5.578
2892,1,111582,256,48207.929,5.571
2892,2,111582,256,48212.117,5.571
2892,3,111582,256,48216.257,5.571
2892,4,111582,256,48220.425,5.571
2893,1,111583,256,48224.542,5.231
2893,2,111583,256,48228.700,5.231
2893,3,111583,256,48233.032,5.231
2893,4,111583,256,48237.028,5.231
2894,1,111584,256,48241.276,5.569
2894,2,111584,256,48245.392,5.569
2894,3,111584,256,48249.660,5.569
2894,4,111584,256,48253.753,5.569
2895,1,111585,256,48258.050,5.295
2895,2,111585,256,48262.109,5.295
2895,3,111585,256,48266.274,5.295
2895,4,111585,256,48270.562,5.295
2896,1,111586,256,48274.649,5.279
2896,2,111586,256,48278.894,5.279
2896,3,111586,256,48283.139,5.279
2896,4,111586,256,48287.115,5.279
2897,1,111587,256,48291.265,5.233
2897,2,111587,256,48295.482,5.233
2897,3,111587,256,48299.794,5.233
2897,4,111587,256,48303.762,5.233
2898,1,111588,256,48308.108,5.836
2898,2,111588,256,48312.320,5.836
2898,3,111588,256,48316.602,5.836
2898,4,111588,256,48320.534,5.836
2899,1,111589,256,48324.757,5.885
2899,2,111589,256,48328.794,5.885
2899,3,111589,256,48332.950,5.885
2899,4,111589,256,48337.201,5.885
2900,1,111590,256,48341.264,5.627
2900,2,111590,256,48345.379,5.627
2900,3,111590,256,48349.533,5.627
2900,4,111590,256,48353.683,5.627
2901,1,111591,256,48358.639,6.227
2901,2,111591,256,48362.131,6.227
2901,3,111591,256,48366.240,6.227
2901,4,111591,256,48370.438,6.227
2902,1,111592,256,48374.769,5.750
2902,2,111592,256,48378.829,5.750
2902,3,111592,256,48383.047,5.750
2902,4,111592,256,48387.010,5.750
2903,1,111593,256,48391.336,5.688
2903,2,111593,256,48395.369,5.688
2903,3,111593,256,48399.663,5.688
2903,4,111593,256,48403.701,5.688
2904,1,111594,256,48407.904,5.354
2904,2,111594,256,48412.234,5.354
2904,3,111594,256,48416.237,5.354
2904,4,111594,256,48420.521,5.354
2905,1,111595,256,48424.675,5.612
2905,2,111595,256,48428.848,5.612
2905,3,111595,256,48433.011,5.612
2905,4,111595,256,48437.187,5.612
2906,1,111596,256,48441.312,5.757
2906,2,111596,256,48445.495,5.757
2906,3,111596,256,48449.783,5.757
2906,4,111596,256,48453.835,5.757
2907,1,111597,256,48458.031,5.783
2907,2,111597,256,48462.152,5.783
2907,3,111597,256,48466.493,5.783
2907,4,111597,256,48470.709,5.783
2908,1,111598,256,48474.962,5.769
2908,2,111598,256,48479.473,5.769
2908,3,111598,256,48483.247,5.769
2908,4,111598,256,48487.528,5.769
2909,1,111599,256,48491.687,6.105
2909,2,111599,256,48495.743,6.105
2909,3,111599,256,48499.862,6.105
2909,4,111599,256,48504.078,6.105
2910,1,111600,256,48508.299,5.573
2910,2,111600,256,48512.382,5.573
2910,3,111600,256,48516.501,5.573
2910,4,111600,256,48520.591,5.573
2911,1,111601,256,48525.176,5.745
2911,2,111601,256,48529.299,5.745
2911,3,111601,256,48533.306,5.745
2911,4,111601,256,48537.450,5.745
2912,1,111602,256,48541.625,5.786
2912,2,111602,256,48545.701,5.786
2912,3,111602,256,48549.907,5.786
2912,4,111602,256,48554.072,5.786
2913,1,111603,256,48558.064,6.275
2913,2,111603,256,48562.206,6.275
2913,3,111603,256,48566.358,6.275
2913,4,111603,256,48570.658,6.275
2914,1,111604,256,48574.701,5.855
2914,2,111604,256,48579.015,5.855
2914,3,111604,256,48583.156,5.855
2914,4,111604,256,48587.179,5.855
2915,1,111605,256,48591.479,6.052
2915,2,111605,256,48595.452,6.052
2915,3,111605,256,48599.639,6.052
2915,4,111605,256,48603.929,6.052
2916,1,111606,256,48608.055,6.037
2916,2,111606,256,48612.290,6.037
2916,3,111606,256,48616.456,6.037
2916,4,111606,256,48620.597,6.037
2917,1,111607,256,48624.628,5.613
2917,2,111607,256,48628.775,5.613
2917,3,111607,256,48632.930,5.613
2917,4,111607,256,48637.411,5.613
2918,1,111608,256,48641.291,6.021
2918,2,111608,256,48645.458,6.021
2918,3,111608,256,48649.586,6.021
2918,4,111608,256,48653.925,6.021
2919,1,111609,256,48658.092,5.614
2919,2,111609,256,48662.038,5.614
2919,3,111609,256,48666.222,5.614
2919,4,111609,256,48670.429,5.614
2920,1,111610,256,48674.700,5.272
2920,2,111610,256,48678.686,5.272
2920,3,111610,256,48682.881,5.272
2920,4,111610,256,48687.025,5.272
2921,1,111611,256,48691.451,5.215
2921,2,111611,256,48695.409,5.215
2921,3,111611,256,48699.577,5.215
2921,4,111611,256,48703.720,5.215
2922,1,111612,256,48708.033,5.184
2922,2,111612,256,48712.046,5.184
2922,3,111612,256,48716.278,5.184
2922,4,111612,256,48720.354,5.184
2923,1,111613,256,48724.735,5.507
2923,2,111613,256,48728.745,5.507
2923,3,111613,256,48733.051,5.507
2923,4,111613,256,48737.265,5.507
2924,1,111614,256,48741.420,5.138
2924,2,111614,256,48745.404,5.138
2924,3,111614,256,48749.529,5.138
2924,4,111614,256,48753.716,5.138
2925,1,111615,256,48758.114,5.288
2925,2,111615,256,48762.125,5.288
2925,3,111615,256,48766.242,5.288
2925,4,111615,256,48770.533,5.288
2926,1,111616,256,48774.570,5.141
2926,2,111616,256,48778.760,5.141
2926,3,111616,256,48782.947,5.141
2926,4,111616,256,48787.037,5.141
2927,1,111617,256,48791.406,5.513
2927,2,111617,256,48795.368,5.513
2927,3,111617,256,48799.551,5.513
2927,4,111617,256,48803.705,5.513
2928,1,111618,256,48807.857,5.565
2928,2,111618,256,48812.203,5.565
2928,3,111618,256,48816.189,5.565
2928,4,111618,256,48820.406,5.565
2929,1,111619,256,48824.630,5.669
2929,2,111619,256,48828.677,5.669
2929,3,111619,256,48832.880,5.669
2929,4,111619,256,48837.228,5.669
2930,1,111620,256,48841.533,5.674
2930,2,111620,256,48845.382,5.674
2930,3,111620,256,48849.662,5.674
2930,4,111620,256,48853.704,5.674
2931,1,111621,256,48858.102,5.248
2931,2,111621,256,48862.014,5.248
2931,3,111621,256,48866.217,5.248
2931,4,111621,256,48870.347,5.248
2932,1,111622,256,48874.711,5.835
2932,2,111622,256,48878.693,5.835
2932,3,111622,256,48882.860,5.835
2932,4,111622,256,48887.012,5.835
2933,1,111623,256,48891.268,5.647
2933,2,111623,256,48895.412,5.647
2933,3,111623,256,48899.673,5.647
2933,4,111623,256,48903.798,5.647
2934,1,111624,256,48908.093,5.236
2934,2,111624,256,48912.204,5.236
2934,3,111624,256,48916.270,5.236
2934,4,111624,256,48920.413,5.236
2935,1,111625,256,48924.748,5.721
2935,2,111625,256,48928.737,5.721
2935,3,111625,256,48932.860,5.721
2935,4,111625,256,48937.218,5.721
2936,1,111626,256,48941.463,5.637
2936,2,111626,256,48945.379,5.637
2936,3,111626,256,48949.534,5.637
2936,4,111626,256,48953.725,5.637
2937,1,111627,256,48958.036,5.474
2937,2,111627,256,48962.035,5.474
2937,3,111627,256,48966.355,5.474
2937,4,111627,256,48970.397,5.474
2938,1,111628,256,48974.761,5.910
2938,2,111628,256,48978.687,5.910
2938,3,111628,256,48982.876,5.910
2938,4,111628,256,48987.026,5.910
2939,1,111629,256,48991.417,5.728
2939,2,111629,256,48995.539,5.728
2939,3,111629,256,48999.582,5.728
2939,4,111629,256,49003.709,5.728
2940,1,111630,256,49008.050,5.168
2940,2,111630,256,49012.046,5.168
2940,3,111630,256,49016.193,5.168
2940,4,111630,256,49020.495,5.168
2941,1,111631,256,49024.595,5.555
2941,2,111631,256,49028.774,5.555
2941,3,111631,256,49032.916,5.555
2941,4,111631,256,49037.029,5.555
2942,1,111632,256,49041.358,5.256
2942,2,111632,256,49045.412,5.256
2942,3,111632,256,49049.556,5.256
2942,4,111632,256,49053.708,5.256
2943,1,111633,256,49058.353,5.560
2943,2,111633,256,49062.364,5.560
2943,3,111633,256,49066.401,5.560
2943,4,111633,256,49070.529,5.560
2944,1,111634,256,49074.932,5.938
2944,2,111634,256,49078.796,5.938
2944,3,111634,256,49083.130,5.938
2944,4,111634,256,49087.101,5.938
2945,1,111635,256,49091.514,5.828
2945,2,111635,256,49095.439,5.828
2945,3,111635,256,49099.627,5.828
2945,4,111635,256,49103.882,5.828
2946,1,111636,256,49108.104,6.208
2946,2,111636,256,49112.139,6.208
2946,3,111636,256,49116.412,6.208
2946,4,111636,256,49120.435,6.208
2947,1,111637,256,49124.735,6.109
2947,2,111637,256,49128.752,6.109
2947,3,111637,256,49133.001,6.109
2947,4,111637,256,49137.299,6.109
2948,1,111638,256,49141.319,5.444
2948,2,111638,256,49145.405,5.444
2948,3,111638,256,49149.539,5.444
2948,4,111638,256,49153.812,5.444
2949,1,111639,256,49158.042,5.460
2949,2,111639,256,49162.232,5.460
2949,3,111639,256,49166.346,5.460
2949,4,111639,256,49170.361,5.460
2950,1,111640,256,49174.740,5.554
2950,2,111640,256,49178.737,5.554
2950,3,111640,256,49182.966,5.554
2950,4,111640,256,49187.030,5.554
2951,1,111641,256,49191.448,5.206
2951,2,111641,256,49195.468,5.206
2951,3,111641,256,49199.718,5.206
2951,4,111641,256,49203.692,5.206
2952,1,111642,256,49208.072,5.353
2952,2,111642,256,49212.109,5.353
2952,3,111642,256,49216.195,5.353
2952,4,111642,256,49220.402,5.353
2953,1,111643,256,49224.642,5.367
2953,2,111643,256,49228.680,5.367
2953,3,111643,256,49232.852,5.367
2953,4,111643,256,49237.024,5.367
2954,1,111644,256,49241.422,5.609
2954,2,111644,256,49245.454,5.609
2954,3,111644,256,49249.533,5.609
2954,4,111644,256,49253.728,5.609
2955,1,111645,256,49258.032,5.247
2955,2,111645,256,49262.561,5.247
2955,3,111645,256,49267.154,5.247
2955,4,111645,256,49271.012,5.247
2956,1,111646,256,49275.407,5.566
2956,2,111646,256,49279.243,5.566
2956,3,111646,256,49283.419,5.566
2956,4,111646,256,49287.575,5.566
2957,1,111647,256,49291.774,5.903
2957,2,111647,256,49295.730,5.903
2957,3,111647,256,49299.983,5.903
2957,4,111647,256,49304.119,5.903
2958,1,111648,256,49308.173,5.618
2958,2,111648,256,49312.436,5.618
2958,3,111648,256,49316.436,5.618
2958,4,111648,256,49320.533,5.618
2959,1,111649,256,49324.975,6.028
2959,2,111649,256,49328.844,6.028
2959,3,111649,256,49333.397,6.028
2959,4,111649,256,49337.153,6.028
2960,1,111650,256,49341.428,5.639
2960,2,111650,256,49345.616,5.639
2960,3,111650,256,49349.630,5.639
2960,4,111650,256,49353.727,5.639
2961,1,111651,256,49358.086,5.836
2961,2,111651,256,49362.198,5.836
2961,3,111651,256,49366.369,5.836
2961,4,111651,256,49370.601,5.836
2962,1,111652,256,49374.766,5.348
2962,2,111652,256,49378.699,5.348
2962,3,111652,256,49382.908,5.348
2962,4,111652,256,49387.042,5.348
2963,1,111653,256,49391.430,5.836
2963,2,111653,256,49395.525,5.836
2963,3,111653,256,49399.571,5.836
2963,4,111653,256,49403.729,5.836
2964,1,111654,256,49408.033,5.328
2964,2,111654,256,49412.046,5.328
2964,3,111654,256,49416.372,5.328
2964,4,111654,256,49420.603,5.328
2965,1,111655,256,49424.755,5.556
2965,2,111655,256,49428.811,5.556
2965,3,111655,256,49433.103,5.556
2965,4,111655,256,49437.080,5.556
2966,1,111656,256,49441.394,5.253
2966,2,111656,256,49445.387,5.253
2966,3,111656,256,49449.550,5.253
2966,4,111656,256,49453.725,5.253
2967,1,111657,256,49458.087,5.595
2967,2,111657,256,49462.133,5.595
2967,3,111657,256,49466.250,5.595
2967,4,111657,256,49470.385,5.595
2968,1,111658,256,49474.692,5.232
2968,2,111658,256,49478.722,5.232
2968,3,111658,256,49482.865,5.232
2968,4,111658,256,49487.010,5.232
2969,1,111659,256,49491.473,5.541
2969,2,111659,256,49495.567,5.541
2969,3,111659,256,49499.559,5.541
2969,4,111659,256,49503.681,5.541
2970,1,111660,256,49508.046,5.481
2970,2,111660,256,49512.179,5.481
2970,3,111660,256,49516.237,5.481
2970,4,111660,256,49520.375,5.481
2971,1,111661,256,49524.563,5.218
2971,2,111661,256,49528.719,5.218
2971,3,111661,256,49533.065,5.218
2971,4,111661,256,49537.241,5.218
2972,1,111662,256,49541.709,5.644
2972,2,111662,256,49545.599,5.644
2972,3,111662,256,49549.726,5.644
2972,4,111662,256,49553.942,5.644
2973,1,111663,256,49558.211,5.775
2973,2,111663,256,49562.329,5.775
2973,3,111663,256,49566.300,5.775
2973,4,111663,256,49570.630,5.775
2974,1,111664,256,49574.746,6.035
2974,2,111664,256,49578.682,6.035
2974,3,111664,256,49583.099,6.035
2974,4,111664,256,49587.133,6.035
2975,1,111665,256,49591.585,5.875
2975,2,111665,256,49595.622,5.875
2975,3,111665,256,49599.593,5.875
2975,4,111665,256,49603.924,5.875
2976,1,111666,256,49608.075,5.984
2976,2,111666,256,49612.121,5.984
2976,3,111666,256,49616.234,5.984
2976,4,111666,256,49620.558,5.984
2977,1,111667,256,49624.776,5.682
2977,2,111667,256,49628.798,5.682
2977,3,111667,256,49633.062,5.682
2977,4,111667,256,49637.064,5.682
2978,1,111668,256,49641.448,5.809
2978,2,111668,256,49645.554,5.809
2978,3,111668,256,49649.611,5.809
2978,4,111668,256,49653.743,5.809
2979,1,111669,256,49658.053,5.616
2979,2,111669,256,49662.037,5.616
2979,3,111669,256,49666.252,5.616
2979,4,111669,256,49670.365,5.616
2980,1,111670,256,49674.772,5.706
2980,2,111670,256,49678.724,5.706
2980,3,111670,256,49682.975,5.706
2980,4,111670,256,49687.048,5.706
2981,1,111671,256,49691.431,5.468
2981,2,111671,256,49695.425,5.468
2981,3,111671,256,49699.633,5.468
2981,4,111671,256,49703.699,5.468
2982,1,111672,256,49708.086,5.259
2982,2,111672,256,49712.135,5.259
2982,3,111672,256,49716.215,5.259
2982,4,111672,256,49720.418,5.259
2983,1,111673,256,49724.717,5.539
2983,2,111673,256,49728.693,5.539
2983,3,111673,256,49733.057,5.539
2983,4,111673,256,49737.018,5.539
2984,1,111674,256,49741.373,5.918
2984,2,111674,256,49745.544,5.918
2984,3,111674,256,49749.541,5.918
2984,4,111674,256,49753.720,5.918
2985,1,111675,256,49758.070,5.508
2985,2,111675,256,49762.108,5.508
2985,3,111675,256,49766.494,5.508
2985,4,111675,256,49770.724,5.508
2986,1,111676,256,49774.999,5.862
2986,2,111676,256,49778.866,5.862
2986,3,111676,256,49783.694,5.862
2986,4,111676,256,49787.506,5.862
2987,1,111677,256,49791.945,6.191
2987,2,111677,256,49795.924,6.191
2987,3,111677,256,49800.098,6.191
2987,4,111677,256,49804.285,6.191
2988,1,111678,256,49808.487,5.764
2988,2,111678,256,49812.517,5.764
2988,3,111678,256,49816.520,5.764
2988,4,111678,256,49820.753,5.764
2989,1,111679,256,49825.384,5.819
2989,2,111679,256,49829.179,5.819
2989,3,111679,256,49833.485,5.819
2989,4,111679,256,49837.517,5.819
2990,1,111680,256,49841.715,6.156
2990,2,111680,256,49845.799,6.156
2990,3,111680,256,49849.950,6.156
2990,4,111680,256,49854.301,6.156
2991,1,111681,256,49858.383,6.151
2991,2,111681,256,49862.335,6.151
2991,3,111681,256,49866.460,6.151
2991,4,111681,256,49870.784,6.151
2992,1,111682,256,49875.010,6.317
2992,2,111682,256,49879.243,6.317
2992,3,111682,256,49883.411,6.317
2992,4,111682,256,49887.449,6.317
2993,1,111683,256,49891.651,6.781
2993,2,111683,256,49895.699,6.781
2993,3,111683,256,49899.923,6.781
2993,4,111683,256,49903.933,6.781
2994,1,111684,256,49908.295,5.811
2994,2,111684,256,49912.236,5.811
2994,3,111684,256,49916.475,5.811
2994,4,111684,256,49920.963,5.811
2995,1,111685,256,49924.892,5.755
2995,2,111685,256,49928.931,5.755
2995,3,111685,256,49933.156,5.755
2995,4,111685,256,49937.164,5.755
2996,1,111686,256,49941.495,5.806
2996,2,111686,256,49945.578,5.806
2996,3,111686,256,49949.795,5.806
2996,4,111686,256,49953.982,5.806
2997,1,111687,256,49958.124,5.764
2997,2,111687,256,49962.268,5.764
2997,3,111687,256,49966.324,5.764
2997,4,111687,256,49970.598,5.764
2998,1,111688,256,49975.140,6.208
2998,2,111688,256,49978.839,6.208
2998,3,111688,256,49983.145,6.208
2998,4,111688,256,49987.238,6.208
2999,1,111689,256,49991.422,5.687
2999,2,111689,256,49995.436,5.687
2999,3,111689,256,49999.622,5.687
2999,4,111689,256,50003.762,5.687
3000,1,111690,256,50008.103,6.054
3000,2,111690,256,50012.228,6.054
3000,3,111690,256,50016.287,6.054
3000,4,111690,256,50020.420,6.054
3001,1,111691,256,50024.643,5.486
3001,2,111691,256,50028.724,5.486
3001,3,111691,256,50033.023,5.486
3001,4,111691,256,50037.062,5.486
3002,1,111692,256,50041.392,5.609
3002,2,111692,256,50045.380,5.609
3002,3,111692,256,50049.550,5.609
3002,4,111692,256,50053.726,5.609
3003,1,111693,256,50058.440,5.616
3003,2,111693,256,50062.207,5.616
3003,3,111693,256,50066.309,5.616
3003,4,111693,256,50070.471,5.616
3004,1,111694,256,50074.777,5.492
3004,2,111694,256,50078.828,5.492
3004,3,111694,256,50083.050,5.492
3004,4,111694,256,50087.100,5.492
3005,1,111695,256,50091.424,5.481
3005,2,111695,256,50095.465,5.481
3005,3,111695,256,50099.786,5.481
3005,4,111695,256,50103.761,5.481
3006,1,111696,256,50108.118,5.776
3006,2,111696,256,50112.168,5.776
3006,3,111696,256,50116.253,5.776
3006,4,111696,256,50120.423,5.776
3007,1,111697,256,50124.726,6.015
3007,2,111697,256,50128.787,6.015
3007,3,111697,256,50133.090,6.015
3007,4,111697,256,50137.052,6.015
3008,1,111698,256,50141.412,5.907
3008,2,111698,256,50145.562,5.907
3008,3,111698,256,50149.590,5.907
3008,4,111698,256,50153.742,5.907
3009,1,111699,256,50158.039,5.627
3009,2,111699,256,50162.067,5.627
3009,3,111699,256,50166.245,5.627
3009,4,111699,256,50170.385,5.627
3010,1,111700,256,50174.732,5.840
3010,2,111700,256,50178.826,5.840
3010,3,111700,256,50182.896,5.840
3010,4,111700,256,50187.069,5.840
3011,1,111701,256,50191.367,5.227
3011,2,111701,256,50195.399,5.227
3011,3,111701,256,50199.574,5.227
3011,4,111701,256,50203.701,5.227
3012,1,111702,256,50208.051,5.603
3012,2,111702,256,50212.430,5.603
3012,3,111702,256,50216.441,5.603
3012,4,111702,256,50220.451,5.603
3013,1,111703,256,50224.766,5.571
3013,2,111703,256,50228.848,5.571
3013,3,111703,256,50233.053,5.571
3013,4,111703,256,50237.079,5.571
3014,1,111704,256,50241.464,5.399
3014,2,111704,256,50245.435,5.399
3014,3,111704,256,50249.548,5.399
3014,4,111704,256,50253.673,5.399
3015,1,111705,256,50258.113,5.334
3015,2,111705,256,50262.102,5.334
3015,3,111705,256,50266.209,5.334
3015,4,111705,256,50270.391,5.334
3016,1,111706,256,50275.544,5.532
3016,2,111706,256,50279.526,5.532
3016,3,111706,256,50283.679,5.532
3016,4,111706,256,50287.592,5.532
3017,1,111707,256,50291.792,6.017
3017,2,111707,256,50295.813,6.017
3017,3,111707,256,50299.957,6.017
3017,4,111707,256,50304.275,6.017
3018,1,111708,256,50308.251,5.859
3018,2,111708,256,50312.563,5.859
3018,3,111708,256,50316.662,5.859
3018,4,111708,256,50320.776,5.859
3019,1,111709,256,50324.998,5.621
3019,2,111709,256,50328.857,5.621
3019,3,111709,256,50333.146,5.621
3019,4,111709,256,50337.344,5.621
3020,1,111710,256,50341.576,5.899
3020,2,111710,256,50345.667,5.899
